DLiP-ID,C00033
DLiP-Mol-ID,30212
Vendor-ID,
Standard Inchi(RDKit),"InChI=1S/C20H20O7/c1-22-12-9-15(25-4)17-16(10-12)27-19(20(26-5)18(17)21)11-6-7-13(23-2)14(8-11)24-3/h6-10H,1-5H3"
Standard Inchi Key(RDKit),ALGDHWVALRSLBT-UHFFFAOYSA-N
Canonical SMILES(RDKit),COc1cc(OC)c2c(=O)c(OC)c(-c3ccc(OC)c(OC)c3)oc2c1
SMILES(SDF),
MW(SDF),
MW(RDKit),372.373
MW Monoisotopic(RDKit),372.12090298
MolLogP(RDKit),3.503
XLogP(SDF),
XLogP(CDK),4.193
ALogP(SDF),
Num H Acceptors(SDF),
nHAcceptors(SDF),
HBA(RDKit),7
HBA Lipinski(RDKit),7
Num H Donors(SDF),
nHDonors(SDF),
HBD(RDKit),0
HBD Lipinski(RDKit),0
PSA(SDF),
PSA(RDKit),76.36
RO3 Pass,
Num RO5 Violations,0
Num Lipinski RO5 Violations,0
nBonds(SDF),
nRigidBonds(SDF),
nRotatableBonds(SDF),
nRotatableBonds(RDKit),6
nRings(SDF),
nRings(RDKit),3
Aromatic Rings(RDKit),3
nAtoms(SDF),
Heavy Atoms(RDKit),27
QED Weighted(RDKit),0.655288833027249
Molecular Formula(SDF),
PPI Type(SDF),
PDB ID(SDF),
Receptor Chain(SDF),
Protein Name Receptor(SDF),
Peptide Chain(SDF),
Protein Name Peptide(SDF),
ELM ID(SDF),
Motif Sequence(SDF),
Physical Form Apperance(SDF),
Quantity of Sample mg(SDF),
Box Num(SDF),
Box Position(SDF),
fCsp3(SDF),
nCarbons(SDF),
nHetAtoms(SDF),
nHalide(SDF),
Year(SDF),
No(SDF),
Target Pref Name,Menin/Histone-lysine N-methyltransferase MLL
Common Target Pref Name,MENIN/MLL
RDKit Descriptors
Ipc,1326667.1845095824
qed,0.655288833027249
Chi0,19.55167728494828
Chi1,13.069941865413645
TPSA,76.36000000000001
Chi0n,15.744489379195173
Chi0v,15.744489379195173
Chi1n,8.066969024266605
Chi1v,8.066969024266605
Chi2n,5.566115078465156
Chi2v,5.566115078465156
Chi3n,4.196512733490468
Chi3v,4.196512733490468
Chi4n,2.8747956245927773
Chi4v,2.8747956245927773
MolMR,100.68000000000004
MolWt,372.37300000000016
fr_SH,0
Kappa1,18.441354604835674
Kappa2,7.489521065803188
Kappa3,3.1187314584074994
fr_ArN,0
fr_COO,0
fr_C_O,0
fr_C_S,0
fr_NH0,0
fr_NH1,0
fr_NH2,0
fr_N_O,0
fr_azo,0
BertzCT,1036.6601656943606
MolLogP,3.503000000000002
NOCount,7
fr_Ar_N,0
fr_COO2,0
fr_urea,0
BalabanJ,2.3485469534456684
SMR_VSA1,28.10146570605359
SMR_VSA2,0.0
SMR_VSA3,0.0
SMR_VSA4,0.0
SMR_VSA5,0.0
SMR_VSA6,35.54898770638766
SMR_VSA7,40.55516291828041
SMR_VSA8,0.0
SMR_VSA9,40.071258076990965
fr_Al_OH,0
fr_Ar_NH,0
fr_Ar_OH,0
fr_HOCCN,0
fr_Imine,0
fr_amide,0
fr_azide,0
fr_diazo,0
fr_ester,0
fr_ether,5
fr_furan,0
fr_imide,0
fr_nitro,0
fr_oxime,0
fr_quatN,0
LabuteASA,155.52893750086645
NHOHCount,0
PEOE_VSA1,28.10146570605359
PEOE_VSA2,4.794537184071822
PEOE_VSA3,0.0
PEOE_VSA4,0.0
PEOE_VSA5,0.0
PEOE_VSA6,0.0
PEOE_VSA7,18.19910120538483
PEOE_VSA8,17.696185628620217
PEOE_VSA9,35.54898770638766
RingCount,3
SMR_VSA10,10.969244356107037
fr_Al_COO,0
fr_Ar_COO,0
fr_ketone,0
fr_lactam,0
fr_phenol,0
ExactMolWt,372.12090298
NumHDonors,0
PEOE_VSA10,22.46826802267485
PEOE_VSA11,17.25927108544225
PEOE_VSA12,11.178302225184446
PEOE_VSA13,0.0
PEOE_VSA14,0.0
SlogP_VSA1,29.113105160900787
SlogP_VSA2,35.54898770638766
SlogP_VSA3,0.0
SlogP_VSA4,0.0
SlogP_VSA5,0.0
SlogP_VSA6,39.54352346343322
SlogP_VSA7,0.0
SlogP_VSA8,22.292943266678478
SlogP_VSA9,0.0
fr_amidine,0
fr_aniline,0
fr_benzene,2
fr_epoxide,0
fr_guanido,0
fr_halogen,0
fr_hdrzine,0
fr_hdrzone,0
fr_isocyan,0
fr_lactone,0
fr_methoxy,5
fr_nitrile,0
fr_nitroso,0
fr_oxazole,0
fr_sulfide,0
fr_sulfone,0
EState_VSA1,0.0
EState_VSA2,22.324773858523685
EState_VSA3,34.144518966474855
EState_VSA4,0.0
EState_VSA5,28.439190165110134
EState_VSA6,37.441632883585584
EState_VSA7,0.0
EState_VSA8,0.0
EState_VSA9,28.10146570605359
SlogP_VSA10,0.0
SlogP_VSA11,28.747559166419524
SlogP_VSA12,0.0
VSA_EState1,0.0
VSA_EState2,0.0
VSA_EState3,0.0
VSA_EState4,0.0
VSA_EState5,0.0
VSA_EState6,0.0
VSA_EState7,0.0
VSA_EState8,6.027336781934996
VSA_EState9,58.63932988473168
fr_aldehyde,0
fr_barbitur,0
fr_bicyclic,1
fr_priamide,0
fr_pyridine,0
fr_thiazole,0
fr_thiocyan,0
EState_VSA10,4.794537184071822
EState_VSA11,0.0
FractionCSP3,0.25
VSA_EState10,0.0
fr_C_O_noCOO,0
fr_Nhpyrrole,0
fr_imidazole,0
fr_phos_acid,0
fr_piperdine,0
fr_piperzine,0
fr_sulfonamd,0
fr_tetrazole,0
fr_thiophene,0
HallKierAlpha,-3.3499999999999996
NumHAcceptors,7
fr_morpholine,0
fr_nitro_arom,0
fr_phos_ester,0
HeavyAtomCount,27
HeavyAtomMolWt,352.21300000000014
MaxEStateIndex,13.048813696775007
MinEStateIndex,-0.3444093023011672
NumHeteroatoms,7
fr_aryl_methyl,0
fr_isothiocyan,0
fr_Al_OH_noTert,0
fr_alkyl_halide,0
fr_allylic_oxid,0
fr_prisulfonamd,0
FpDensityMorgan1,0.7407407407407407
FpDensityMorgan2,1.4444444444444444
FpDensityMorgan3,2.037037037037037
MaxPartialCharge,0.23850830199921036
MinPartialCharge,-0.49647968942025755
NumAromaticRings,3
fr_unbrch_alkane,0
MaxAbsEStateIndex,13.048813696775007
MinAbsEStateIndex,0.06776549508692398
NumAliphaticRings,0
NumRotatableBonds,6
NumSaturatedRings,0
fr_Ndealkylation1,0
fr_Ndealkylation2,0
fr_benzodiazepine,0
fr_ketone_Topliss,0
fr_term_acetylene,0
fr_alkyl_carbamate,0
fr_dihydropyridine,0
MaxAbsPartialCharge,0.49647968942025755
MinAbsPartialCharge,0.23850830199921036
NumRadicalElectrons,0
NumValenceElectrons,142
fr_para_hydroxylation,0
NumAromaticCarbocycles,2
fr_nitro_arom_nonortho,0
fr_phenol_noOrthoHbond,0
NumAliphaticCarbocycles,0
NumAromaticHeterocycles,1
NumSaturatedCarbocycles,0
NumAliphaticHeterocycles,0
NumSaturatedHeterocycles,0
Mordred Descriptors
MW,372.12090298000055
MZ,0.6950354609929076
Mi,1.1195446589703875
Mm,0.659631153711934
Mp,0.6669621607848136
Mv,0.647273867420781
SZ,32.66666666666666
Si,52.618598971608215
Sm,31.0026642244609
Sp,31.34722155688624
Sv,30.421871768776708
nB,0
nC,20
nF,0
nH,20
nI,0
nN,0
nO,7
nP,0
nS,0
nX,0
ABC,20.332405652511888
AMW,7.917466020851076
IC0,1.4582354846585368
IC1,2.858984483884483
IC2,3.481561610030016
IC3,3.9755888642613693
IC4,4.265155682866408
IC5,4.921090181234717
MID,54.66435558923815
Mpe,0.9935753024614098
Mse,1.0253831491841134
NdO,1
NdS,0
NsF,0
NsI,0
NtN,0
SMR,100.68000000000004
SdO,13.048813696775007
SdS,0
Spe,46.69803921568626
SsF,0
SsI,0
Sse,48.19300801165333
StN,0
fMF,0.3404255319148936
nBr,0
nCl,0
AMID,2.024605762564376
BIC0,0.25000222550353596
BIC1,0.49014887593313966
BIC2,0.5968844949202371
BIC3,0.6815813181127959
BIC4,0.7312251169675398
BIC5,0.8436795772394499
CIC0,4.096353367019101
CIC1,2.6956043677931545
CIC2,2.0730272416476216
CIC3,1.5789999874162683
CIC4,1.2894331688112297
CIC5,0.6334986704429202
GGI1,5.5
GGI2,3.333333333333335
GGI3,2.625
GGI4,2.5733333333333337
GGI5,1.3819444444444446
GGI6,0.8922448979591837
GGI7,0.5347222222222222
GGI8,0.3038548752834466
GGI9,0.20250000000000007
JGI1,0.18965517241379304
JGI2,0.08130081300813012
JGI3,0.052500000000000005
JGI4,0.05146666666666668
JGI5,0.03140782828282829
JGI6,0.024114726971869827
JGI7,0.016203703703703706
JGI8,0.011253884269757283
JGI9,0.010657894736842108
MIC0,13.375131432616769
MIC1,27.083378933035124
MIC2,34.56115279516912
MIC3,39.0606241898233
MIC4,42.24010060979055
MIC5,43.36949535010326
MPC2,41
MPC3,59
MPC4,80
MPC5,105
MPC6,122
MPC7,143
MPC8,157
MPC9,170
Mare,1.0085106382978728
NaaN,0
NaaO,1
NaaS,0
NdNH,0
NdSe,0
NddC,0
NdsN,0
NsBr,0
NsCl,0
NsLi,0
NsOH,0
NsSH,0
NssO,5
NssS,0
NtCH,0
NtsC,0
RNCG,0.1517771588434165
RPCG,0.07291358178272872
SIC0,0.26252806888094155
SIC1,0.5147067695246231
SIC2,0.6267901554907145
SIC3,0.7157305374745483
SIC4,0.7678616359837712
SIC5,0.8859503939249102
SaaN,0
SaaO,6.027336781934996
SaaS,0
Sare,47.40000000000002
SdNH,0
SdSe,0
SddC,0
SdsN,0
SsBr,0
SsCl,0
SsLi,0
SsOH,0
SsSH,0
SssO,26.547574168773213
SssS,0
StCH,0
StsC,0
TIC0,68.53706777895123
TIC1,134.37227074257072
TIC2,163.63339567141074
TIC3,186.85267662028434
TIC4,200.46231709472116
TIC5,231.29123851803172
Vabc,325.14670366016185
WPol,50
apol,52.349859999999985
bpol,31.348139999999997
nRot,6
ABCGG,16.894470234394074
ATS0Z,1188.0
ATS0d,160.0
ATS0i,7532.39916290248
ATS0m,4697.379707000003
ATS0p,69.17268609697997
ATS0s,210.27777777777774
ATS0v,10606.748362355702
ATS1Z,1320.0
ATS1d,195.0
ATS1i,7084.623921092994
ATS1m,5048.499553000005
ATS1p,84.30470620000007
ATS1s,177.61111111111111
ATS1v,13006.48628238533
ATS2Z,1863.0
ATS2d,312.0
ATS2i,12706.106564824977
ATS2m,7059.443568999999
ATS2p,116.97809646273502
ATS2s,275.9444444444445
ATS2v,18275.42136649754
ATS3Z,2323.0
ATS3d,350.0
ATS3i,12450.451168261956
ATS3m,8883.084574000004
ATS3p,139.18518919084903
ATS3s,344.38888888888874
ATS3v,21880.560289502624
ATS4Z,2498.0
ATS4d,351.0
ATS4i,15503.375781885135
ATS4m,9369.315946000006
ATS4p,154.51142399969808
ATS4s,428.7499999999999
ATS4v,23474.586465104516
ATS5Z,2296.0
ATS5d,365.0
ATS5i,19573.90709491359
ATS5m,8304.735443999998
ATS5p,159.13324383758396
ATS5s,430.16666666666674
ATS5v,23232.341876984443
ATS6Z,2035.0
ATS6d,322.0
ATS6i,18083.447844765837
ATS6m,7220.514129
ATS6p,147.16847905364097
ATS6s,400.83333333333326
ATS6v,21020.631309157794
ATS7Z,1801.0
ATS7d,284.0
ATS7i,17700.784590932224
ATS7m,6447.984268999999
ATS7p,132.435602621527
ATS7s,348.33333333333314
ATS7v,18482.653352456757
ATS8Z,1533.0
ATS8d,246.0
ATS8i,16154.343542040082
ATS8m,5370.959766999999
ATS8p,113.05016442413098
ATS8s,317.5555555555556
ATS8v,15887.67169722112
C1SP1,0
C1SP2,0
C1SP3,0
C2SP1,0
C2SP2,13
C2SP3,0
C3SP2,2
C3SP3,0
C4SP3,0
FCSP3,0.25
GGI10,0.12376288133863891
JGI10,0.010313573444886577
JGT10,0.47887426349847767
Kier1,21.702734839476815
Kier2,9.666864961332541
Kier3,4.302212008043665
MAXdO,13.048813696775007
MID_C,41.24174179803376
MID_N,0.0
MID_O,13.422613791204405
MID_X,0.0
MID_h,13.422613791204405
MINdO,13.048813696775007
MPC10,168
MWC01,29.0
MWC02,4.948759890378168
MWC03,5.831882477283517
MWC04,6.736966958001855
MWC05,7.640603826393634
MWC06,8.55468163582723
MWC07,9.465060106725137
MWC08,10.382977295992266
MWC09,11.296645803177345
MWC10,12.21666138641767
NaaCH,5
NaaNH,0
NaaSe,0
NaaaC,2
NaasC,7
NaasN,0
NdCH2,0
NddsN,0
NdsCH,0
NdssC,0
NdssS,0
NsCH3,5
NsNH2,0
NsNH3,0
NsPH2,0
NsSeH,0
NssBH,0
NssBe,0
NssNH,0
NssPH,0
NssSe,0
NsssB,0
NsssN,0
NsssP,0
SLogP,3.503000000000002
SRW02,4.07753744390572
SRW03,0.0
SRW04,5.407171771460119
SRW05,0.0
SRW06,6.966967138613983
SRW07,0.0
SRW08,8.634620608292202
SRW09,0.0
SRW10,10.359297171745961
SaaCH,8.440410189341016
SaaNH,0
SaaSe,0
SaaaC,0.5982977450239355
SaasC,2.8524403933341542
SaasN,0
SdCH2,0
SddsN,0
SdsCH,0
SdssC,0
SdssS,0
SsCH3,7.496202993785516
SsNH2,0
SsNH3,0
SsPH2,0
SsSeH,0
SssBH,0
SssBe,0
SssNH,0
SssPH,0
SssSe,0
SsssB,0
SsssN,0
SsssP,0
VE1_A,4.368485788137702
VE1_D,5.108084558594362
VE2_A,0.161795769931026
VE2_D,0.18918831698497637
VE3_A,2.4676682205019222
VE3_D,2.6240762651928065
VR1_A,240.75174501916376
VR1_D,165.37940664081196
VR2_A,8.916731297006065
VR2_D,6.125163208918962
VR3_A,6.477018071924612
VR3_D,6.101494041444512
WPath,1742
Xc-3d,1.6131842063821602
Xc-4d,0.0
Xc-5d,0.46075883178577415
Xc-6d,0.0
Xp-0d,19.55167728494828
Xp-1d,13.069941865413645
Xp-2d,10.992000690432652
Xp-3d,10.175954175870846
Xp-4d,8.741469434295574
Xp-5d,7.108709848665016
Xp-6d,5.18172298136359
Xp-7d,3.8805978049098395
ZMIC0,96.34820892391113
ZMIC1,66.1080184556576
ZMIC2,48.02290302404251
ZMIC3,37.411845469523705
ZMIC4,30.186547999773097
ZMIC5,25.94610728221086
nAcid,0
nAtom,47
nBase,0
nRing,3
piPC1,3.676300671907076
piPC2,4.356708826689592
piPC3,5.070475294452272
piPC4,5.740194760687756
piPC5,6.369151558244145
piPC6,6.829388249908032
piPC7,7.306111847853007
piPC8,7.74515160196861
piPC9,8.18157839958415
AATS0Z,25.27659574468085
AATS0d,3.404255319148936
AATS0i,160.26381197664853
AATS0m,99.94424908510645
AATS0p,1.4717592786591485
AATS0s,4.4739952718676115
AATS0v,225.6754970713979
AATS1Z,26.93877551020408
AATS1d,3.979591836734694
AATS1i,144.58416165495908
AATS1m,103.03060312244908
AATS1p,1.7205042081632667
AATS1s,3.624716553287982
AATS1v,265.43849555888426
AATS2Z,23.0
AATS2d,3.8518518518518516
AATS2i,156.86551314598736
AATS2m,87.15362430864197
AATS2p,1.4441740304041362
AATS2s,3.4067215363511667
AATS2v,225.62248600614245
AATS3Z,27.654761904761905
AATS3d,4.166666666666667
AATS3i,148.21965676502327
AATS3m,105.75100683333338
AATS3p,1.656966537986298
AATS3s,4.099867724867723
AATS3v,260.48286058931694
AATS4Z,24.25242718446602
AATS4d,3.407766990291262
AATS4i,150.51821147461297
AATS4m,90.96423248543695
AATS4p,1.500110912618428
AATS4s,4.1626213592233
AATS4v,227.9086064573254
AATS5Z,18.516129032258064
AATS5d,2.943548387096774
AATS5i,157.8540894751096
AATS5m,66.97367293548386
AATS5p,1.283332611593419
AATS5s,3.469086021505377
AATS5v,187.3575957821326
AATS6Z,17.695652173913043
AATS6d,2.8
AATS6i,157.2473725631812
AATS6m,62.787079382608695
AATS6p,1.2797259048142693
AATS6s,3.485507246376811
AATS6v,182.78809834050256
AATS7Z,16.225225225225227
AATS7d,2.5585585585585586
AATS7i,159.46652784623626
AATS7m,58.08994836936936
AATS7p,1.1931135371308739
AATS7s,3.1381381381381366
AATS7v,166.51039056267348
AATS8Z,15.33
AATS8d,2.46
AATS8i,161.5434354204008
AATS8m,53.709597669999994
AATS8p,1.1305016442413098
AATS8s,3.175555555555556
AATS8v,158.8767169722112
AMID_C,1.5274719184456946
AMID_N,0.0
AMID_O,0.49713384411868167
AMID_X,0.0
AMID_h,0.49713384411868167
ATS0dv,462.0
ATS0pe,309.68519999999984
ATS0se,378.64161199999984
ATS1dv,439.0
ATS1pe,330.27600000000007
ATS1se,393.44138799999973
ATS2dv,642.0
ATS2pe,545.1345000000002
ATS2se,663.0758440000005
ATS3dv,814.0
ATS3pe,585.9567999999995
ATS3se,697.5549279999997
ATS4dv,773.0
ATS4pe,702.7505
ATS4se,844.1529999999996
ATS5dv,595.0
ATS5pe,813.2631999999996
ATS5se,998.38032
ATS6dv,535.0
ATS6pe,755.8993000000002
ATS6se,927.4999799999999
ATS7dv,453.0
ATS7pe,699.5293
ATS7se,868.2142039999999
ATS8dv,321.0
ATS8pe,638.5881000000002
ATS8se,793.8319720000001
ATSC0Z,370.6382978723403
ATSC0c,1.8803913083745094
ATSC0d,30.553191489361694
ATSC0i,63.086740530903334
ATSC0m,1747.1318106382985
ATSC0p,10.86400860720128
ATSC0s,57.75768321513002
ATSC0v,2267.1573666932923
ATSC1Z,28.653689452240798
ATSC1c,-0.5367096629181062
ATSC1d,22.93390674513354
ATSC1i,-15.418709665188318
ATSC1m,131.24800822815817
ATSC1p,-2.277892743413669
ATSC1s,-3.846662642724209
ATSC1v,-150.24490968020845
ATSC2Z,106.45314622000903
ATSC2c,-0.7994203136936096
ATSC2d,15.64237211407876
ATSC2i,39.97361350525204
ATSC2m,542.9494460276146
ATSC2p,7.560603169291946
ATSC2s,-11.535108897942763
ATSC2v,1654.873333597224
ATSC3Z,51.47623358985962
ATSC3c,0.07029658938641102
ATSC3d,-6.1376188320506975
ATSC3i,-1.117099006776991
ATSC3m,240.4395721145325
ATSC3p,-0.01899526751030005
ATSC3s,5.996906594235695
ATSC3v,150.22984798556058
ATSC4Z,-10.249886826618447
ATSC4c,0.74476667570896
ATSC4d,-14.212313263920322
ATSC4i,-31.259852790059764
ATSC4m,-79.68483459031137
ATSC4p,-5.589432998103944
ATSC4s,23.51389517629896
ATSC4v,-991.3757282987937
ATSC5Z,-101.42870076957897
ATSC5c,-0.41305149131210045
ATSC5d,-13.736079674060658
ATSC5i,-1.9161950075730798
ATSC5m,-469.8390023648708
ATSC5p,-0.45764757963979275
ATSC5s,-20.41152356521302
ATSC5v,-279.1803659008484
ATSC6Z,-231.2000905387053
ATSC6c,-0.2296984282421313
ATSC6d,-11.821638750565862
ATSC6i,-13.085761293622864
ATSC6m,-1095.88677932775
ATSC6p,-3.0632646030974424
ATSC6s,-23.10686082189025
ATSC6v,-1186.8045453743432
ATSC7Z,40.72657311000454
ATSC7c,0.5294342562024488
ATSC7d,-11.051154368492528
ATSC7i,-11.250232236805493
ATSC7m,178.19829991806228
ATSC7p,-1.902288293612185
ATSC7s,14.694029475378503
ATSC7v,-225.19308414890838
ATSC8Z,-80.78361249434131
ATSC8c,-0.42549216383250676
ATSC8d,-12.964237211407875
ATSC8i,-6.773463483346629
ATSC8m,-375.1281645708466
ATSC8p,-1.168625949662355
ATSC8s,-6.7444796539409495
ATSC8v,-305.34370802510904
AXp-0d,0.7241361957388252
AXp-1d,0.450687650531505
AXp-2d,0.26809757781543053
AXp-3d,0.1724737995910313
AXp-4d,0.10926836792869468
AXp-5d,0.06770199855871444
AXp-6d,0.04247313919150484
AXp-7d,0.027137047586782096
GATS1Z,0.6990698001358986
GATS1c,1.2434831189456084
GATS1d,0.4455261213120347
GATS1i,1.3512061411758374
GATS1m,0.7060633731232477
GATS1p,1.2928458751034895
GATS1s,0.6835579861562127
GATS1v,1.0249170509757592
GATS2Z,0.8036519680798292
GATS2c,1.537720012060723
GATS2d,0.8643092953677914
GATS2i,0.646421184983263
GATS2m,0.7859780320793045
GATS2p,0.5852880635274155
GATS2s,0.973552029951214
GATS2v,0.5077643797390424
GATS3Z,0.7719951068831669
GATS3c,1.2291928079931451
GATS3d,1.4338771720387322
GATS3i,1.0990692102536557
GATS3m,0.7709564531916999
GATS3p,1.0484143563009176
GATS3s,0.9437863443271419
GATS3v,0.8736234596464231
GATS4Z,0.8886532609543771
GATS4c,0.9254967270938168
GATS4d,1.3082389052654355
GATS4i,1.2836650249894281
GATS4m,0.8960466925430648
GATS4p,1.2631664219209162
GATS4s,0.917892983532917
GATS4v,1.1289430445966082
GATS5Z,1.0769564090218886
GATS5c,1.120307872693299
GATS5d,1.226311887860545
GATS5i,1.0014517224943167
GATS5m,1.0730903430689436
GATS5p,0.9938321599806267
GATS5s,1.4256004939419165
GATS5v,0.9976840397926562
GATS6Z,1.2178989667049374
GATS6c,1.0805229204501556
GATS6d,1.1389972144846798
GATS6i,1.0783667482990504
GATS6m,1.2172624719270742
GATS6p,1.0948982602086241
GATS6s,1.4223215930253974
GATS6v,1.1598684258863148
GATS7Z,0.9319447461238511
GATS7c,0.7806913134485077
GATS7d,1.1257873472358155
GATS7i,1.0453902989271604
GATS7m,0.9371683004045159
GATS7p,1.054085995486306
GATS7s,0.7833762276694557
GATS7v,1.0430965078144137
GATS8Z,1.123197474167624
GATS8c,1.1317716356530556
GATS8d,1.159289693593315
GATS8i,1.0009440164901058
GATS8m,1.119846672098085
GATS8p,1.002289970967697
GATS8s,1.1458648670773386
GATS8v,1.0343854586032242
MATS1Z,0.07415356498512143
MATS1c,-0.2737744764994281
MATS1d,0.7199846512421125
MATS1i,-0.23442920734775702
MATS1m,0.0720557807380498
MATS1p,-0.20111522444381139
MATS1s,-0.06388164827357791
MATS1v,-0.06356526745972226
MATS2Z,0.16665603605902116
MATS2c,-0.24668331937518428
MATS2d,0.29707005055194463
MATS2i,0.36766150328705294
MATS2m,0.18032110592304396
MATS2p,0.4038119641104409
MATS2s,-0.11588434582656525
MATS2v,0.4235414613439787
MATS3Z,0.07770966595593458
MATS3c,0.020917250210019573
MATS3d,-0.11239885926515447
MATS3i,-0.009907684033556076
MATS3m,0.07700144003482373
MATS3p,-0.0009783041255363044
MATS3s,0.05809464362459464
MATS3v,0.037076022195875726
MATS4Z,-0.012619129891988986
MATS4c,0.18073099276269353
MATS4d,-0.21226032398517997
MATS4i,-0.22610463864756067
MATS4m,-0.02081184762663257
MATS4p,-0.23476766838328608
MATS4s,0.18576994247240483
MATS4v,-0.1995341562859038
MATS5Z,-0.10372578793378025
MATS5c,-0.08325918055017938
MATS5d,-0.17040502291310988
MATS5i,-0.011512715897195477
MATS5m,-0.10192942336049339
MATS5p,-0.015966776332784743
MATS5s,-0.13394972645705278
MATS5v,-0.04667446823464894
MATS6Z,-0.2549398492487397
MATS6c,-0.049924049593109254
MATS6d,-0.1581324936417585
MATS6i,-0.0847736576827829
MATS6m,-0.2563539621103308
MATS6p,-0.1152376595057476
MATS6s,-0.16350506162304726
MATS6v,-0.2139427393971234
MATS7Z,0.04652672189985626
MATS7c,0.11921713541244829
MATS7d,-0.15315315315315314
MATS7i,-0.07550892323694014
MATS7m,0.04318697292333868
MATS7p,-0.07414145650489087
MATS7s,0.10772240017272049
MATS7v,-0.04205796563680238
MATS8Z,-0.10244029850746272
MATS8c,-0.10635090478808401
MATS8d,-0.1994289693593315
MATS8i,-0.05046270912686398
MATS8m,-0.10091410177225528
MATS8p,-0.05055723133146545
MATS8s,-0.05488283568344146
MATS8v,-0.06330021236290119
MAXaaO,6.027336781934996
MAXssO,5.359666713907785
MINaaO,6.027336781934996
MINssO,5.256527195180695
NddssS,0
NdssSe,0
NdsssP,0
NsAsH2,0
NsGeH3,0
NsPbH3,0
NsSiH3,0
NsSnH3,0
NssAsH,0
NssCH2,0
NssNH2,0
NsssAs,0
NsssCH,0
NsssNH,0
NssssB,0
NssssC,0
NssssN,0
Radius,6
SM1_Dt,0.0
SddssS,0
SdssSe,0
SdsssP,0
SpAD_A,35.122636665311866
SpAD_D,268.06809807978703
SsAsH2,0
SsGeH3,0
SsPbH3,0
SsSiH3,0
SsSnH3,0
SssAsH,0
SssCH2,0
SssNH2,0
SsssAs,0
SsssCH,0
SsssNH,0
SssssB,0
SssssC,0
SssssN,0
TMPC10,1101
TMWC10,133.07423938019681
TSRW10,62.44559413401798
VE1_Dt,5.169172531066474
VE2_Dt,0.19145083448394348
VE3_Dt,2.63596439670284
VR1_Dt,157.3409194809452
VR2_Dt,5.827441462257229
VR3_Dt,6.051666685805231
Xc-3dv,0.6026700843967749
Xc-4dv,0.0
Xc-5dv,0.0939531092846517
Xc-6dv,0.0
Xch-3d,0.0
Xch-4d,0.0
Xch-5d,0.0
Xch-6d,0.16895785846218417
Xch-7d,0.4473241312440963
Xp-0dv,15.744489379195173
Xp-1dv,8.066969024266605
Xp-2dv,5.566115078465154
Xp-3dv,4.196512733490468
Xp-4dv,2.8747956245927773
Xp-5dv,1.969268631557903
Xp-6dv,1.143942720243366
Xp-7dv,0.694582406343553
Xpc-4d,4.657317070993856
Xpc-5d,8.256212439703685
Xpc-6d,13.42411328592865
n3Ring,0
n4Ring,0
n5Ring,0
n6Ring,3
n7Ring,0
n8Ring,0
n9Ring,0
nARing,0
nBonds,49
nFRing,1
nHBAcc,7
nHBDon,0
nHRing,1
nSpiro,0
naRing,3
piPC10,8.469179464022993
AATS0dv,9.829787234042554
AATS0pe,6.589046808510635
AATS0se,8.056204510638294
AATS1dv,8.959183673469388
AATS1pe,6.740326530612246
AATS1se,8.029416081632647
AATS2dv,7.925925925925926
AATS2pe,6.730055555555558
AATS2se,8.186121530864204
AATS3dv,9.69047619047619
AATS3pe,6.975676190476184
AATS3se,8.30422533333333
AATS4dv,7.504854368932039
AATS4pe,6.822820388349514
AATS4se,8.195660194174753
AATS5dv,4.798387096774194
AATS5pe,6.558574193548385
AATS5se,8.051454193548388
AATS6dv,4.6521739130434785
AATS6pe,6.573037391304349
AATS6se,8.065217217391304
AATS7dv,4.081081081081081
AATS7pe,6.302065765765766
AATS7se,7.821749585585584
AATS8dv,3.21
AATS8pe,6.385881000000001
AATS8se,7.938319720000001
AATSC0Z,7.885921231326389
AATSC0c,0.040008325710095945
AATSC0d,0.6500679040289722
AATSC0i,1.3422710751256028
AATSC0m,37.17301724762337
AATSC0p,0.2311491193021549
AATSC0s,1.22888687691766
AATSC0v,48.237390780708346
AATSC1Z,0.5847691724947102
AATSC1c,-0.010953258426900127
AATSC1d,0.4680389131659906
AATSC1i,-0.3146675441875167
AATSC1m,2.6785307801664935
AATSC1p,-0.04648760700844222
AATSC1s,-0.07850331923926958
AATSC1v,-3.0662226465348663
AATSC2Z,1.3142363730865312
AATSC2c,-0.009869386588809995
AATSC2d,0.19311570511208345
AATSC2i,0.4935014012994079
AATSC2m,6.7030795805878345
AATSC2p,0.0933407798678018
AATSC2s,-0.14240875182645385
AATSC2v,20.430534982681777
AATSC3Z,0.612812304641186
AATSC3c,0.0008368641593620359
AATSC3d,-0.0730668908577464
AATSC3i,-0.013298797699726084
AATSC3m,2.862375858506339
AATSC3p,-0.00022613413702738153
AATSC3s,0.07139174516947257
AATSC3v,1.7884505712566736
AATSC4Z,-0.09951346433610142
AATSC4c,0.007230744424358835
AATSC4d,-0.13798362392155653
AATSC4i,-0.3034937164083472
AATSC4m,-0.773639170779722
AATSC4p,-0.054266339787416934
AATSC4s,0.22829024443008697
AATSC4v,-9.625007070862074
AATSC5Z,-0.8179733933030562
AATSC5c,-0.0033310604138072617
AATSC5d,-0.11077483608113434
AATSC5i,-0.015453185544944192
AATSC5m,-3.7890242126199256
AATSC5p,-0.0036907062874176836
AATSC5s,-0.16460906100978243
AATSC5v,-2.2514545637165195
AATSC6Z,-2.010435569901785
AATSC6c,-0.001997377636888098
AATSC6d,-0.10279685870057272
AATSC6i,-0.11378922864019882
AATSC6m,-9.529450255023914
AATSC6p,-0.026637083505195152
AATSC6s,-0.2009292245381761
AATSC6v,-10.32003952499429
AATSC7Z,0.3669060640540949
AATSC7c,0.004769677983805845
AATSC7d,-0.09955994926569844
AATSC7i,-0.10135344357482426
AATSC7m,1.6053900893519124
AATSC7p,-0.01713773237488455
AATSC7s,0.13237864392232887
AATSC7v,-2.0287665238640393
AATSC8Z,-0.8078361249434132
AATSC8c,-0.004254921638325067
AATSC8d,-0.12964237211407875
AATSC8i,-0.06773463483346628
AATSC8m,-3.751281645708466
AATSC8p,-0.01168625949662355
AATSC8s,-0.06744479653940949
AATSC8v,-3.0534370802510904
ATS0are,307.54999999999984
ATS1are,323.75
ATS2are,539.35
ATS3are,577.54
ATS4are,693.6800000000001
ATS5are,805.44
ATS6are,748.81
ATS7are,692.57
ATS8are,633.6100000000001
ATSC0dv,240.6382978723404
ATSC0pe,7.982085106382976
ATSC0se,6.017223829787235
ATSC1dv,99.01539157990038
ATSC1pe,0.08802191036667623
ATSC1se,-0.3700204182888191
ATSC2dv,36.04889090086016
ATSC2pe,-2.6766253961068465
ATSC2se,-2.7198091534631086
ATSC3dv,39.88048890900864
ATSC3pe,0.9036606609325346
ATSC3se,0.4799394531462152
ATSC4dv,3.7288365776369754
ATSC4pe,2.8706028519692066
ATSC4se,2.346249224083291
ATSC5dv,-133.960615663196
ATSC5pe,-2.5905904934359487
ATSC5se,-1.7935001466727034
ATSC6dv,-114.81711181530103
ATSC6pe,-2.650542281575376
ATSC6se,-1.0855121792666371
ATSC7dv,-0.805341783612489
ATSC7pe,1.9522990040742458
ATSC7se,1.4085713807152571
ATSC8dv,-115.16659121774556
ATSC8pe,-2.210004481665911
ATSC8se,-1.653962616568583
AXp-0dv,0.5831292362664878
AXp-1dv,0.2781713456643657
AXp-2dv,0.13575890435280863
AXp-3dv,0.07112733446594013
AXp-4dv,0.03593494530740972
AXp-5dv,0.018754939348170505
AXp-6dv,0.00937657967412595
AXp-7dv,0.004857219624780091
BertzCT,1036.6601656943606
ECIndex,523
ETA_eta,20.9567896354059
GATS1dv,0.43888377632220005
GATS1pe,0.7496069574386675
GATS1se,0.8730858495881476
GATS2dv,0.9829310890613574
GATS2pe,1.314888647081306
GATS2se,1.4320282841055734
GATS3dv,0.9045882278640899
GATS3pe,0.946179850826027
GATS3se,1.0498847241944391
GATS4dv,0.9446559020713692
GATS4pe,0.8158986942304234
GATS4se,0.8616801948225152
GATS5dv,1.2278835458201423
GATS5pe,1.1711664152170553
GATS5se,1.1849545102232213
GATS6dv,1.1926613616268789
GATS6pe,1.1789350620271992
GATS6se,1.1446140936132554
GATS7dv,0.9506248954524817
GATS7pe,0.809553197742174
GATS7se,0.7942139668379574
GATS8dv,1.2482634836427942
GATS8pe,1.1805023216884618
GATS8se,1.1760972767819127
LogEE_A,4.217605091550592
LogEE_D,134.03404903989352
MATS1dv,0.3946751114238799
MATS1pe,0.010577333892842964
MATS1se,-0.05898360342123065
MATS2dv,0.08692405933785256
MATS2pe,-0.19457367394636574
MATS2se,-0.2622739175850262
MATS3dv,0.09272872721148595
MATS3pe,0.06334430775706089
MATS3se,0.04462814725883972
MATS4dv,0.007070811121698368
MATS4pe,0.16410332899479402
MATS4se,0.1779256694224736
MATS5dv,-0.21100296625880605
MATS5pe,-0.12301514596258739
MATS5se,-0.112974758736278
MATS6dv,-0.19500326759697076
MATS6pe,-0.13571204665767506
MATS6se,-0.07372903528233732
MATS7dv,-0.0014170669343083044
MATS7pe,0.10356305612304444
MATS7se,0.09911915079612414
MATS8dv,-0.22493633952254644
MATS8pe,-0.1301291695765517
MATS8se,-0.1291895484989331
MAXaaCH,1.755341553287982
MAXaaaC,0.3210971224909718
MAXaasC,0.6021173469387755
MAXsCH3,1.5484247600810552
MDEC-11,1.15479736355206
MDEC-12,4.449102405731095
MDEC-13,9.61048695508966
MDEC-22,2.601022702043388
MDEC-23,15.918534124023797
MDEC-33,15.124143333816862
MDEO-12,1.193679763332484
MDEO-22,2.6416068753868367
MINaaCH,1.619817549507304
MINaaaC,0.27720062253296374
MINaasC,0.06776549508692398
MINsCH3,1.4150214947089947
NddssSe,0
NssGeH2,0
NssPbH2,0
NssSiH2,0
NssSnH2,0
NsssGeH,0
NsssPbH,0
NsssSiH,0
NsssSnH,0
NsssdAs,0
NssssBe,0
NssssGe,0
NssssPb,0
NssssSi,0
NssssSn,0
NsssssP,0
SM1_DzZ,1.75
SM1_Dzi,1.2119393011481083
SM1_Dzm,1.7448590536908561
SM1_Dzp,-7.5760598503740635
SM1_Dzv,-2.7929613464061798
SddssSe,0
SpAD_Dt,530.1571745827439
SpAbs_A,35.122636665311866
SpAbs_D,268.0680980797871
SpMAD_A,1.3008383950115505
SpMAD_D,9.928448077029149
SpMax_A,2.516254765312421
SpMax_D,134.03404903989352
SssGeH2,0
SssPbH2,0
SssSiH2,0
SssSnH2,0
SsssGeH,0
SsssPbH,0
SsssSiH,0
SsssSnH,0
SsssdAs,0
SssssBe,0
SssssGe,0
SssssPb,0
SssssSi,0
SssssSn,0
SsssssP,0
TopoPSA,76.36000000000001
TpiPC10,9.564784215579278
VAdjMat,5.857980995127572
VE1_DzZ,5.100208850966145
VE1_Dzi,5.094722835957521
VE1_Dzm,5.1001559058931045
VE1_Dzp,5.016583037883322
VE1_Dzv,5.05549223638056
VE2_DzZ,0.18889662410985722
VE2_Dzi,0.18869343836879707
VE2_Dzm,0.18889466318122608
VE2_Dzp,0.18579937177345637
VE2_Dzv,0.18724045319927998
VE3_DzZ,2.6225332630719196
VE3_Dzi,2.621457038982026
VE3_Dzm,2.6225228820562787
VE3_Dzp,2.6060008052087382
VE3_Dzv,2.6137269968805574
VR1_DzZ,166.19563965225814
VR1_Dzi,166.8696580919656
VR1_Dzm,166.2022159196944
VR1_Dzp,176.14073014560861
VR1_Dzv,171.5736426862773
VR2_DzZ,6.1553940611947455
VR2_Dzi,6.180357707109836
VR2_Dzm,6.155637626655348
VR2_Dzp,6.523730746133652
VR2_Dzv,6.354579358751011
VR3_DzZ,6.1064174195414935
VR3_Dzi,6.110464790218506
VR3_Dzm,6.106456988192896
VR3_Dzp,6.164535051636236
VR3_Dzv,6.138264350867541
Xch-3dv,0.0
Xch-4dv,0.0
Xch-5dv,0.0
Xch-6dv,0.05764735362656346
Xch-7dv,0.09814229184275722
Xpc-4dv,1.416066760795146
Xpc-5dv,1.9611552325915165
Xpc-6dv,2.5640798443046457
Zagreb1,140.0
Zagreb2,170.0
fragCpx,139.07
n10Ring,0
n11Ring,0
n12Ring,0
n3ARing,0
n3HRing,0
n3aRing,0
n4ARing,0
n4FRing,0
n4HRing,0
n4aRing,0
n5ARing,0
n5FRing,0
n5HRing,0
n5aRing,0
n6ARing,0
n6FRing,0
n6HRing,1
n6aRing,3
n7ARing,0
n7FRing,0
n7HRing,0
n7aRing,0
n8ARing,0
n8FRing,0
n8HRing,0
n8aRing,0
n9ARing,0
n9FRing,0
n9HRing,0
n9aRing,0
nAHRing,0
nBondsA,17
nBondsD,1
nBondsM,18
nBondsO,29
nBondsS,31
nBondsT,0
nFARing,0
nFHRing,1
nFaRing,1
nHetero,7
naHRing,1
AATS0are,6.543617021276592
AATS1are,6.607142857142857
AATS2are,6.658641975308642
AATS3are,6.87547619047619
AATS4are,6.7347572815533985
AATS5are,6.4954838709677425
AATS6are,6.511391304347826
AATS7are,6.23936936936937
AATS8are,6.336100000000001
AATSC0dv,5.11996378451788
AATSC0pe,0.16983159800814843
AATSC0se,0.1280260389316433
AATSC1dv,2.020722277140824
AATSC1pe,0.0017963655176872699
AATSC1se,-0.007551437107935084
AATSC2dv,0.4450480358130884
AATSC2pe,-0.03304475797662773
AATSC2se,-0.03357789078349517
AATSC3dv,0.47476772510724574
AATSC3pe,0.010757865011101602
AATSC3se,0.005713564918407324
AATSC4dv,0.0362022968702619
AATSC4pe,0.027869930601642782
AATSC4se,0.0227791186804203
AATSC5dv,-1.0803275456709354
AATSC5pe,-0.020891858818031843
AATSC5se,-0.014463710860263736
AATSC6dv,-0.9984096679591394
AATSC6pe,-0.023048193752829356
AATSC6se,-0.009439236341449019
AATSC7dv,-0.007255331383896297
AATSC7pe,0.017588279315984195
AATSC7se,0.01268983225869601
AATSC8dv,-1.1516659121774557
AATSC8pe,-0.022100044816659108
AATSC8se,-0.01653962616568583
AETA_eta,0.7761773939039223
ATSC0are,8.778723404255318
ATSC1are,-0.12675418741512093
ATSC2are,-3.4218424626527852
ATSC3are,0.8918560434585776
ATSC4are,3.333010411951109
ATSC5are,-2.784717066545948
ATSC6are,-2.4124083295608862
ATSC7are,2.1479085559076507
ATSC8are,-2.438347668628338
BCUTZ-1h,8.025925077074263
BCUTZ-1l,5.671519160035581
BCUTc-1h,0.5154654496564132
BCUTc-1l,-0.5300895404776966
BCUTd-1h,3.308134878343547
BCUTd-1l,0.9777338500490023
BCUTi-1h,13.640542408321522
BCUTi-1l,10.932642221247901
BCUTm-1h,16.014062617787236
BCUTm-1l,11.68532642490954
BCUTp-1h,2.0170746214265347
BCUTp-1l,0.748612546538659
BCUTs-1h,7.008279893257795
BCUTs-1l,1.3638222710584138
BCUTv-1h,20.915639099344936
BCUTv-1l,14.70172545238435
BalabanJ,1.7783007321555653
Diameter,12
ETA_beta,36.25
GATS1are,0.7913381542631593
GATS2are,1.3665897679874086
GATS3are,0.9846724026498624
GATS4are,0.8289791471558525
GATS5are,1.1781417603552604
GATS6are,1.1666844401357244
GATS7are,0.8013334468739216
GATS8are,1.1805588948133783
HybRatio,0.25
Lipinski,True
LogEE_Dt,265.0785872913719
MATS1are,-0.013849456408836058
MATS2are,-0.22617337809614438
MATS3are,0.05684365117835786
MATS4are,0.1732470857314967
MATS5are,-0.12023360905665098
MATS6are,-0.11231026997407739
MATS7are,0.1035998916997463
MATS8are,-0.13054556471158504
NsssssAs,0
RotRatio,0.20689655172413793
SM1_Dzpe,1.811046511627907
SM1_Dzse,1.7394636015325666
SMR_VSA1,28.10146570605359
SMR_VSA2,0.0
SMR_VSA3,0.0
SMR_VSA4,0.0
SMR_VSA5,0.0
SMR_VSA6,35.54898770638766
SMR_VSA7,40.55516291828041
SMR_VSA8,0.0
SMR_VSA9,40.071258076990965
SpAD_DzZ,184.74856936716054
SpAD_Dzi,192.05781524926834
SpAD_Dzm,184.81826973282085
SpAD_Dzp,300.656411373518
SpAD_Dzv,242.49646558676045
SpAbs_Dt,530.1571745827436
SpDiam_A,5.032509530624843
SpDiam_D,192.52323530655593
SpMAD_Dt,19.635450910471995
SpMax_Dt,265.0785872913719
SsssssAs,0
VE1_Dzpe,5.10083823884173
VE1_Dzse,5.100100349589603
VE2_Dzpe,0.18891993477191593
VE2_Dzse,0.18889260554035567
VE3_Dzpe,2.622656659792049
VE3_Dzse,2.622511988937104
VMcGowan,266.77000000000027
VR1_Dzpe,166.11734720779722
VR1_Dzse,166.20911490718186
VR2_Dzpe,6.152494341029527
VR2_Dzse,6.155893144710439
VR3_Dzpe,6.105946222513359
VR3_Dzse,6.10649849693131
mZagreb1,9.86111111111111
mZagreb2,6.361111111111112
n10ARing,0
n10FRing,1
n10HRing,0
n10aRing,0
n11ARing,0
n11FRing,0
n11HRing,0
n11aRing,0
n12ARing,0
n12FRing,0
n12HRing,0
n12aRing,0
n3AHRing,0
n3aHRing,0
n4AHRing,0
n4FARing,0
n4FHRing,0
n4FaRing,0
n4aHRing,0
n5AHRing,0
n5FARing,0
n5FHRing,0
n5FaRing,0
n5aHRing,0
n6AHRing,0
n6FARing,0
n6FHRing,0
n6FaRing,0
n6aHRing,1
n7AHRing,0
n7FARing,0
n7FHRing,0
n7FaRing,0
n7aHRing,0
n8AHRing,0
n8FARing,0
n8FHRing,0
n8FaRing,0
n8aHRing,0
n9AHRing,0
n9FARing,0
n9FHRing,0
n9FaRing,0
n9aHRing,0
nBondsKD,8
nBondsKS,41
nFAHRing,0
nFaHRing,1
nG12Ring,0
AATSC0are,0.1867813490267089
AATSC1are,-0.0025868201513289985
AATSC2are,-0.04224496867472574
AATSC3are,0.010617333850697352
AATSC4are,0.032359324387874845
AATSC5are,-0.022457395697951195
AATSC6are,-0.020977463735312053
AATSC7are,0.019350527530699557
AATSC8are,-0.02438347668628338
AETA_beta,1.3425925925925926
BCUTdv-1h,6.025284017351191
BCUTdv-1l,0.9966232906076692
BCUTpe-1h,3.4967565455633176
BCUTpe-1l,2.2156644552734637
BCUTse-1h,3.7095864070749416
BCUTse-1l,2.4118485565026724
ETA_alpha,12.333333333333334
ETA_dBeta,0.75
ETA_eta_B,0.3442716969594528
ETA_eta_F,30.604878432815465
ETA_eta_L,5.234724991898879
ETA_eta_R,51.561668068221366
ETA_psi_1,0.5082417582417585
LabuteASA,155.52893750086645
LogEE_DzZ,92.4390994983951
LogEE_Dzi,96.07379426541742
LogEE_Dzm,92.47375927580637
LogEE_Dzp,148.87658223463177
LogEE_Dzv,120.73101772923094
PEOE_VSA1,28.10146570605359
PEOE_VSA2,4.794537184071822
PEOE_VSA3,0.0
PEOE_VSA4,0.0
PEOE_VSA5,0.0
PEOE_VSA6,0.0
PEOE_VSA7,18.19910120538483
PEOE_VSA8,17.696185628620217
PEOE_VSA9,35.54898770638766
SM1_Dzare,2.0
SpAD_Dzpe,183.9239983820472
SpAD_Dzse,184.89142360893302
SpAbs_DzZ,183.25753689672587
SpAbs_Dzi,191.00766837457917
SpAbs_Dzm,183.3313611524893
SpAbs_Dzp,305.32922431963766
SpAbs_Dzv,244.25499680486803
SpDiam_Dt,359.9487582033551
SpMAD_DzZ,6.842539606191131
SpMAD_Dzi,7.113252416639568
SpMAD_Dzm,6.845121101215587
SpMAD_Dzp,11.13542264346363
SpMAD_Dzv,8.981350577287424
SpMax_DzZ,92.4390994983951
SpMax_Dzi,96.07379426541742
SpMax_Dzm,92.47375927580637
SpMax_Dzp,148.87658223463177
SpMax_Dzv,120.73101772923094
VE1_Dzare,5.102793864570449
VE2_Dzare,0.18899236535446107
VE3_Dzare,2.6230399793262786
VR1_Dzare,165.87264703006107
VR2_Dzare,6.143431371483744
VR3_Dzare,6.104472080362714
n10AHRing,0
n10FARing,0
n10FHRing,1
n10FaRing,1
n10aHRing,0
n11AHRing,0
n11FARing,0
n11FHRing,0
n11FaRing,0
n11aHRing,0
n12AHRing,0
n12FARing,0
n12FHRing,0
n12FaRing,0
n12aHRing,0
n4FAHRing,0
n4FaHRing,0
n5FAHRing,0
n5FaHRing,0
n6FAHRing,0
n6FaHRing,0
n7FAHRing,0
n7FaHRing,0
n8FAHRing,0
n8FaHRing,0
n9FAHRing,0
n9FaHRing,0
nAromAtom,16
nAromBond,17
nG12ARing,0
nG12FRing,0
nG12HRing,0
nG12aRing,0
AETA_alpha,0.45679012345679015
AETA_dBeta,0.027777777777777776
AETA_eta_B,0.012750803591090844
AETA_eta_F,1.1335140160302024
AETA_eta_L,0.1938787034036622
AETA_eta_R,1.9096914099341247
BCUTare-1h,3.5503229124284585
BCUTare-1l,2.1667074831146884
ETA_beta_s,17.75
ETA_dPsi_A,0.20575824175824142
ETA_dPsi_B,0.0
ETA_eta_BR,0.6022716969594528
ETA_eta_FL,7.835216873514764
ETA_eta_RL,13.069941865413643
LogEE_Dzpe,92.02763504540711
LogEE_Dzse,92.51013638230106
PEOE_VSA10,22.46826802267485
PEOE_VSA11,17.25927108544225
PEOE_VSA12,11.178302225184446
PEOE_VSA13,0.0
SlogP_VSA1,29.113105160900787
SlogP_VSA2,35.54898770638766
SlogP_VSA3,0.0
SlogP_VSA4,0.0
SlogP_VSA5,0.0
SlogP_VSA6,39.54352346343322
SlogP_VSA7,0.0
SlogP_VSA8,22.292943266678478
SlogP_VSA9,0.0
SpAD_Dzare,181.37682807745378
SpAbs_Dzpe,182.3812550573271
SpAbs_Dzse,183.4088450095959
SpDiam_DzZ,132.25120849321155
SpDiam_Dzi,136.9960113914114
SpDiam_Dzm,132.2964170266987
SpDiam_Dzp,202.00486433245004
SpDiam_Dzv,167.76309295308607
SpMAD_Dzpe,6.811999940075822
SpMAD_Dzse,6.847830504034556
SpMax_Dzpe,92.02763504540711
SpMax_Dzse,92.51013638230106
n10FAHRing,0
n10FaHRing,1
n11FAHRing,0
n11FaHRing,0
n12FAHRing,0
n12FaHRing,0
nG12AHRing,0
nG12FARing,0
nG12FHRing,0
nG12FaRing,0
nG12aHRing,0
nHeavyAtom,27
AETA_beta_s,0.6574074074074074
AETA_eta_BR,0.0223063591466464
AETA_eta_FL,0.2901932175375838
AETA_eta_RL,0.484071920941246
DetourIndex,3540
EState_VSA1,0.0
EState_VSA2,22.324773858523685
EState_VSA3,34.144518966474855
EState_VSA4,0.0
EState_VSA5,28.439190165110134
EState_VSA6,37.441632883585584
EState_VSA7,0.0
EState_VSA8,0.0
EState_VSA9,28.10146570605359
ETA_beta_ns,18.5
ETA_shape_p,0.2297297297297297
ETA_shape_x,0.0
ETA_shape_y,0.4054054054054054
GhoseFilter,True
LogEE_Dzare,90.75531210353174
SlogP_VSA10,0.0
SlogP_VSA11,28.747559166419524
SpAbs_Dzare,179.6731243737501
SpDiam_Dzpe,131.71456983141422
SpDiam_Dzse,132.34386634211288
SpMAD_Dzare,6.7176602991649546
SpMax_Dzare,90.75531210353174
TopoPSA(NO),76.36000000000001
VSA_EState1,0.0
VSA_EState2,0.0
VSA_EState3,0.0
VSA_EState4,0.0
VSA_EState5,0.0
VSA_EState6,0.0
VSA_EState7,0.0
VSA_EState8,6.027336781934996
VSA_EState9,58.63932988473168
nBridgehead,0
nG12FAHRing,0
nG12FaHRing,0
AETA_beta_ns,0.6851851851851852
EState_VSA10,4.794537184071822
ETA_dAlpha_A,0.0
ETA_dAlpha_B,0.04320987654320985
FilterItLogS,-5.954752681792719
SpDiam_Dzare,130.05584034523667
ETA_beta_ns_d,3.0
ETA_epsilon_1,0.6439716312056738
ETA_epsilon_2,0.898765432098765
ETA_epsilon_3,0.44025974025974035
ETA_epsilon_4,0.5650273224043713
ETA_epsilon_5,0.898765432098765
AETA_beta_ns_d,0.1111111111111111
ETA_dEpsilon_A,0.20371189094593345
ETA_dEpsilon_B,0.07894430880130254
ETA_dEpsilon_C,-0.1247675821446309
ETA_dEpsilon_D,0.0
PetitjeanIndex,0.5
TopoShapeIndex,1.0
CDK Descriptors
FMFDescriptor,0.5925925925925926
MDEDescriptor,"1.15479736355206,4.449102405731095,9.61048695508966,0.0,2.601022702043388,15.918534124023797,0.0,15.124143333816857,0.0,0.0,0.0,1.193679763332484,2.6416068753868367,0.0,0.0,0.0,0.0,0.0,0.0"
APolDescriptor,54.14985999999999
BCUTDescriptor,"11.850000000000021,16.0009499153041,-0.3492310163888546,0.22362005642043706,4.914149158953325,10.587066008599438"
BPolDescriptor,34.31814
TPSADescriptor,76.36000000000001
ALOGPDescriptor,"4.347700000000001,18.902495290000005,93.3713"
XLogPDescriptor,4.193000000000001
VAdjMaDescriptor,5.857980995127573
WeightDescriptor,372.12090313999994
ChiPathDescriptor,"19.55167728494828,13.069941865413645,10.992000690432652,10.175954175870842,8.741469434295574,7.108709848665017,5.181722981363589,3.8805978049098404,15.744489379195173,8.066969024266605,5.566115078465155,4.196512733490467,2.874795624592777,1.9692686315579029,1.1439427202433659,0.6945824063435533"
ChiChainDescriptor,"0.0,0.0,0.0,0.16895785846218417,0.4473241312440963,0.0,0.0,0.0,0.05764735362656346,0.09814229184275723"
AtomCountDescriptor,47
BondCountDescriptor,29
SmallRingDescriptor,"3,3,2,2,0,0,0,3,0,0,0"
ChiClusterDescriptor,"1.6131842063821598,0.0,0.46075883178577426,0.0,0.6026700843967749,0.0,0.09395310928465171,0.0"
RuleOfFiveDescriptor,0
CarbonTypesDescriptor,"0,0,0,13,2,0,0,0,0"
ZagrebIndexDescriptor,140.0
LargestChainDescriptor,13
MannholdLogPDescriptor,2.89
WeightedPathDescriptor,"54.664355589238156,2.0246057625643763,19.8452275824088,19.8452275824088,0.0"
FractionalPSADescriptor,0.20520212478166466
WienerNumbersDescriptor,"1742.0,50.0"
AminoAcidCountDescriptor,"0,0,0,0,0,0,0,0,0,0,0,0,0,0,0,0,0,0,0,0"
ChiPathClusterDescriptor,"4.657317070993854,8.256212439703692,12.021716426711649,1.4160667607951454,1.9611552325915178,2.294458978982935"
FractionalCSP3Descriptor,0.25
KierHallSmartsDescriptor,"0,0,0,0,0,0,5,0,0,0,0,5,0,0,0,0,7,2,0,0,0,0,0,0,0,0,0,0,0,0,0,0,0,0,1,5,1,0,0,0,0,0,0,0,0,0,0,0,0,0,0,0,0,0,0,0,0,0,0,0,0,0,0,0,0,0,0,0,0,0,0,0,0,0,0,0,0,0,0"
BasicGroupCountDescriptor,0
HBondDonorCountDescriptor,0
LargestPiSystemDescriptor,22
PetitjeanNumberDescriptor,0.5
AcidicGroupCountDescriptor,0
KappaShapeIndicesDescriptor,"21.702734839476815,9.666864961332541,4.302212008043665"
AromaticAtomsCountDescriptor,16
AromaticBondsCountDescriptor,17
FragmentComplexityDescriptor,1699.07
HBondAcceptorCountDescriptor,1
HybridizationRatioDescriptor,0.25
AutocorrelationDescriptorMass,"32.42128324878662,33.31719570272333,46.31347163412102,58.63315467214155,60.514184720356006"
PetitjeanShapeIndexDescriptor,"1.0,NaN"
RotatableBondsCountDescriptor,6
AutocorrelationDescriptorCharge,"1.032896408282624,-0.4853934311550632,-0.18027531300025582,0.07382787274332193,0.20870174640659905"
EccentricConnectivityIndexDescriptor,523
AutocorrelationDescriptorPolarizability,"1735.2423999674384,2077.484388370142,3026.7900625575903,3444.8387929575683,3169.4721705622937"
