DLiP-ID,T000W4
DLiP-Mol-ID,16637
Vendor-ID,
Standard Inchi(RDKit),"InChI=1S/C22H36N2O5S/c1-2-3-16-30(27,28)24-21(22(25)26)17-19-7-9-20(10-8-19)29-15-5-4-6-18-11-13-23-14-12-18/h7-10,18,21,23-24H,2-6,11-17H2,1H3,(H,25,26)/t21-/m0/s1"
Standard Inchi Key(RDKit),COKMIXFXJJXBQG-NRFANRHFSA-N
Canonical SMILES(RDKit),CCCCS(=O)(=O)N[C@@H](Cc1ccc(OCCCCC2CCNCC2)cc1)C(=O)O
SMILES(SDF),
MW(SDF),
MW(RDKit),440.606
MW Monoisotopic(RDKit),440.234493252
MolLogP(RDKit),2.9505
XLogP(SDF),
XLogP(CDK),3.608
ALogP(SDF),
Num H Acceptors(SDF),
nHAcceptors(SDF),
HBA(RDKit),5
HBA Lipinski(RDKit),7
Num H Donors(SDF),
nHDonors(SDF),
HBD(RDKit),3
HBD Lipinski(RDKit),3
PSA(SDF),
PSA(RDKit),104.73
RO3 Pass,
Num RO5 Violations,0
Num Lipinski RO5 Violations,0
nBonds(SDF),
nRigidBonds(SDF),
nRotatableBonds(SDF),
nRotatableBonds(RDKit),14
nRings(SDF),
nRings(RDKit),2
Aromatic Rings(RDKit),1
nAtoms(SDF),
Heavy Atoms(RDKit),30
QED Weighted(RDKit),0.384302204892175
Molecular Formula(SDF),
PPI Type(SDF),
PDB ID(SDF),
Receptor Chain(SDF),
Protein Name Receptor(SDF),
Peptide Chain(SDF),
Protein Name Peptide(SDF),
ELM ID(SDF),
Motif Sequence(SDF),
Physical Form Apperance(SDF),
Quantity of Sample mg(SDF),
Box Num(SDF),
Box Position(SDF),
fCsp3(SDF),
nCarbons(SDF),
nHetAtoms(SDF),
nHalide(SDF),
Year(SDF),
No(SDF),
Target Pref Name,Integrins
Common Target Pref Name,Integrins
RDKit Descriptors
Ipc,3766605.805318876
qed,0.3843022048921749
Chi0,21.821780188492532
Chi1,14.392978629188176
TPSA,104.73
Chi0n,17.9378380371956
Chi0v,18.754334618123327
Chi1n,11.046140425026097
Chi1v,12.698405651346253
Chi2n,8.06679406525274
Chi2v,9.940240368319254
Chi3n,5.483874811619307
Chi3v,6.953641978040351
Chi4n,3.6423582445015965
Chi4v,5.046567092306351
MolMR,118.34000000000009
MolWt,440.6060000000003
fr_SH,0
Kappa1,24.627839244481727
Kappa2,12.919619041819937
Kappa3,9.447828505342489
fr_ArN,0
fr_COO,1
fr_C_O,1
fr_C_S,0
fr_NH0,0
fr_NH1,2
fr_NH2,0
fr_N_O,0
fr_azo,0
BertzCT,730.399716832882
MolLogP,2.9505
NOCount,7
fr_Ar_N,0
fr_COO2,1
fr_urea,0
BalabanJ,1.7396898465462411
SMR_VSA1,23.05572451704151
SMR_VSA2,0.0
SMR_VSA3,10.038883468458419
SMR_VSA4,5.917906046161393
SMR_VSA5,64.33215101224668
SMR_VSA6,25.449248383084857
SMR_VSA7,29.828919765543436
SMR_VSA8,0.0
SMR_VSA9,5.749511833283905
fr_Al_OH,0
fr_Ar_NH,0
fr_Ar_OH,0
fr_HOCCN,0
fr_Imine,0
fr_amide,0
fr_azide,0
fr_diazo,0
fr_ester,0
fr_ether,1
fr_furan,0
fr_imide,0
fr_nitro,0
fr_oxime,0
fr_quatN,0
LabuteASA,180.19444713769127
NHOHCount,3
PEOE_VSA1,15.160178952647085
PEOE_VSA2,4.794537184071822
PEOE_VSA3,13.139891848781026
PEOE_VSA4,0.0
PEOE_VSA5,0.0
PEOE_VSA6,31.898114582465862
PEOE_VSA7,75.22853422416281
PEOE_VSA8,0.0
PEOE_VSA9,12.359735571259707
RingCount,2
SMR_VSA10,15.992596441359433
fr_Al_COO,1
fr_Ar_COO,0
fr_ketone,0
fr_lactam,0
fr_phenol,0
ExactMolWt,440.23449325199994
NumHDonors,3
PEOE_VSA10,11.791352662431866
PEOE_VSA11,0.0
PEOE_VSA12,10.023291153407584
PEOE_VSA13,0.0
PEOE_VSA14,5.969305287951849
SlogP_VSA1,14.775746422258468
SlogP_VSA2,50.984718879354304
SlogP_VSA3,21.238649960405414
SlogP_VSA4,5.917906046161393
SlogP_VSA5,57.43294005186969
SlogP_VSA6,24.26546827384644
SlogP_VSA7,0.0
SlogP_VSA8,0.0
SlogP_VSA9,0.0
fr_amidine,0
fr_aniline,0
fr_benzene,1
fr_epoxide,0
fr_guanido,0
fr_halogen,0
fr_hdrzine,0
fr_hdrzone,0
fr_isocyan,0
fr_lactone,0
fr_methoxy,0
fr_nitrile,0
fr_nitroso,0
fr_oxazole,0
fr_sulfide,0
fr_sulfone,0
EState_VSA1,22.034437270507397
EState_VSA2,12.1736752296728
EState_VSA3,13.027703587438928
EState_VSA4,43.162025428819454
EState_VSA5,25.683286491704038
EState_VSA6,12.13273413692322
EState_VSA7,19.056471336613843
EState_VSA8,10.038883468458419
EState_VSA9,4.736862953800049
SlogP_VSA10,0.0
SlogP_VSA11,5.749511833283905
SlogP_VSA12,0.0
VSA_EState1,0.0
VSA_EState2,0.0
VSA_EState3,0.0
VSA_EState4,0.0
VSA_EState5,0.0
VSA_EState6,0.0
VSA_EState7,0.0
VSA_EState8,24.047088428419215
VSA_EState9,51.63733283740582
fr_aldehyde,0
fr_barbitur,0
fr_bicyclic,0
fr_priamide,0
fr_pyridine,0
fr_thiazole,0
fr_thiocyan,0
EState_VSA10,18.318861563241462
EState_VSA11,0.0
FractionCSP3,0.6818181818181818
VSA_EState10,-3.601087932491708
fr_C_O_noCOO,0
fr_Nhpyrrole,0
fr_imidazole,0
fr_phos_acid,0
fr_piperdine,1
fr_piperzine,0
fr_sulfonamd,1
fr_tetrazole,0
fr_thiophene,0
HallKierAlpha,-1.6400000000000001
NumHAcceptors,5
fr_morpholine,0
fr_nitro_arom,0
fr_phos_ester,0
HeavyAtomCount,30
HeavyAtomMolWt,404.3180000000002
MaxEStateIndex,12.023544214209608
MinEStateIndex,-3.601087932491708
NumHeteroatoms,8
fr_aryl_methyl,0
fr_isothiocyan,0
fr_Al_OH_noTert,0
fr_alkyl_halide,0
fr_allylic_oxid,0
fr_prisulfonamd,0
FpDensityMorgan1,1.2
FpDensityMorgan2,1.9
FpDensityMorgan3,2.533333333333333
MaxPartialCharge,0.32157370236637806
MinPartialCharge,-0.49360147947000954
NumAromaticRings,1
fr_unbrch_alkane,2
MaxAbsEStateIndex,12.023544214209608
MinAbsEStateIndex,0.05784386285378318
NumAliphaticRings,1
NumRotatableBonds,14
NumSaturatedRings,1
fr_Ndealkylation1,0
fr_Ndealkylation2,0
fr_benzodiazepine,0
fr_ketone_Topliss,0
fr_term_acetylene,0
fr_alkyl_carbamate,0
fr_dihydropyridine,0
MaxAbsPartialCharge,0.49360147947000954
MinAbsPartialCharge,0.32157370236637806
NumRadicalElectrons,0
NumValenceElectrons,170
fr_para_hydroxylation,0
NumAromaticCarbocycles,1
fr_nitro_arom_nonortho,0
fr_phenol_noOrthoHbond,0
NumAliphaticCarbocycles,0
NumAromaticHeterocycles,0
NumSaturatedCarbocycles,0
NumAliphaticHeterocycles,1
NumSaturatedHeterocycles,1
Mordred Descriptors
MW,440.23449325200096
MZ,0.601010101010101
Mi,1.13672224137416
Mm,0.5558023831689638
Mp,0.6337737978588277
Mv,0.576210270833719
SZ,39.666666666666664
Si,75.02366793069456
Sm,36.68295728915161
Sp,41.82907065868263
Sv,38.029877875025456
nB,0
nC,22
nF,0
nH,36
nI,0
nN,2
nO,5
nP,0
nS,1
nX,0
ABC,22.41648694694123
AMW,6.670219594727287
IC0,1.5317511475951113
IC1,3.2787436146144726
IC2,4.740487204040729
IC3,5.396592793568099
IC4,5.396592793568099
IC5,5.396592793568099
MID,59.750226191496715
Mpe,0.9575757575757577
Mse,1.0005683197598711
NdO,3
NdS,0
NsF,0
NsI,0
NtN,0
SMR,118.34000000000009
SdO,35.53145386663404
SdS,0
Spe,63.20000000000001
SsF,0
SsI,0
Sse,66.0375091041515
StN,0
fMF,0.25757575757575757
nBr,0
nCl,0
AMID,1.9916742063832238
BIC0,0.24746277265607433
BIC1,0.5296989572847807
BIC2,0.7658516261563428
BIC3,0.8718490713643998
BIC4,0.8718490713643998
BIC5,0.8718490713643998
CIC0,4.512642971763342
CIC1,2.7656505047439808
CIC2,1.3039069153177243
CIC3,0.6478013257903541
CIC4,0.6478013257903541
CIC5,0.6478013257903541
GGI1,6.5
GGI2,2.4444444444444455
GGI3,1.4375
GGI4,1.4933333333333336
GGI5,0.7430555555555556
GGI6,0.506938775510204
GGI7,0.38020833333333337
GGI8,0.2625346434870244
GGI9,0.12562500000000001
JGI1,0.2096774193548387
JGI2,0.061111111111111144
JGI3,0.037828947368421045
JGI4,0.04148148148148149
JGI5,0.019052706552706546
JGI6,0.01536178107606679
JGI7,0.01267361111111111
JGI8,0.009723505314334238
JGI9,0.005025000000000001
MIC0,16.416125896655167
MIC1,32.16614901700977
MIC2,37.915999940784744
MIC3,38.57735437502832
MIC4,38.57735437502832
MIC5,38.57735437502832
MPC2,40
MPC3,44
MPC4,51
MPC5,61
MPC6,51
MPC7,53
MPC8,57
MPC9,58
Mare,0.9713939393939394
NaaN,0
NaaO,0
NaaS,0
NdNH,0
NdSe,0
NddC,0
NdsN,0
NsBr,0
NsCl,0
NsLi,0
NsOH,1
NsSH,0
NssO,1
NssS,0
NtCH,0
NtsC,0
RNCG,0.17860625125941249
RPCG,0.11635920043217478
SIC0,0.25341682182658365
SIC1,0.5424437172476231
SIC2,0.7842783098571143
SIC3,0.8928260942290919
SIC4,0.8928260942290919
SIC5,0.8928260942290919
SaaN,0
SaaO,0
SaaS,0
Sare,64.112
SdNH,0
SdSe,0
SddC,0
SdsN,0
SsBr,0
SsCl,0
SsLi,0
SsOH,9.383587663836643
SsSH,0
SssO,5.787542299639542
SssS,0
StCH,0
StsC,0
TIC0,101.09557574127734
TIC1,216.3970785645552
TIC2,312.8721554666881
TIC3,356.17512437549453
TIC4,356.17512437549453
TIC5,356.17512437549453
Vabc,427.36306061335836
WPol,38
apol,69.85454799999997
bpol,46.515452000000046
nRot,14
ABCGG,16.87770956374759
ATS0Z,1502.0
ATS0d,178.0
ATS0i,10903.577668685564
ATS0m,5910.464669000001
ATS0p,91.40788457456401
ATS0s,302.74391289437585
ATS0v,12601.746106030538
ATS1Z,1722.0
ATS1d,225.0
ATS1i,9823.142536489451
ATS1m,6462.544574999999
ATS1p,118.079634816
ATS1s,165.88888888888889
ATS1v,16289.049145438108
ATS2Z,2244.0
ATS2d,355.0
ATS2i,19423.57104281083
ATS2m,8031.891221999999
ATS2p,176.672836744735
ATS2s,391.2793209876543
ATS2v,23296.61040238853
ATS3Z,2373.0
ATS3d,419.0
ATS3i,29010.90937778014
ATS3m,8147.665455
ATS3p,207.43972242560096
ATS3s,431.7901234567902
ATS3v,25929.540026494305
ATS4Z,2409.0
ATS4d,397.0
ATS4i,29426.31434155052
ATS4m,8273.965832
ATS4p,201.338265692695
ATS4s,433.86419753086426
ATS4v,25031.192647832555
ATS5Z,2376.0
ATS5d,372.0
ATS5i,28003.714292670466
ATS5m,8323.467157000001
ATS5p,186.71676818154398
ATS5s,603.2314814814815
ATS5v,23925.55301642513
ATS6Z,2067.0
ATS6d,341.0
ATS6i,25278.75355125447
ATS6m,7065.176691
ATS6p,171.35848185796
ATS6s,458.19444444444446
ATS6v,22123.060161982015
ATS7Z,1821.0
ATS7d,312.0
ATS7i,23256.653651558223
ATS7m,6213.481505
ATS7p,155.24908436080898
ATS7s,397.9382716049383
ATS7v,20011.326718136323
ATS8Z,1637.0
ATS8d,284.0
ATS8i,20763.755128779467
ATS8m,5639.233745999998
ATS8p,140.20870077741301
ATS8s,352.71759259259255
ATS8v,18074.394279676002
C1SP1,0
C1SP2,1
C1SP3,5
C2SP1,0
C2SP2,5
C2SP3,9
C3SP2,1
C3SP3,1
C4SP3,0
FCSP3,0.6818181818181818
GGI10,0.1361085603509846
JGI10,0.006186752743226572
JGT10,0.41812231611329764
Kier1,26.253902185223726
Kier2,14.21
Kier3,10.933884297520661
MAXdO,12.023544214209608
MID_C,44.641755130410786
MID_N,3.9955990963296477
MID_O,8.91038903367757
MID_X,0.0
MID_h,15.108471061085927
MINdO,11.484365438214823
MPC10,54
MWC01,31.0
MWC02,4.962844630259907
MWC03,5.739792912179234
MWC04,6.5722825426940075
MWC05,7.370860166536716
MWC06,8.206037762778815
MWC07,9.0142038261485
MWC08,9.850666776352545
MWC09,10.66412981679203
MWC10,11.501652159371769
NaaCH,4
NaaNH,0
NaaSe,0
NaaaC,0
NaasC,2
NaasN,0
NdCH2,0
NddsN,0
NdsCH,0
NdssC,1
NdssS,0
NsCH3,1
NsNH2,0
NsNH3,0
NsPH2,0
NsSeH,0
NssBH,0
NssBe,0
NssNH,2
NssPH,0
NssSe,0
NsssB,0
NsssN,0
NsssP,0
SLogP,2.9505
SRW02,4.143134726391533
SRW03,0.0
SRW04,5.407171771460119
SRW05,0.0
SRW06,6.844815479208263
SRW07,0.0
SRW08,8.359603270841466
SRW09,0.0
SRW10,9.915070213779195
SaaCH,7.208878019961173
SaaNH,0
SaaSe,0
SaaaC,0
SaasC,1.495247563856334
SaasN,0
SdCH2,0
SddsN,0
SdsCH,0
SdssC,-1.1767156646995984
SdssS,0
SsCH3,1.8911920689883668
SsNH2,0
SsNH3,0
SsPH2,0
SsSeH,0
SssBH,0
SssBe,0
SssNH,5.691626832772224
SssPH,0
SssSe,0
SsssB,0
SsssN,0
SsssP,0
VE1_A,4.235048312301408
VE1_D,5.386740751948475
VE2_A,0.1411682770767136
VE2_D,0.17955802506494917
VE3_A,2.5420070245704367
VE3_D,2.7825528064541527
VR1_A,961.4576203167128
VR1_D,181.84314301823622
VR2_A,32.048587343890425
VR2_D,6.061438100607874
VR3_A,7.967062776091857
VR3_D,6.301756752589178
WPath,3235
Xc-3d,2.319479216882342
Xc-4d,0.25
Xc-5d,0.16666666666666666
Xc-6d,0.0
Xp-0d,21.821780188492532
Xp-1d,14.392978629188176
Xp-2d,12.740487581507418
Xp-3d,9.016589379484962
Xp-4d,6.760996901497228
Xp-5d,5.69497156449887
Xp-6d,3.024705479422034
Xp-7d,2.0888459795848426
ZMIC0,101.79529734938707
ZMIC1,50.96875316703556
ZMIC2,31.53807963593958
ZMIC3,26.789682305540136
ZMIC4,26.789682305540136
ZMIC5,26.789682305540136
nAcid,1
nAtom,66
nBase,1
nRing,2
piPC1,3.6375861597263857
piPC2,4.085976312551584
piPC3,4.2801323269925415
piPC4,4.623746571561027
piPC5,5.072435695001703
piPC6,4.968944867042047
piPC7,5.144583266605995
piPC8,5.401268732533841
piPC9,5.588885894177036
AATS0Z,22.757575757575758
AATS0d,2.696969696969697
AATS0i,165.20572225281157
AATS0m,89.5524949848485
AATS0p,1.3849679480994546
AATS0s,4.587028983248119
AATS0v,190.93554706106875
AATS1Z,25.70149253731343
AATS1d,3.3582089552238807
AATS1i,146.6140677087978
AATS1m,96.45588917910446
AATS1p,1.7623826091940298
AATS1s,2.4759535655058045
AATS1v,243.12013649907624
AATS2Z,17.952
AATS2d,2.84
AATS2i,155.38856834248662
AATS2m,64.25512977599999
AATS2p,1.41338269395788
AATS2s,3.130234567901234
AATS2v,186.37288321910825
AATS3Z,13.331460674157304
AATS3d,2.353932584269663
AATS3i,162.98263695382101
AATS3m,45.77340143258427
AATS3p,1.1653916990202302
AATS3s,2.4257872104314053
AATS3v,145.67157318255227
AATS4Z,13.383333333333333
AATS4d,2.2055555555555557
AATS4i,163.4795241197251
AATS4m,45.96647684444444
AATS4p,1.1185459205149721
AATS4s,2.410356652949246
AATS4v,139.06218137684752
AATS5Z,13.976470588235294
AATS5d,2.1882352941176473
AATS5i,164.7277311333557
AATS5m,48.96157151176471
AATS5p,1.0983339304796704
AATS5s,3.5484204793028327
AATS5v,140.73854715544192
AATS6Z,13.422077922077921
AATS6d,2.2142857142857144
AATS6i,164.14775033282123
AATS6m,45.87777072077922
AATS6p,1.1127174146620777
AATS6s,2.9752886002886005
AATS6v,143.65623481806503
AATS7Z,12.82394366197183
AATS7d,2.1971830985915495
AATS7i,163.77925106731144
AATS7m,43.75691200704225
AATS7p,1.0933034109916124
AATS7s,2.8023821944009737
AATS7v,140.92483604321353
AATS8Z,12.88976377952756
AATS8d,2.236220472440945
AATS8i,163.49413487227926
AATS8m,44.40341532283463
AATS8p,1.104005517932386
AATS8s,2.777303878681831
AATS8v,142.31806519429924
AMID_C,1.4880585043470262
AMID_N,0.13318663654432158
AMID_O,0.2970129677892523
AMID_X,0.0
AMID_h,0.5036157020361975
ATS0dv,352.44444444444446
ATS0pe,401.6026
ATS0se,503.6617569999999
ATS1dv,260.0
ATS1pe,426.64059999999995
ATS1se,517.343084
ATS2dv,424.3333333333333
ATS2pe,775.7634
ATS2se,957.432276
ATS3dv,357.3333333333333
ATS3pe,1061.3546999999999
ATS3se,1341.105162
ATS4dv,348.6666666666667
ATS4pe,1068.0754000000002
ATS4se,1356.47448
ATS5dv,468.0
ATS5pe,1025.4089
ATS5se,1296.0716719999998
ATS6dv,337.0
ATS6pe,939.6279999999999
ATS6se,1184.0763120000001
ATS7dv,322.66666666666663
ATS7pe,857.6446
ATS7se,1083.8177660000001
ATS8dv,281.0
ATS8pe,763.0049999999999
ATS8se,963.727118
ATSC0Z,643.7575757575758
ATSC0c,1.1645395237203249
ATSC0d,32.48484848484848
ATSC0i,90.41906205489627
ATSC0m,2969.1392326212126
ATSC0p,17.47367432783212
ATSC0s,127.67937736417677
ATSC0v,3321.132896046831
ATSC1Z,126.70064279155193
ATSC1c,-0.6410267093777032
ATSC1d,4.477502295684113
ATSC1i,-7.26263065177985
ATSC1m,546.6401097178601
ATSC1p,-0.6472693958979977
ATSC1s,-17.89352664709824
ATSC1v,73.81438770931553
ATSC2Z,-68.35904499540858
ATSC2c,0.15856304112013542
ATSC2d,-6.403122130394858
ATSC2i,-20.150597291965028
ATSC2m,-326.13293232805336
ATSC2p,-4.492837536097043
ATSC2s,65.48559904995209
ATSC2v,-818.4021285329742
ATSC3Z,-43.49770431588615
ATSC3c,0.041264335711980724
ATSC3d,0.7226813590449945
ATSC3i,7.137870544685599
ATSC3m,-197.15175441781446
ATSC3p,0.35667920638400646
ATSC3s,-11.275592665966316
ATSC3v,-125.64746245601924
ATSC4Z,29.32782369146007
ATSC4c,-0.45882977993306057
ATSC4d,-3.504132231404959
ATSC4i,-13.731592649501984
ATSC4m,124.53081283608815
ATSC4p,-1.9018518297973903
ATSC4s,-35.082117943369354
ATSC4v,-47.90609676427753
ATSC5Z,133.1395775941231
ATSC5c,0.5367830031519807
ATSC5d,-0.06703397612488537
ATSC5i,-0.1685495947407048
ATSC5m,638.3739215059687
ATSC5p,0.5312083929220515
ATSC5s,107.18719371196693
ATSC5v,534.5523006189245
ATSC6Z,-99.04040404040404
ATSC6c,-0.22526431989788437
ATSC6d,0.47474747474747386
ATSC6i,2.2810161093201775
ATSC6m,-449.15024410101023
ATSC6p,0.04154952841311088
ATSC6s,-30.646139463912103
ATSC6v,-163.2263072650569
ATSC7Z,-50.32690541781451
ATSC7c,-0.20902737736260005
ATSC7d,-0.043158861340679824
ATSC7i,1.2274920834088836
ATSC7m,-218.5467584274565
ATSC7p,-0.05473315292380625
ATSC7s,-20.685392473809046
ATSC7v,12.636477962790632
ATSC8Z,46.61799816345272
ATSC8c,0.3331653628525202
ATSC8d,-1.720844811753903
ATSC8i,11.563037519405144
ATSC8m,196.3626787288798
ATSC8p,1.2303720307717971
ATSC8s,0.6813496174174717
ATSC8v,114.46156684484768
AXp-0d,0.7273926729497511
AXp-1d,0.4642896331996186
AXp-2d,0.31851218953768545
AXp-3d,0.20492248589738551
AXp-4d,0.1325685666960241
AXp-5d,0.09336018958194868
AXp-6d,0.05930795057690263
AXp-7d,0.039412188294053636
GATS1Z,0.9599655179197217
GATS1c,1.5520969782175356
GATS1d,1.2543161060369796
GATS1i,1.4807314060278505
GATS1m,0.960172311750671
GATS1p,1.419943300704502
GATS1s,0.7479202630934046
GATS1v,1.198764815754398
GATS2Z,1.085626059122576
GATS2c,0.8773480784256775
GATS2d,1.3686380597014929
GATS2i,1.3217413723509563
GATS2m,1.0853182572967959
GATS2p,1.2859463669310345
GATS2s,0.44362994693421953
GATS2v,1.224375319301745
GATS3Z,1.0255797274683243
GATS3c,0.8910016715717736
GATS3d,1.045431200737884
GATS3i,0.9915792755833401
GATS3m,1.0236475985613032
GATS3p,1.0094138082942918
GATS3s,0.8703983991328191
GATS3v,1.0153593561114074
GATS4Z,1.0728029090566749
GATS4c,1.066992595403337
GATS4d,1.0838386194029852
GATS4i,1.0426057168042844
GATS4m,1.0637372578602884
GATS4p,1.10638009461118
GATS4s,1.1048705389393991
GATS4v,1.0032871417798945
GATS5Z,0.9601029217938354
GATS5c,0.8129048354053234
GATS5d,1.029891900790167
GATS5i,0.9706640712302934
GATS5m,0.9521283200677695
GATS5p,0.9844283438165686
GATS5s,0.8960200697878246
GATS5v,0.9085493124101439
GATS6Z,1.052969577964871
GATS6c,1.2860817017231219
GATS6d,0.9484941364605546
GATS6i,0.9620324004287059
GATS6m,1.053104556543801
GATS6p,0.9474350318807568
GATS6s,1.399859091086361
GATS6v,0.9823008486616864
GATS7Z,0.9780549470803357
GATS7c,1.3842728603718344
GATS7d,0.9511476508303555
GATS7i,0.935535389279907
GATS7m,0.9808923169972439
GATS7p,0.9325379322290382
GATS7s,1.1926408517769622
GATS7v,0.9652252037870331
GATS8Z,0.7914592281359295
GATS8c,1.097424751868624
GATS8d,1.000466417910448
GATS8i,0.8733351381334606
GATS8m,0.8101828062890706
GATS8p,0.8311205326235795
GATS8s,0.9203059651234082
GATS8v,0.9515906411590626
MATS1Z,0.1938766907319925
MATS1c,-0.5422393432675121
MATS1d,0.1357763421697483
MATS1i,-0.07912306339808817
MATS1m,0.1813593974287118
MATS1p,-0.03648967278909415
MATS1s,-0.13805251442388955
MATS1v,0.02189393881726999
MATS2Z,-0.05606703069101861
MATS2c,0.0718921805624675
MATS2d,-0.10407462686567166
MATS2i,-0.11766894201687193
MATS2m,-0.057995996407750924
MATS2p,-0.13575955317427213
MATS2s,0.2708064294498656
MATS2v,-0.1301111209309816
MATS3Z,-0.02505347180644794
MATS3c,0.013138462883644621
MATS3d,0.00824878416904242
MATS3i,0.02927066590683506
MATS3m,-0.02462033828157267
MATS3p,0.0075686337108103
MATS3s,-0.03274481608844705
MATS3v,-0.014027859291947376
MATS4Z,0.01670432435825018
MATS4c,-0.14446704688733208
MATS4d,-0.03955223880597016
MATS4i,-0.05568424611350797
MATS4m,0.015378631469427025
MATS4p,-0.039908359160327
MATS4s,-0.10074801045756991
MATS4v,-0.005289029184732973
MATS5Z,0.08029339772060211
MATS5c,0.1789532281740846
MATS5d,-0.0008011413520632154
MATS5i,-0.0007237069263983179
MATS5m,0.08347176328073651
MATS5p,0.011802546092745095
MATS5s,0.32592461316377286
MATS5v,0.06248833640444801
MATS6Z,-0.06593458321004922
MATS6c,-0.08290130941746639
MATS6d,0.006263326226012784
MATS6i,0.010811639828471917
MATS6m,-0.06483123446778861
MATS6p,0.0010190724866671653
MATS6s,-0.10286751111564467
MATS6v,-0.02106333407142223
MATS7Z,-0.03633569445291595
MATS7c,-0.08342659719243162
MATS7d,-0.0006175110363674629
MATS7i,0.00630978110705629
MATS7m,-0.03421128578356368
MATS7p,-0.0014558673974415916
MATS7s,-0.07530062838228706
MATS7v,0.001768460569959674
MATS8Z,0.037633228909839486
MATS8c,0.1486776972220137
MATS8d,-0.027529674462334012
MATS8i,0.06645874743603758
MATS8m,0.03436913476635557
MATS8p,0.03659252915301491
MATS8s,0.002773252893789046
MATS8v,0.017910744837380574
MAXsOH,9.383587663836643
MAXssO,5.787542299639542
MINsOH,9.383587663836643
MINssO,5.787542299639542
NddssS,1
NdssSe,0
NdsssP,0
NsAsH2,0
NsGeH3,0
NsPbH3,0
NsSiH3,0
NsSnH3,0
NssAsH,0
NssCH2,12
NssNH2,0
NsssAs,0
NsssCH,2
NsssNH,0
NssssB,0
NssssC,0
NssssN,0
Radius,10
SM1_Dt,0.0
SddssS,-3.601087932491708
SdssSe,0
SdsssP,0
SpAD_A,37.48688757376144
SpAD_D,448.53177663741207
SsAsH2,0
SsGeH3,0
SsPbH3,0
SsSiH3,0
SsSnH3,0
SssAsH,0
SssCH2,10.204272853483985
SssNH2,0
SsssAs,0
SsssCH,-0.3326642386476649
SsssNH,0
SssssB,0
SssssC,0
SssssN,0
TMPC10,530
TMWC10,134.88247059311354
TSRW10,64.66979546168058
VE1_Dt,5.383305703462814
VE2_Dt,0.17944352344876047
VE3_Dt,2.7819149171718065
VR1_Dt,181.97351598482882
VR2_Dt,6.06578386616096
VR3_Dt,6.302473448589468
Xc-3dv,1.1447363879657513
Xc-4dv,0.07216878364870322
Xc-5dv,0.018633899812498248
Xc-6dv,0.0
Xch-3d,0.0
Xch-4d,0.0
Xch-5d,0.0
Xch-6d,0.1853954059492991
Xch-7d,0.19001991384646114
Xp-0dv,18.754334618123327
Xp-1dv,12.698405651346253
Xp-2dv,9.940240368319252
Xp-3dv,6.953641978040351
Xp-4dv,5.04656709230635
Xp-5dv,3.540069642140982
Xp-6dv,1.738698743438218
Xp-7dv,1.096770343735119
Xpc-4d,3.353200571319664
Xpc-5d,4.381890294137532
Xpc-6d,6.494372505566695
n3Ring,0
n4Ring,0
n5Ring,0
n6Ring,2
n7Ring,0
n8Ring,0
n9Ring,0
nARing,1
nBonds,67
nFRing,0
nHBAcc,5
nHBDon,3
nHRing,1
nSpiro,0
naRing,1
piPC10,5.523957798060834
AATS0dv,5.34006734006734
AATS0pe,6.084887878787879
AATS0se,7.631238742424241
AATS1dv,3.8805970149253732
AATS1pe,6.36777014925373
AATS1se,7.7215385671641785
AATS2dv,3.3946666666666667
AATS2pe,6.2061072
AATS2se,7.659458208
AATS3dv,2.00749063670412
AATS3pe,5.962666853932584
AATS3se,7.534298662921349
AATS4dv,1.9370370370370371
AATS4pe,5.933752222222223
AATS4se,7.535969333333334
AATS5dv,2.7529411764705882
AATS5pe,6.0318170588235285
AATS5se,7.623951011764705
AATS6dv,2.188311688311688
AATS6pe,6.101480519480519
AATS6se,7.688807220779221
AATS7dv,2.272300469483568
AATS7pe,6.0397507042253515
AATS7se,7.63251947887324
AATS8dv,2.2125984251968505
AATS8pe,6.007913385826771
AATS8se,7.588402503937008
AATSC0Z,9.753902662993571
AATSC0c,0.01764453823818674
AATSC0d,0.4921946740128557
AATSC0i,1.3699857887105495
AATSC0m,44.986958070018375
AATSC0p,0.26475264133078974
AATSC0s,1.934536020669345
AATSC0v,50.320195394648955
AATSC1Z,1.891054370023163
AATSC1c,-0.009567562826532884
AATSC1d,0.06682839247289721
AATSC1i,-0.10839747241462463
AATSC1m,8.158807607729255
AATSC1p,-0.009660737252208921
AATSC1s,-0.26706756189698866
AATSC1v,1.1017072792435154
AATSC2Z,-0.5468723599632687
AATSC2c,0.0012685043289610834
AATSC2d,-0.05122497704315886
AATSC2i,-0.16120477833572022
AATSC2m,-2.609063458624427
AATSC2p,-0.035942700288776344
AATSC2s,0.5238847923996167
AATSC2v,-6.547217028263794
AATSC3Z,-0.24436912537014693
AATSC3c,0.00023182211074146474
AATSC3d,0.004060007635084239
AATSC3i,0.04010039631845842
AATSC3m,-1.107594125942778
AATSC3p,0.0020038157662022834
AATSC3s,-0.06334602621329391
AATSC3v,-0.7058846205394339
AATSC4Z,0.16293235384144483
AATSC4c,-0.0025490543329614477
AATSC4d,-0.019467401285583105
AATSC4i,-0.07628662583056657
AATSC4m,0.6918378490893786
AATSC4p,-0.01056584349887439
AATSC4s,-0.19490065524094086
AATSC4v,-0.266144982023764
AATSC5Z,0.783173985847783
AATSC5c,0.0031575470773645923
AATSC5d,-0.0003943175066169728
AATSC5i,-0.0009914682043570871
AATSC5m,3.7551407147409925
AATSC5p,0.0031247552524826558
AATSC5s,0.6305129041880407
AATSC5v,3.1444252977583793
AATSC6Z,-0.6431195067558704
AATSC6c,-0.0014627553240122361
AATSC6d,0.0030827758100485316
AATSC6i,0.014811792917663491
AATSC6m,-2.9165600266299365
AATSC6p,0.00026980213255266804
AATSC6s,-0.19900090560981884
AATSC6v,-1.0599110861367331
AATSC7Z,-0.35441482688601766
AATSC7c,-0.0014720237842436622
AATSC7d,-0.00030393564324422413
AATSC7i,0.008644310446541435
AATSC7m,-1.539061679066595
AATSC7p,-0.000385444738900044
AATSC7s,-0.14567177798457073
AATSC7v,0.08898928142810304
AATSC8Z,0.36707085168073006
AATSC8c,0.0026233493137993716
AATSC8d,-0.013549959147668527
AATSC8i,0.09104753952287516
AATSC8m,1.5461628246368488
AATSC8p,0.009687968746234623
AATSC8s,0.005364957617460407
AATSC8v,0.9012721798806904
ATS0are,397.7934
ATS1are,416.4038
ATS2are,763.1890000000001
ATS3are,1048.7110000000002
ATS4are,1055.368
ATS5are,1015.686
ATS6are,930.714
ATS7are,849.3540000000002
ATS8are,755.6479999999999
ATSC0dv,222.33670033670035
ATSC0pe,8.079181818181812
ATSC0se,5.421864257575755
ATSC1dv,23.284460769309263
ATSC1pe,-0.1603603305785074
ATSC1se,0.19327190518824555
ATSC2dv,58.11988572594633
ATSC2pe,2.5550132231405005
ATSC2se,2.0891760576216707
ATSC3dv,-7.830629527599221
ATSC3pe,-0.6319842975206607
ATSC3se,-0.4907989067952247
ATSC4dv,9.441995714722989
ATSC4pe,-1.2034413223140503
ATSC4se,-0.9553396418732782
ATSC5dv,99.70176512600756
ATSC5pe,4.189480165289255
ATSC5se,2.6775822153351685
ATSC6dv,-53.94725028058362
ATSC6pe,-2.962654545454541
ATSC6se,-2.269985752525252
ATSC7dv,-13.778287929803087
ATSC7pe,-1.3182214876033036
ATSC7se,-1.2087375087235996
ATSC8dv,-22.769105193347617
ATSC8pe,0.9157652892561998
ATSC8se,1.1665093831496784
AXp-0dv,0.6251444872707775
AXp-1dv,0.4096259887531049
AXp-2dv,0.2485060092079813
AXp-3dv,0.15803731768273524
AXp-4dv,0.09895229592757548
AXp-5dv,0.05803392855968823
AXp-6dv,0.03409213222427878
AXp-7dv,0.020693780070473945
BertzCT,730.399716832882
ECIndex,933
ETA_eta,32.57880206932677
GATS1dv,0.715116681185043
GATS1pe,0.7548057246147655
GATS1se,0.6806205785959113
GATS2dv,0.7935012266408213
GATS2pe,0.6904020884202947
GATS2se,0.6319065947128478
GATS3dv,0.975592927443234
GATS3pe,0.9592565932264656
GATS3se,0.9472562912126956
GATS4dv,0.965745550272082
GATS4pe,1.0353160917384627
GATS4se,1.0549102886331294
GATS5dv,0.9128753191314991
GATS5pe,0.8848036678410943
GATS5se,0.9194319895063912
GATS6dv,1.2622069150524187
GATS6pe,1.350843598345596
GATS6se,1.4284115939296096
GATS7dv,1.1663093852206738
GATS7pe,1.2203550176620936
GATS7se,1.303383205049106
GATS8dv,1.1768150218009858
GATS8pe,1.000543010363513
GATS8se,0.9780119529499326
LogEE_A,4.2858524995690495
LogEE_D,224.26588831870603
MATS1dv,0.10316304716837418
MATS1pe,-0.019552337893075013
MATS1se,0.035114720849181706
MATS2dv,0.13802174637308054
MATS2pe,0.16697816835638216
MATS2se,0.20345123116701888
MATS3dv,-0.013058985956502482
MATS3pe,-0.029004330098960505
MATS3se,-0.03356439934327821
MATS4dv,0.015571271365256283
MATS4pe,-0.054617141699767155
MATS4se,-0.06460715085789064
MATS5dv,0.17409516309779813
MATS5pe,0.20132039367040272
MATS5se,0.19172960987400847
MATS6dv,-0.10398755619399529
MATS6pe,-0.15715812807327462
MATS6se,-0.17943109428407594
MATS7dv,-0.028803130440272565
MATS7pe,-0.07583620569836855
MATS7se,-0.10361889338933093
MATS8dv,-0.05322001860649691
MATS8pe,0.058905657913261474
MATS8se,0.1118097845885137
MAXaaCH,1.812134539192169
MAXaasC,0.7489347031276632
MAXdssC,-1.1767156646995984
MAXsCH3,1.8911920689883668
MAXssNH,3.3881293053908723
MDEC-12,1.7849072793162224
MDEC-13,0.548698568985544
MDEC-22,21.53783254660035
MDEC-23,16.28662887370531
MDEC-33,2.195148245639124
MDEN-22,0.06666666666666665
MDEO-11,1.628650569956944
MDEO-12,0.47140452079103173
MINaaCH,1.7923044707884173
MINaasC,0.7463128607286709
MINdssC,-1.1767156646995984
MINsCH3,1.8911920689883668
MINssNH,2.303497527381352
NddssSe,0
NssGeH2,0
NssPbH2,0
NssSiH2,0
NssSnH2,0
NsssGeH,0
NsssPbH,0
NsssSiH,0
NsssSnH,0
NsssdAs,0
NssssBe,0
NssssGe,0
NssssPb,0
NssssSi,0
NssssSn,0
NsssssP,0
SM1_DzZ,2.1607142857142856
SM1_Dzi,1.2292696050370093
SM1_Dzm,2.156686954890782
SM1_Dzp,-6.023697027024914
SM1_Dzv,-2.4760427716055182
SddssSe,0
SpAD_Dt,539.4153044926506
SpAbs_A,37.48688757376144
SpAbs_D,448.53177663741195
SpMAD_A,1.2495629191253814
SpMAD_D,14.95105922124707
SpMax_A,2.3178028880451276
SpMax_D,224.26588831870603
SssGeH2,0
SssPbH2,0
SssSiH2,0
SssSnH2,0
SsssGeH,0
SsssPbH,0
SsssSiH,0
SsssSnH,0
SsssdAs,0
SssssBe,0
SssssGe,0
SssssPb,0
SssssSi,0
SssssSn,0
SsssssP,0
TopoPSA,113.11
TpiPC10,7.318083542756289
VAdjMat,5.954196310386875
VE1_DzZ,5.374441669829304
VE1_Dzi,5.3728431033565
VE1_Dzm,5.374452336328491
VE1_Dzp,5.38692411517206
VE1_Dzv,5.37994987272419
VE2_DzZ,0.1791480556609768
VE2_Dzi,0.17909477011188332
VE2_Dzm,0.1791484112109497
VE2_Dzp,0.179564137172402
VE2_Dzv,0.17933166242413964
VE3_DzZ,2.7802669819058208
VE3_Dzi,2.779969499049763
VE3_Dzm,2.7802689665749747
VE3_Dzp,2.7825868456090483
VE3_Dzv,2.7812913454608847
VR1_DzZ,181.98942997987388
VR1_Dzi,182.70999774356676
VR1_Dzm,181.98858614538022
VR1_Dzp,181.67139774210116
VR1_Dzv,182.301174260197
VR2_DzZ,6.066314332662462
VR2_Dzi,6.090333258118892
VR2_Dzm,6.066286204846008
VR2_Dzp,6.055713258070039
VR2_Dzv,6.076705808673234
VR3_DzZ,6.3025608970247085
VR3_Dzi,6.306512472741876
VR3_Dzm,6.302556260291411
VR3_Dzp,6.300811836941212
VR3_Dzv,6.304272411693457
Xch-3dv,0.0
Xch-4dv,0.0
Xch-5dv,0.0
Xch-6dv,0.09994656142648099
Xch-7dv,0.08201312163160539
Xpc-4dv,1.705889935528381
Xpc-5dv,2.274942595570895
Xpc-6dv,2.6829550334083683
Zagreb1,142.0
Zagreb2,155.0
fragCpx,91.08
n10Ring,0
n11Ring,0
n12Ring,0
n3ARing,0
n3HRing,0
n3aRing,0
n4ARing,0
n4FRing,0
n4HRing,0
n4aRing,0
n5ARing,0
n5FRing,0
n5HRing,0
n5aRing,0
n6ARing,1
n6FRing,0
n6HRing,1
n6aRing,1
n7ARing,0
n7FRing,0
n7HRing,0
n7aRing,0
n8ARing,0
n8FRing,0
n8HRing,0
n8aRing,0
n9ARing,0
n9FRing,0
n9HRing,0
n9aRing,0
nAHRing,1
nBondsA,6
nBondsD,3
nBondsM,9
nBondsO,31
nBondsS,58
nBondsT,0
nFARing,0
nFHRing,0
nFaRing,0
nHetero,8
naHRing,0
AATS0are,6.027172727272728
AATS1are,6.2149820895522385
AATS2are,6.105512000000001
AATS3are,5.891634831460675
AATS4are,5.863155555555555
AATS5are,5.974623529411765
AATS6are,6.043597402597403
AATS7are,5.9813661971831
AATS8are,5.949984251968504
AATSC0dv,3.3687378838893993
AATSC0pe,0.12241184573002746
AATSC0se,0.0821494584481175
AATSC1dv,0.3475292652135711
AATSC1pe,-0.0023934377698284688
AATSC1se,0.002884655301317098
AATSC2dv,0.46495908580757067
AATSC2pe,0.020440105785124004
AATSC2se,0.016713408460973366
AATSC3dv,-0.04399230071684956
AATSC3pe,-0.0035504735815767453
AATSC3se,-0.0027572972291866555
AATSC4dv,0.05245553174846105
AATSC4pe,-0.006685785123966947
AATSC4se,-0.005307442454851546
AATSC5dv,0.5864809713294562
AATSC5pe,0.024644000972289734
AATSC5se,0.015750483619618637
AATSC6dv,-0.3503068200037897
AATSC6pe,-0.01923801652892559
AATSC6se,-0.014740167224189948
AATSC7dv,-0.09703019668875414
AATSC7pe,-0.009283249912699321
AATSC7se,-0.008512235976926758
AATSC8dv,-0.17928429286100486
AATSC8pe,0.007210750309103935
AATSC8se,0.009185113253147074
AETA_eta,1.085960068977559
ATSC0are,8.55584848484848
ATSC1are,-0.49787346189163684
ATSC2are,3.1232839302112096
ATSC3are,-0.5879974288337924
ATSC4are,-1.6366534435261724
ATSC5are,4.470796326905419
ATSC6are,-3.289367676767667
ATSC7are,-1.4781770431588568
ATSC8are,1.1118703397612504
BCUTZ-1h,16.013122665129195
BCUTZ-1l,5.693497100612924
BCUTc-1h,0.45429521708818815
BCUTc-1l,-0.5249295075757519
BCUTd-1h,4.038954724946125
BCUTd-1l,0.9706140057614998
BCUTi-1h,14.541121066160846
BCUTi-1l,10.320183059891994
BCUTm-1h,32.06654415263922
BCUTm-1l,11.704802501330482
BCUTp-1h,2.9543768919566014
BCUTp-1l,0.7414422634119506
BCUTs-1h,7.0145825815370815
BCUTs-1l,0.2980082787099781
BCUTv-1h,24.441823874744145
BCUTv-1l,14.699973098834596
BalabanJ,1.5872287515710288
Diameter,20
ETA_beta,28.75
GATS1are,0.7821768441803688
GATS2are,0.6606110440138413
GATS3are,0.9514204563204203
GATS4are,1.0488699324344268
GATS5are,0.8921860686345
GATS6are,1.3800776638951306
GATS7are,1.2404849650208196
GATS8are,1.0001069788321633
HybRatio,0.6818181818181818
Lipinski,True
LogEE_Dt,269.7076522463253
MATS1are,-0.05732248713470641
MATS2are,0.19274463755078095
MATS3are,-0.025482162165733
MATS4are,-0.07013988895303477
MATS5are,0.20286952603122918
MATS6are,-0.16476787858334377
MATS7are,-0.08030063124200176
MATS8are,0.06753536862141862
MAXddssS,-3.601087932491708
MAXssCH2,1.2722401418160176
MAXsssCH,0.8399174440639231
MINddssS,-3.601087932491708
MINssCH2,-0.05784386285378318
MINsssCH,-1.172581682711588
NsssssAs,0
RotRatio,0.45161290322580644
SM1_Dzpe,1.6276009791921666
SM1_Dzse,1.594356091478482
SMR_VSA1,23.05572451704151
SMR_VSA2,0.0
SMR_VSA3,10.038883468458419
SMR_VSA4,5.917906046161393
SMR_VSA5,64.33215101224668
SMR_VSA6,25.449248383084857
SMR_VSA7,29.828919765543436
SMR_VSA8,0.0
SMR_VSA9,5.749511833283905
SpAD_DzZ,367.95210685614376
SpAD_Dzi,394.0520585981533
SpAD_Dzm,367.9989759619873
SpAD_Dzp,487.69031935463823
SpAD_Dzv,448.50209791648814
SpAbs_Dt,539.4153044926506
SpDiam_A,4.635605776090255
SpDiam_D,348.8645163289739
SpMAD_Dt,17.980510149755023
SpMax_Dt,269.7076522463253
SsssssAs,0
VE1_Dzpe,5.371718062919018
VE1_Dzse,5.372175514567655
VE2_Dzpe,0.17905726876396727
VE2_Dzse,0.17907251715225517
VE3_Dzpe,2.779760083248749
VE3_Dzse,2.7798452389040267
VMcGowan,347.5800000000013
VR1_Dzpe,182.69033151360387
VR1_Dzse,182.6212195346384
VR2_Dzpe,6.089677717120129
VR2_Dzse,6.0873739844879475
VR3_Dzpe,6.306404830638642
VR3_Dzse,6.306026457824579
mZagreb1,10.368055555555555
mZagreb2,6.861111111111111
n10ARing,0
n10FRing,0
n10HRing,0
n10aRing,0
n11ARing,0
n11FRing,0
n11HRing,0
n11aRing,0
n12ARing,0
n12FRing,0
n12HRing,0
n12aRing,0
n3AHRing,0
n3aHRing,0
n4AHRing,0
n4FARing,0
n4FHRing,0
n4FaRing,0
n4aHRing,0
n5AHRing,0
n5FARing,0
n5FHRing,0
n5FaRing,0
n5aHRing,0
n6AHRing,1
n6FARing,0
n6FHRing,0
n6FaRing,0
n6aHRing,0
n7AHRing,0
n7FARing,0
n7FHRing,0
n7FaRing,0
n7aHRing,0
n8AHRing,0
n8FARing,0
n8FHRing,0
n8FaRing,0
n8aHRing,0
n9AHRing,0
n9FARing,0
n9FHRing,0
n9FaRing,0
n9aHRing,0
nBondsKD,6
nBondsKS,61
nFAHRing,0
nFaHRing,0
nG12Ring,0
AATSC0are,0.12963406795224972
AATSC1are,-0.00743094719241249
AATSC2are,0.02498627144168968
AATSC3are,-0.0033033563417628783
AATSC4are,-0.009092519130700957
AATSC5are,0.026298801922973052
AATSC6are,-0.021359530368621215
AATSC7are,-0.010409697487034202
AATSC8are,0.008754884565049215
AETA_beta,0.9583333333333334
BCUTdv-1h,6.022742428361973
BCUTdv-1l,0.6398652989411666
BCUTpe-1h,3.5370366718430826
BCUTpe-1l,2.2428608978648534
BCUTse-1h,3.7682775145977803
BCUTse-1l,2.4388788352503736
ETA_alpha,14.300000000000002
ETA_dBeta,-6.75
ETA_eta_B,0.5212349331849211
ETA_eta_F,21.734399010904447
ETA_eta_L,9.61620301101831
ETA_eta_R,54.31320108023122
ETA_psi_1,0.5521235521235526
LabuteASA,180.19444713769127
LogEE_DzZ,183.6613453254012
LogEE_Dzi,197.06700495257786
LogEE_Dzm,183.6843463520176
LogEE_Dzp,243.06923012105503
LogEE_Dzv,224.00344468108352
PEOE_VSA1,15.160178952647085
PEOE_VSA2,4.794537184071822
PEOE_VSA3,13.139891848781026
PEOE_VSA4,0.0
PEOE_VSA5,0.0
PEOE_VSA6,31.898114582465862
PEOE_VSA7,75.22853422416281
PEOE_VSA8,0.0
PEOE_VSA9,12.359735571259707
SM1_Dzare,1.7753167695229957
SpAD_Dzpe,388.3427922775079
SpAD_Dzse,387.84287820533547
SpAbs_DzZ,366.1011277820208
SpAbs_Dzi,392.9611567854277
SpAbs_Dzm,366.15137501999067
SpAbs_Dzp,492.16215726913504
SpAbs_Dzv,450.4829321337725
SpDiam_Dt,401.75998195286684
SpMAD_DzZ,12.265070228538125
SpMAD_Dzi,13.135068619938442
SpMAD_Dzm,12.266632532066243
SpMAD_Dzp,16.25634397848794
SpMAD_Dzv,14.950069930549605
SpMax_DzZ,183.6613453254012
SpMax_Dzi,197.06700495257786
SpMax_Dzm,183.6843463520176
SpMax_Dzp,243.06923012105503
SpMax_Dzv,224.00344468108352
VE1_Dzare,5.3711151687097525
VE2_Dzare,0.1790371722903251
VE3_Dzare,2.7796478420555926
VR1_Dzare,182.74212948967119
VR2_Dzare,6.091404316322373
VR3_Dzare,6.3066883192826015
n10AHRing,0
n10FARing,0
n10FHRing,0
n10FaRing,0
n10aHRing,0
n11AHRing,0
n11FARing,0
n11FHRing,0
n11FaRing,0
n11aHRing,0
n12AHRing,0
n12FARing,0
n12FHRing,0
n12FaRing,0
n12aHRing,0
n4FAHRing,0
n4FaHRing,0
n5FAHRing,0
n5FaHRing,0
n6FAHRing,0
n6FaHRing,0
n7FAHRing,0
n7FaHRing,0
n8FAHRing,0
n8FaHRing,0
n9FAHRing,0
n9FaHRing,0
nAromAtom,6
nAromBond,6
nG12ARing,0
nG12FRing,0
nG12HRing,0
nG12aRing,0
AETA_alpha,0.47666666666666674
AETA_dBeta,-0.225
AETA_eta_B,0.0173744977728307
AETA_eta_F,0.7244799670301483
AETA_eta_L,0.32054010036727704
AETA_eta_R,1.8104400360077073
BCUTare-1h,3.581111820182241
BCUTare-1l,2.192974433533525
ETA_beta_s,17.75
ETA_dPsi_A,0.1618764478764474
ETA_dPsi_B,0.0
ETA_eta_BR,0.693234933184921
ETA_eta_FL,4.776775618169864
ETA_eta_RL,14.392978629188175
LogEE_Dzpe,194.22564950472704
LogEE_Dzse,193.97458430571703
PEOE_VSA10,11.791352662431866
PEOE_VSA11,0.0
PEOE_VSA12,10.023291153407584
PEOE_VSA13,0.0
SlogP_VSA1,14.775746422258468
SlogP_VSA2,50.984718879354304
SlogP_VSA3,21.238649960405414
SlogP_VSA4,5.917906046161393
SlogP_VSA5,57.43294005186969
SlogP_VSA6,24.26546827384644
SlogP_VSA7,0.0
SlogP_VSA8,0.0
SlogP_VSA9,0.0
SpAD_Dzare,386.65880367656627
SpAbs_Dzpe,386.8515703578272
SpAbs_Dzse,386.37568158653994
SpDiam_DzZ,287.7317212431678
SpDiam_Dzi,304.83286008997965
SpDiam_Dzm,287.77223405413275
SpDiam_Dzp,383.37548008717954
SpDiam_Dzv,348.07252847864675
SpMAD_Dzpe,12.944759742583596
SpMAD_Dzse,12.92809594017785
SpMax_Dzpe,194.22564950472704
SpMax_Dzse,193.97458430571703
n10FAHRing,0
n10FaHRing,0
n11FAHRing,0
n11FaHRing,0
n12FAHRing,0
n12FaHRing,0
nG12AHRing,0
nG12FARing,0
nG12FHRing,0
nG12FaRing,0
nG12aHRing,0
nHeavyAtom,30
AETA_beta_s,0.5916666666666667
AETA_eta_BR,0.023107831106164035
AETA_eta_FL,0.1592258539389955
AETA_eta_RL,0.4797659543062725
DetourIndex,3883
EState_VSA1,22.034437270507397
EState_VSA2,12.1736752296728
EState_VSA3,13.027703587438928
EState_VSA4,43.162025428819454
EState_VSA5,25.683286491704038
EState_VSA6,12.13273413692322
EState_VSA7,19.056471336613843
EState_VSA8,10.038883468458419
EState_VSA9,4.736862953800049
ETA_beta_ns,11.0
ETA_shape_p,0.12820512820512817
ETA_shape_x,0.058275058275058265
ETA_shape_y,0.1748251748251748
GhoseFilter,True
LogEE_Dzare,193.3885790639339
SlogP_VSA10,0.0
SlogP_VSA11,5.749511833283905
SpAbs_Dzare,385.0393277603446
SpDiam_Dzpe,300.163767368254
SpDiam_Dzse,300.0590628147276
SpMAD_Dzare,12.888626789218876
SpMax_Dzare,193.3885790639339
TopoPSA(NO),104.73
VSA_EState1,0.0
VSA_EState2,0.0
VSA_EState3,0.0
VSA_EState4,0.0
VSA_EState5,0.0
VSA_EState6,0.0
VSA_EState7,0.0
VSA_EState8,24.047088428419215
VSA_EState9,51.63733283740582
nBridgehead,0
nG12FAHRing,0
nG12FaHRing,0
AETA_beta_ns,0.36666666666666664
EState_VSA10,18.318861563241462
ETA_dAlpha_A,0.0
ETA_dAlpha_B,0.02333333333333325
FilterItLogS,-5.650737071689675
SpDiam_Dzare,298.6757944383982
ETA_beta_ns_d,0.5
ETA_epsilon_1,0.5560606060606054
ETA_epsilon_2,0.8633333333333328
ETA_epsilon_3,0.43636363636363584
ETA_epsilon_4,0.5347222222222213
ETA_epsilon_5,0.8121212121212117
AETA_beta_ns_d,0.016666666666666666
ETA_dEpsilon_A,0.11969696969696952
ETA_dEpsilon_B,0.021338383838384045
ETA_dEpsilon_C,-0.09835858585858548
ETA_dEpsilon_D,0.05121212121212115
PetitjeanIndex,0.5
TopoShapeIndex,1.0
CDK Descriptors
FMFDescriptor,0.5666666666666667
MDEDescriptor,"0.0,1.7849072793162224,0.548698568985544,0.0,21.53783254660035,16.28662887370531,0.0,2.195148245639124,0.0,0.0,1.628650569956944,0.47140452079103173,0.0,0.0,0.0,0.0,0.06666666666666665,0.0,0.0"
APolDescriptor,71.83454799999998
BCUTDescriptor,"11.996141432971978,31.972072528727598,-0.3497718734088494,0.2968380201791372,4.7074812808351,10.736014441845041"
BPolDescriptor,50.025451999999994
TPSADescriptor,113.11
ALOGPDescriptor,"-1.6893000000000011,2.853734490000004,105.60929999999998"
XLogPDescriptor,3.608000000000001
VAdjMaDescriptor,5.954196310386876
WeightDescriptor,440.23449353999996
ChiPathDescriptor,"21.821780188492532,14.392978629188176,12.740487581507418,9.016589379484962,6.760996901497231,5.6949715644988705,3.0247054794220345,2.088845979584842,18.141579808093844,11.458432957618896,8.53427828549998,5.850628295087012,3.9927528499972484,2.8027875096268926,1.3798509402440886,0.851941921421825"
ChiChainDescriptor,"0.0,0.0,0.0,0.1853954059492991,0.19001991384646116,0.0,0.0,0.0,0.099946561426481,0.0820131216316054"
AtomCountDescriptor,66
BondCountDescriptor,31
SmallRingDescriptor,"2,1,2,1,0,0,0,2,0,0,0"
ChiClusterDescriptor,"2.319479216882342,0.25,0.16666666666666666,0.0,0.8445725629749934,0.03606186020065962,0.018633899812498248,0.0"
RuleOfFiveDescriptor,1
CarbonTypesDescriptor,"0,0,1,5,1,5,9,1,0"
ZagrebIndexDescriptor,142.0
LargestChainDescriptor,21
MannholdLogPDescriptor,3.0
WeightedPathDescriptor,"59.75022619149668,1.9916742063832227,22.216942122171844,12.820778067355139,5.991198192659299"
FractionalPSADescriptor,0.2569312529112914
WienerNumbersDescriptor,"3235.0,38.0"
AminoAcidCountDescriptor,"1,0,0,0,0,2,0,0,1,0,0,0,0,0,0,0,0,2,0,0"
ChiPathClusterDescriptor,"3.353200571319664,4.381890294137532,6.194884328305473,1.3356029757268286,1.676735371507339,1.795110422464224"
FractionalCSP3Descriptor,0.6818181818181818
KierHallSmartsDescriptor,"0,0,0,0,0,0,1,0,12,0,0,4,2,0,0,1,2,0,0,0,0,0,0,2,0,0,0,0,0,0,0,0,0,1,3,1,0,0,0,0,0,0,0,0,0,0,0,0,0,0,0,0,1,0,0,0,0,0,0,0,0,0,0,0,0,0,0,0,0,0,0,0,0,0,0,0,0,0,0"
BasicGroupCountDescriptor,1
HBondDonorCountDescriptor,3
LargestPiSystemDescriptor,7
PetitjeanNumberDescriptor,0.5
AcidicGroupCountDescriptor,1
KappaShapeIndicesDescriptor,"26.253902185223726,14.21,10.933884297520661"
AromaticAtomsCountDescriptor,6
AromaticBondsCountDescriptor,6
FragmentComplexityDescriptor,3619.08
HBondAcceptorCountDescriptor,6
HybridizationRatioDescriptor,0.6818181818181818
AutocorrelationDescriptorMass,"40.7200588187077,41.72295308695121,49.150985180151245,47.60365240152658,48.438016816457875"
PetitjeanShapeIndexDescriptor,"1.0,NaN"
RotatableBondsCountDescriptor,14
AutocorrelationDescriptorCharge,"0.6097665618129585,-0.2745280985648463,-0.011483962603650266,0.05634597894442815,-0.17249074767114037"
EccentricConnectivityIndexDescriptor,933
AutocorrelationDescriptorPolarizability,"1957.559753926377,2151.6947584511563,2740.670208653513,2597.6366086161984,2388.8704290022183"
