DLiP-ID,T001TI
DLiP-Mol-ID,17704
Vendor-ID,
Standard Inchi(RDKit),"InChI=1S/C19H18N4O4/c20-17(21)11-1-3-12(4-2-11)18(26)22-14-5-6-15-13(9-14)7-8-23(19(15)27)10-16(24)25/h1-6,9H,7-8,10H2,(H3,20,21)(H,22,26)(H,24,25)"
Standard Inchi Key(RDKit),GHDCUSYVABYCFY-UHFFFAOYSA-N
Canonical SMILES(RDKit),N=C(N)c1ccc(C(=O)Nc2ccc3c(c2)CCN(CC(=O)O)C3=O)cc1
SMILES(SDF),
MW(SDF),
MW(RDKit),366.377
MW Monoisotopic(RDKit),366.132805056
MolLogP(RDKit),1.30587
XLogP(SDF),
XLogP(CDK),-0.788
ALogP(SDF),
Num H Acceptors(SDF),
nHAcceptors(SDF),
HBA(RDKit),4
HBA Lipinski(RDKit),8
Num H Donors(SDF),
nHDonors(SDF),
HBD(RDKit),4
HBD Lipinski(RDKit),5
PSA(SDF),
PSA(RDKit),136.58
RO3 Pass,
Num RO5 Violations,0
Num Lipinski RO5 Violations,0
nBonds(SDF),
nRigidBonds(SDF),
nRotatableBonds(SDF),
nRotatableBonds(RDKit),5
nRings(SDF),
nRings(RDKit),3
Aromatic Rings(RDKit),2
nAtoms(SDF),
Heavy Atoms(RDKit),27
QED Weighted(RDKit),0.466986224526628
Molecular Formula(SDF),
PPI Type(SDF),
PDB ID(SDF),
Receptor Chain(SDF),
Protein Name Receptor(SDF),
Peptide Chain(SDF),
Protein Name Peptide(SDF),
ELM ID(SDF),
Motif Sequence(SDF),
Physical Form Apperance(SDF),
Quantity of Sample mg(SDF),
Box Num(SDF),
Box Position(SDF),
fCsp3(SDF),
nCarbons(SDF),
nHetAtoms(SDF),
nHalide(SDF),
Year(SDF),
No(SDF),
Target Pref Name,Integrins
Common Target Pref Name,Integrins
RDKit Descriptors
Ipc,1049703.6616611178
qed,0.4669862245266282
Chi0,19.551677284948283
Chi1,12.846244348298507
TPSA,136.58
Chi0n,14.359294559468157
Chi0v,14.359294559468157
Chi1n,8.247224555769293
Chi1v,8.247224555769293
Chi2n,6.187522145486427
Chi2v,6.187522145486427
Chi3n,4.3160059433692695
Chi3v,4.3160059433692695
Chi4n,2.932806929939584
Chi4v,2.932806929939584
MolMR,99.09660000000004
MolWt,366.3770000000001
fr_SH,0
Kappa1,18.121307248264863
Kappa2,7.284258020491931
Kappa3,3.947187404061225
fr_ArN,1
fr_COO,1
fr_C_O,3
fr_C_S,0
fr_NH0,1
fr_NH1,2
fr_NH2,1
fr_N_O,0
fr_azo,0
BertzCT,937.2258788174872
MolLogP,1.3058699999999999
NOCount,8
fr_Ar_N,0
fr_COO2,1
fr_urea,0
BalabanJ,1.738390275339201
SMR_VSA1,19.49013894705617
SMR_VSA2,5.409283605791522
SMR_VSA3,4.899909730850478
SMR_VSA4,5.733667477162185
SMR_VSA5,6.4208216229260096
SMR_VSA6,18.406301415831482
SMR_VSA7,64.71837544601925
SMR_VSA8,0.0
SMR_VSA9,0.0
fr_Al_OH,0
fr_Ar_NH,0
fr_Ar_OH,0
fr_HOCCN,0
fr_Imine,0
fr_amide,2
fr_azide,0
fr_diazo,0
fr_ester,0
fr_ether,0
fr_furan,0
fr_imide,0
fr_nitro,0
fr_oxime,0
fr_quatN,0
LabuteASA,154.65099857522426
NHOHCount,5
PEOE_VSA1,21.056893206859698
PEOE_VSA2,19.792895158006985
PEOE_VSA3,0.0
PEOE_VSA4,0.0
PEOE_VSA5,0.0
PEOE_VSA6,12.13273413692322
PEOE_VSA7,42.316108456931055
PEOE_VSA8,28.922497155687125
PEOE_VSA9,0.0
RingCount,3
SMR_VSA10,29.306670807095692
fr_Al_COO,1
fr_Ar_COO,0
fr_ketone,0
fr_lactam,0
fr_phenol,0
ExactMolWt,366.13280505599994
NumHDonors,4
PEOE_VSA10,12.380376191669844
PEOE_VSA11,0.0
PEOE_VSA12,0.0
PEOE_VSA13,11.814359458703011
PEOE_VSA14,5.969305287951849
SlogP_VSA1,11.050456081168516
SlogP_VSA2,46.71523446992846
SlogP_VSA3,11.21535880699783
SlogP_VSA4,5.409283605791522
SlogP_VSA5,31.842880334931625
SlogP_VSA6,42.46456947923127
SlogP_VSA7,0.0
SlogP_VSA8,0.0
SlogP_VSA9,0.0
fr_amidine,1
fr_aniline,1
fr_benzene,2
fr_epoxide,0
fr_guanido,0
fr_halogen,0
fr_hdrzine,0
fr_hdrzone,0
fr_isocyan,0
fr_lactone,0
fr_methoxy,0
fr_nitrile,0
fr_nitroso,0
fr_oxazole,0
fr_sulfide,0
fr_sulfone,0
EState_VSA1,5.969305287951849
EState_VSA2,24.194735650372856
EState_VSA3,35.34331877861313
EState_VSA4,5.563451491696996
EState_VSA5,4.899909730850478
EState_VSA6,42.46456947923127
EState_VSA7,0.0
EState_VSA8,5.316788604006331
EState_VSA9,16.249478477794412
SlogP_VSA10,5.687386274683562
SlogP_VSA11,0.0
SlogP_VSA12,0.0
VSA_EState1,0.0
VSA_EState2,0.0
VSA_EState3,0.0
VSA_EState4,0.0
VSA_EState5,0.0
VSA_EState6,0.0
VSA_EState7,0.0
VSA_EState8,0.0
VSA_EState9,73.99999999999999
fr_aldehyde,0
fr_barbitur,0
fr_bicyclic,1
fr_priamide,0
fr_pyridine,0
fr_thiazole,0
fr_thiocyan,0
EState_VSA10,14.383611552215466
EState_VSA11,0.0
FractionCSP3,0.15789473684210525
VSA_EState10,0.0
fr_C_O_noCOO,2
fr_Nhpyrrole,0
fr_imidazole,0
fr_phos_acid,0
fr_piperdine,0
fr_piperzine,0
fr_sulfonamd,0
fr_tetrazole,0
fr_thiophene,0
HallKierAlpha,-3.6799999999999997
NumHAcceptors,4
fr_morpholine,0
fr_nitro_arom,0
fr_phos_ester,0
HeavyAtomCount,27
HeavyAtomMolWt,348.2330000000001
MaxEStateIndex,12.364522225059293
MinEStateIndex,-1.0495600921081862
NumHeteroatoms,8
fr_aryl_methyl,0
fr_isothiocyan,0
fr_Al_OH_noTert,0
fr_alkyl_halide,0
fr_allylic_oxid,0
fr_prisulfonamd,0
FpDensityMorgan1,1.1481481481481481
FpDensityMorgan2,1.8148148148148149
FpDensityMorgan3,2.4444444444444446
MaxPartialCharge,0.32271160796690823
MinPartialCharge,-0.4799248414655284
NumAromaticRings,2
fr_unbrch_alkane,0
MaxAbsEStateIndex,12.364522225059293
MinAbsEStateIndex,0.07106069753202071
NumAliphaticRings,1
NumRotatableBonds,5
NumSaturatedRings,0
fr_Ndealkylation1,0
fr_Ndealkylation2,0
fr_benzodiazepine,0
fr_ketone_Topliss,0
fr_term_acetylene,0
fr_alkyl_carbamate,0
fr_dihydropyridine,0
MaxAbsPartialCharge,0.4799248414655284
MinAbsPartialCharge,0.32271160796690823
NumRadicalElectrons,0
NumValenceElectrons,138
fr_para_hydroxylation,0
NumAromaticCarbocycles,2
fr_nitro_arom_nonortho,0
fr_phenol_noOrthoHbond,0
NumAliphaticCarbocycles,0
NumAromaticHeterocycles,0
NumSaturatedCarbocycles,0
NumAliphaticHeterocycles,1
NumSaturatedHeterocycles,0
Mordred Descriptors
MW,366.13280505600045
MZ,0.7111111111111111
Mi,1.1275134252393118
Mm,0.6778545592466164
Mp,0.683170645375915
Mv,0.6615000203541624
SZ,32.0
Si,50.73810413576903
Sm,30.503455166097737
Sp,30.742679041916176
Sv,29.76750091593731
nB,0
nC,19
nF,0
nH,18
nI,0
nN,4
nO,4
nP,0
nS,0
nX,0
ABC,20.960234880257545
AMW,8.13628455680001
IC0,1.6747581456321246
IC1,3.9123551758935906
IC2,4.68282260840597
IC3,5.163966707392707
IC4,5.314075318551897
IC5,5.314075318551897
MID,54.53814292621216
Mpe,0.9932026143790846
Mse,1.0214615197863564
NdO,3
NdS,0
NsF,0
NsI,0
NtN,0
SMR,99.09660000000004
SdO,35.53979708605641
SdS,0
Spe,44.69411764705881
SsF,0
SsI,0
Sse,45.96576839038603
StN,0
fMF,0.4
nBr,0
nCl,0
AMID,2.0199312194893393
BIC0,0.2871232170613707
BIC1,0.6707404333688319
BIC2,0.8028306031888278
BIC3,0.8853187176258076
BIC4,0.9110535781828663
BIC5,0.9110535781828663
CIC0,3.81709495069755
CIC1,1.5794979204360842
CIC2,0.8090304879237049
CIC3,0.3278863889369674
CIC4,0.17777777777777803
CIC5,0.17777777777777803
GGI1,6.5
GGI2,3.555555555555557
GGI3,2.0625
GGI4,1.8400000000000003
GGI5,0.9097222222222223
GGI6,0.6473469387755102
GGI7,0.3541666666666667
GGI8,0.32375913328294276
GGI9,0.17687500000000006
JGI1,0.22413793103448273
JGI2,0.08672086720867213
JGI3,0.04796511627906977
JGI4,0.04842105263157895
JGI5,0.028428819444444448
JGI6,0.023119533527696797
JGI7,0.013117283950617283
JGI8,0.014716324240133763
JGI9,0.008422619047619049
MIC0,16.154805616274682
MIC1,35.08028460044356
MIC2,41.579666927898955
MIC3,44.3825718949288
MIC4,44.53388137497728
MIC5,44.53388137497728
MPC2,41
MPC3,52
MPC4,65
MPC5,82
MPC6,89
MPC7,100
MPC8,103
MPC9,116
Mare,1.0078222222222224
NaaN,0
NaaO,0
NaaS,0
NdNH,1
NdSe,0
NddC,0
NdsN,0
NsBr,0
NsCl,0
NsLi,0
NsOH,1
NsSH,0
NssO,0
NssS,0
NtCH,0
NtsC,0
RNCG,0.16302174654521354
RPCG,0.1096192683015313
SIC0,0.3049531945330806
SIC1,0.7123925398711599
SIC2,0.8526853370378028
SIC3,0.940295855845798
SIC4,0.9676288176942331
SIC5,0.9676288176942331
SaaN,0
SaaO,0
SaaS,0
Sare,45.35200000000001
SdNH,7.362926415083249
SdSe,0
SddC,0
SdsN,0
SsBr,0
SsCl,0
SsLi,0
SsOH,8.870395508137404
SsSH,0
SssO,0
SssS,0
StCH,0
StsC,0
TIC0,75.3641165534456
TIC1,176.0559829152116
TIC2,210.72701737826864
TIC3,232.37850183267184
TIC4,239.13338933483536
TIC5,239.13338933483536
Vabc,331.09416207722876
WPol,43
apol,51.34027399999999
bpol,22.371726
nRot,5
ABCGG,15.695718916674641
ATS0Z,1154.0
ATS0d,158.0
ATS0i,7324.375896596483
ATS0m,4567.963651000002
ATS0p,68.40494828728198
ATS0s,312.0
ATS0v,10445.148333738172
ATS1Z,1248.0
ATS1d,195.0
ATS1i,7007.621925479047
ATS1m,4773.072033000002
ATS1p,86.36129321600004
ATS1s,179.19444444444446
ATS1v,13002.749250760311
ATS2Z,1853.0
ATS2d,300.0
ATS2i,11702.708841055892
ATS2m,7021.062576999999
ATS2p,129.285045499396
ATS2s,314.0833333333332
ATS2v,18970.369352863156
ATS3Z,2082.0
ATS3d,340.0
ATS3i,16215.944901794644
ATS3m,7637.161982999999
ATS3p,153.55390105994292
ATS3s,389.36111111111103
ATS3v,21975.16432398357
ATS4Z,1976.0
ATS4d,318.0
ATS4i,18244.752438693988
ATS4m,7096.594942
ATS4p,146.187794124735
ATS4s,430.1388888888889
ATS4v,20605.32315584086
ATS5Z,1718.0
ATS5d,275.0
ATS5i,17405.206045459578
ATS5m,6109.364871999999
ATS5p,125.92314284898
ATS5s,454.69444444444423
ATS5v,17704.022214303932
ATS6Z,1409.0
ATS6d,233.0
ATS6i,13583.958774875884
ATS6m,5096.991076
ATS6p,108.79943841328198
ATS6s,294.83333333333326
ATS6v,15113.536832876453
ATS7Z,1363.0
ATS7d,213.0
ATS7i,11994.014241442736
ATS7m,4989.887230999999
ATS7p,97.08951357788602
ATS7s,324.24999999999983
ATS7v,13780.740122047759
ATS8Z,1154.0
ATS8d,185.0
ATS8i,10706.510774892591
ATS8m,4110.2814579999995
ATS8p,85.591062817943
ATS8s,286.7777777777777
ATS8v,12117.739518134003
C1SP1,0
C1SP2,4
C1SP3,2
C2SP1,0
C2SP2,8
C2SP3,1
C3SP2,4
C3SP3,0
C4SP3,0
FCSP3,0.15789473684210525
GGI10,0.16916641159065401
JGI10,0.009398133977258557
JGT10,0.5044476813415735
Kier1,21.702734839476815
Kier2,9.666864961332541
Kier3,5.538461538461538
MAXdO,12.364522225059293
MID_C,39.88703443855852
MID_N,7.6685900892179255
MID_O,6.982518398435698
MID_X,0.0
MID_h,14.651108487653623
MINdO,10.833437042874474
MPC10,110
MWC01,29.0
MWC02,4.948759890378168
MWC03,5.7899601708972535
MWC04,6.665683717782408
MWC05,7.5256399750415355
MWC06,8.4040244933106
MWC07,9.271905727634337
MWC08,10.151869908713964
MWC09,11.024366749924715
MWC10,11.90542015301
NaaCH,7
NaaNH,0
NaaSe,0
NaaaC,0
NaasC,5
NaasN,0
NdCH2,0
NddsN,0
NdsCH,0
NdssC,4
NdssS,0
NsCH3,0
NsNH2,1
NsNH3,0
NsPH2,0
NsSeH,0
NssBH,0
NssBe,0
NssNH,1
NssPH,0
NssSe,0
NsssB,0
NsssN,1
NsssP,0
SLogP,1.3058699999999999
SRW02,4.07753744390572
SRW03,0.0
SRW04,5.407171771460119
SRW05,0.0
SRW06,6.926577033222725
SRW07,0.0
SRW08,8.534443544822764
SRW09,0.0
SRW10,10.190131586412237
SaaCH,11.296955188904143
SaaNH,0
SaaSe,0
SaaaC,0
SaasC,2.720133483944154
SaasN,0
SdCH2,0
SddsN,0
SdsCH,0
SdssC,-1.7631764988528005
SdssS,0
SsCH3,0
SsNH2,5.395084136357124
SsNH3,0
SsPH2,0
SsSeH,0
SssBH,0
SssBe,0
SssNH,2.7723983266145966
SssPH,0
SssSe,0
SsssB,0
SsssN,1.2911680802973537
SsssP,0
VE1_A,4.159413232529185
VE1_D,5.106064603552035
VE2_A,0.15405234194552536
VE2_D,0.18911350383526054
VE3_A,2.4186257874621946
VE3_D,2.6236807442274097
VR1_A,337.8326139285954
VR1_D,162.83077857482834
VR2_A,12.512319034392421
VR2_D,6.030769576845494
VR3_A,6.815802320765544
VR3_D,6.085963266294531
WPath,2110
Xc-3d,2.17660754930914
Xc-4d,0.0
Xc-5d,0.5273516436051779
Xc-6d,0.0
Xp-0d,19.551677284948283
Xp-1d,12.846244348298507
Xp-2d,12.060970920356677
Xp-3d,9.520310262012934
Xp-4d,7.700390888746712
Xp-5d,6.088911559345711
Xp-6d,4.28530975691603
Xp-7d,3.2373311022686724
ZMIC0,88.01538351986436
ZMIC1,46.666975280948066
ZMIC2,30.785748472380348
ZMIC3,24.623128478446276
ZMIC4,24.05268042813189
ZMIC5,24.05268042813189
nAcid,1
nAtom,45
nBase,2
nRing,3
piPC1,3.6888794541139363
piPC2,4.248495242049359
piPC3,4.749270529961848
piPC4,5.243068892317559
piPC5,5.744604469176457
piPC6,5.981098504858804
piPC7,6.290468997586963
piPC8,6.380334378866451
piPC9,6.709990080694329
AATS0Z,25.644444444444446
AATS0d,3.511111111111111
AATS0i,162.76390881325517
AATS0m,101.51030335555559
AATS0p,1.5201099619395997
AATS0s,6.933333333333334
AATS0v,232.11440741640382
AATS1Z,26.5531914893617
AATS1d,4.148936170212766
AATS1i,149.0983388399797
AATS1m,101.55472410638302
AATS1p,1.8374743237446816
AATS1s,3.812647754137116
AATS1v,276.654239377879
AATS2Z,24.064935064935064
AATS2d,3.896103896103896
AATS2i,151.98323170202457
AATS2m,91.18263087012986
AATS2p,1.679026564927221
AATS2s,4.079004329004327
AATS2v,246.36843315406696
AATS3Z,20.01923076923077
AATS3d,3.269230769230769
AATS3i,155.9225471326408
AATS3m,73.43424983653846
AATS3p,1.4764798178840666
AATS3s,3.743856837606837
AATS3v,211.29965696138046
AATS4Z,17.333333333333332
AATS4d,2.789473684210526
AATS4i,160.0416880587192
AATS4m,62.2508328245614
AATS4p,1.2823490712696053
AATS4s,3.7731481481481484
AATS4v,180.74844873544612
AATS5Z,16.20754716981132
AATS5d,2.5943396226415096
AATS5i,164.20005703263752
AATS5m,57.63551766037735
AATS5p,1.187954177820566
AATS5s,4.289570230607964
AATS5v,167.01907749343331
AATS6Z,16.576470588235296
AATS6d,2.7411764705882353
AATS6i,159.81127970442216
AATS6m,59.96460089411765
AATS6p,1.279993393097435
AATS6s,3.4686274509803914
AATS6v,177.80631568089944
AATS7Z,18.173333333333332
AATS7d,2.84
AATS7i,159.92018988590314
AATS7m,66.53182974666665
AATS7p,1.294526847705147
AATS7s,4.3233333333333315
AATS7v,183.74320162730345
AATS8Z,17.484848484848484
AATS8d,2.803030303030303
AATS8i,162.21986022564533
AATS8m,62.27699178787878
AATS8p,1.2968342851203485
AATS8s,4.345117845117844
AATS8v,183.60211391112125
AMID_C,1.4772975717984638
AMID_N,0.28402185515621947
AMID_O,0.2586117925346555
AMID_X,0.0
AMID_h,0.542633647690875
ATS0dv,418.0
ATS0pe,294.9682999999999
ATS0se,358.41556399999985
ATS1dv,399.0
ATS1pe,313.64700000000005
ATS1se,372.37566799999985
ATS2dv,557.0
ATS2pe,504.8489000000001
ATS2se,604.9922759999996
ATS3dv,565.0
ATS3pe,672.0132000000001
ATS3se,815.8896679999998
ATS4dv,512.0
ATS4pe,725.0419999999998
ATS4se,890.640312
ATS5dv,484.0
ATS5pe,678.4112
ATS5se,838.8231040000001
ATS6dv,399.0
ATS6pe,528.2132
ATS6se,654.0337760000001
ATS7dv,382.0
ATS7pe,476.7094
ATS7se,586.077764
ATS8dv,330.0
ATS8pe,430.7657
ATS8se,527.925816
ATSC0Z,334.7999999999999
ATSC0c,1.4065837680253392
ATSC0d,29.644444444444446
ATSC0i,70.73786631374695
ATSC0m,1585.0279592444447
ATSC0p,9.831087522946975
ATSC0s,123.9111111111111
ATSC0v,2105.591275404179
ATSC1Z,-8.391111111111123
ATSC1c,-0.9983345185818746
ATSC1d,8.171358024691353
ATSC1i,3.9645684636225593
ATSC1m,-32.29269454419746
ATSC1p,1.147607687126002
ATSC1s,-15.868271604938277
ATSC1v,200.28803954843335
ATSC2Z,29.14222222222219
ATSC2c,0.3667965954703816
ATSC2d,-7.302716049382715
ATSC2i,6.3652029860584705
ATSC2m,129.08584782617297
ATSC2p,0.20554913091859495
ATSC2s,32.813209876543205
ATSC2v,-9.350939655017442
ATSC3Z,-107.93777777777778
ATSC3c,0.16457504350818647
ATSC3d,-10.200493827160493
ATSC3i,-13.607239111420048
ATSC3m,-513.4239550760493
ATSC3p,-2.336672465753303
ATSC3s,-25.411234567901236
ATSC3v,-647.3105568324548
ATSC4Z,-87.36000000000001
ATSC4c,-0.2692477277467617
ATSC4d,-5.365925925925925
ATSC4i,-34.62816443211876
ATSC4m,-416.38012748592587
ATSC4p,-4.5063327493643195
ATSC4s,-32.79148148148148
ATSC4v,-749.5043398531316
ATSC5Z,-47.262222222222235
ATSC5c,-0.1431310425964337
ATSC5d,4.815308641975308
ATSC5i,9.653293838629025
ATSC5m,-214.11181288691364
ATSC5p,1.7348142540245406
ATSC5s,-13.051728395061726
ATSC5v,157.96445864617948
ATSC6Z,50.77777777777777
ATSC6c,0.14229454107461084
ATSC6d,-0.8172839506172841
ATSC6i,3.6757673463536875
ATSC6m,241.27818787160487
ATSC6p,0.44704296573370855
ATSC6s,-10.924691358024695
ATSC6v,219.87789326354564
ATSC7Z,53.13333333333334
ATSC7c,0.2879194480256359
ATSC7d,-0.3629629629629634
ATSC7i,5.40388883087027
ATSC7m,246.2685168148148
ATSC7p,-0.4022927413663851
ATSC7s,16.901851851851845
ATSC7v,49.4269827882657
ATSC8Z,-114.90666666666667
ATSC8c,-0.5789140833580619
ATSC8d,0.010370370370370335
ATSC8i,12.406011716924766
ATSC8m,-536.340166691852
ATSC8p,1.0309225228480992
ATSC8s,-21.388148148148144
ATSC8v,-202.18388042373016
AXp-0d,0.7241361957388253
AXp-1d,0.4429739430447761
AXp-2d,0.29417002244772383
AXp-3d,0.1830828896540949
AXp-4d,0.11846755213456481
AXp-5d,0.0742550190164111
AXp-6d,0.04814954783051719
AXp-7d,0.03237331102268672
GATS1Z,0.7563740817000942
GATS1c,1.668729780275244
GATS1d,0.8210788222909822
GATS1i,1.1370455140620965
GATS1m,0.757779177047284
GATS1p,0.9113302038230434
GATS1s,0.7304385817637902
GATS1v,0.8277406235454063
GATS2Z,0.7424475166410653
GATS2c,0.6945066010819331
GATS2d,1.3493253373313343
GATS2i,1.075325210070406
GATS2m,0.7515269122241982
GATS2p,1.0090747369105475
GATS2s,0.4465566714490675
GATS2v,0.9557254668268031
GATS3Z,1.0178866832092641
GATS3c,0.7980334014288684
GATS3d,1.1916878099411834
GATS3i,1.1305201587110214
GATS3m,1.0215072383927424
GATS3p,1.1057167225687774
GATS3s,0.8991617578081892
GATS3v,1.0975801845073219
GATS4Z,1.0663606447420826
GATS4c,0.9460346804655295
GATS4d,0.9895052473763117
GATS4i,1.1670370871872016
GATS4m,1.0680857089539297
GATS4p,1.1659358355857519
GATS4s,1.0530366671700775
GATS4v,1.1255409057422927
GATS5Z,1.1071662045490411
GATS5c,0.9467037635332768
GATS5d,0.847147181126418
GATS5i,0.8581422983829279
GATS5m,1.1014537648925893
GATS5p,0.8925530457870894
GATS5s,1.2082569164343144
GATS5v,0.9496733191791165
GATS6Z,0.9068100358422942
GATS6c,0.7801827239054974
GATS6d,0.9254784372519622
GATS6i,0.8896013651997117
GATS6m,0.908989165104676
GATS6p,1.0009977896365547
GATS6s,0.9038631952063466
GATS6v,0.9829981933231099
GATS7Z,0.8875348466746319
GATS7c,0.7597593913962681
GATS7d,0.9796101949025487
GATS7i,0.8956086572304688
GATS7m,0.8901086154756914
GATS7p,1.0311876958506765
GATS7s,0.905750836920134
GATS7v,0.9910083941186764
GATS8Z,1.2295898048586225
GATS8c,1.2014439482177945
GATS8d,0.9332833583208395
GATS8i,0.8544408745417823
GATS8m,1.2229839966087193
GATS8p,0.8904336185294769
GATS8s,1.2707735533237687
GATS8v,1.0108540424230081
MATS1Z,-0.02399654287094236
MATS1c,-0.6795558290738081
MATS1d,0.26391591438323375
MATS1i,0.05366098272997626
MATS1m,-0.019506619520004615
MATS1p,0.11176518517370461
MATS1s,-0.12261229738392508
MATS1v,0.09107424906654293
MATS2Z,0.05086967990193793
MATS2c,0.15239877750360056
MATS2d,-0.14396697755018592
MATS2i,0.05258744738669431
MATS2m,0.04759523688974856
MATS2p,0.012219005800885906
MATS2s,0.15476054612532372
MATS2v,-0.0025953920531290565
MATS3Z,-0.13949774836871617
MATS3c,0.050626458930412115
MATS3d,-0.1488870949140814
MATS3i,-0.08323332324341204
MATS3m,-0.14015815598121353
MATS3p,-0.10284316960539025
MATS3s,-0.0887349457841298
MATS3v,-0.13302025986770083
MATS4Z,-0.10299943406904362
MATS4c,-0.07556037557861234
MATS4d,-0.07145111654698964
MATS4i,-0.19323472686056922
MATS4m,-0.10369569551159785
MATS4p,-0.18093782145745568
MATS4s,-0.1044620271086612
MATS4v,-0.14051016439599553
MATS5Z,-0.05992876625865065
MATS5c,-0.043199118205418906
MATS5d,0.06895844530564904
MATS5i,0.05793356026248994
MATS5m,-0.05734695328788578
MATS5p,0.07491315153394888
MATS5s,-0.044716152107414524
MATS5v,0.031848718301065546
MATS6Z,0.08029376625202053
MATS6c,0.053556998033668694
MATS6d,-0.014595643354793193
MATS6i,0.02750994027513078
MATS6m,0.08058880632429541
MATS6p,0.02407361391463735
MATS6s,-0.04667587982108198
MATS6v,0.055284206793704826
MATS7Z,0.09522102747909204
MATS7c,0.12281648113848379
MATS7d,-0.0073463268365817165
MATS7i,0.04583589338334423
MATS7m,0.0932230306898334
MATS7p,-0.024552283178888443
MATS7s,0.08184182209469151
MATS7v,0.014084494944189374
MATS8Z,-0.23400673400673408
MATS8c,-0.2806190123310327
MATS8d,0.0002385171050838209
MATS8i,0.11957731824892323
MATS8m,-0.23071295061836986
MATS8p,0.07149786007733573
MATS8s,-0.11768781792095996
MATS8v,-0.0654698028785244
MAXdNH,7.362926415083249
MAXsOH,8.870395508137404
MINdNH,7.362926415083249
MINsOH,8.870395508137404
NddssS,0
NdssSe,0
NdsssP,0
NsAsH2,0
NsGeH3,0
NsPbH3,0
NsSiH3,0
NsSnH3,0
NssAsH,0
NssCH2,3
NssNH2,0
NsssAs,0
NsssCH,0
NsssNH,0
NssssB,0
NssssC,0
NssssN,0
Radius,8
SM1_Dt,0.0
SddssS,0
SdssSe,0
SdsssP,0
SpAD_A,34.06024051173589
SpAD_D,325.5249036858894
SsAsH2,0
SsGeH3,0
SsPbH3,0
SsSiH3,0
SsSnH3,0
SssAsH,0
SssCH2,0.5143182734583692
SssNH2,0
SsssAs,0
SsssCH,0
SsssNH,0
SssssB,0
SssssC,0
SssssN,0
TMPC10,814
TMWC10,131.687630786693
TSRW10,62.13586137982357
VE1_Dt,5.153240780797843
VE2_Dt,0.19086076965917936
VE3_Dt,2.6328775675984852
VR1_Dt,157.97277906594894
VR2_Dt,5.85084366910922
VR3_Dt,6.055674506801862
Xc-3dv,0.7694273439918986
Xc-4dv,0.0
Xc-5dv,0.10652731934841835
Xc-6dv,0.0
Xch-3d,0.0
Xch-4d,0.0
Xch-5d,0.0
Xch-6d,0.20693027063286604
Xch-7d,0.405140485549108
Xp-0dv,14.359294559468157
Xp-1dv,8.247224555769293
Xp-2dv,6.187522145486427
Xp-3dv,4.316005943369269
Xp-4dv,2.9328069299395834
Xp-5dv,2.016999430710981
Xp-6dv,1.152329458818961
Xp-7dv,0.6932826331607025
Xpc-4d,4.5736233131988175
Xpc-5d,6.524120300166753
Xpc-6d,9.476141415078162
n3Ring,0
n4Ring,0
n5Ring,0
n6Ring,3
n7Ring,0
n8Ring,0
n9Ring,0
nARing,1
nBonds,47
nFRing,1
nHBAcc,4
nHBDon,4
nHRing,1
nSpiro,0
naRing,2
piPC10,6.921997130647048
AATS0dv,9.28888888888889
AATS0pe,6.554851111111109
AATS0se,7.964790311111107
AATS1dv,8.48936170212766
AATS1pe,6.673340425531916
AATS1se,7.9228865531914865
AATS2dv,7.233766233766234
AATS2pe,6.556479220779223
AATS2se,7.85704254545454
AATS3dv,5.4326923076923075
AATS3pe,6.461665384615386
AATS3se,7.84509296153846
AATS4dv,4.491228070175438
AATS4pe,6.360017543859647
AATS4se,7.812634315789474
AATS5dv,4.566037735849057
AATS5pe,6.400105660377359
AATS5se,7.913425509433963
AATS6dv,4.694117647058824
AATS6pe,6.214272941176471
AATS6se,7.694515011764707
AATS7dv,5.093333333333334
AATS7pe,6.356125333333334
AATS7se,7.814370186666666
AATS8dv,5.0
AATS8pe,6.52675303030303
AATS8se,7.998876000000001
AATSC0Z,7.439999999999998
AATSC0c,0.03125741706722976
AATSC0d,0.6587654320987655
AATSC0i,1.5719525847499323
AATSC0m,35.22284353876544
AATSC0p,0.2184686116210439
AATSC0s,2.7535802469135797
AATSC0v,46.790917231203984
AATSC1Z,-0.1785342789598111
AATSC1c,-0.02124115996982712
AATSC1d,0.17385868137641175
AATSC1i,0.08435252050260765
AATSC1m,-0.6870786073233502
AATSC1p,0.024417184832468127
AATSC1s,-0.33762280010506973
AATSC1v,4.261447649966667
AATSC2Z,0.37847041847041807
AATSC2c,0.0047635921489659954
AATSC2d,-0.0948404681738015
AATSC2i,0.0826649738449152
AATSC2m,1.6764395821580904
AATSC2p,0.0026694692327090255
AATSC2s,0.4261455828122494
AATSC2v,-0.12144077474048626
AATSC3Z,-1.037863247863248
AATSC3c,0.00158245234142487
AATSC3d,-0.09808167141500473
AATSC3i,-0.13083883760980816
AATSC3m,-4.936768798808166
AATSC3p,-0.022468004478397145
AATSC3s,-0.24433879392212726
AATSC3v,-6.2241399695428345
AATSC4Z,-0.7663157894736843
AATSC4c,-0.002361822173217208
AATSC4d,-0.04706952566601689
AATSC4i,-0.30375582835191894
AATSC4m,-3.6524572586484725
AATSC4p,-0.039529234643546664
AATSC4s,-0.2876445743989604
AATSC4v,-6.574599472395891
AATSC5Z,-0.4458700209643607
AATSC5c,-0.0013502928546833368
AATSC5d,0.04542744001863498
AATSC5i,0.09106880979838704
AATSC5m,-2.019922763084091
AATSC5p,0.016366172207778685
AATSC5s,-0.12312951316095969
AATSC5v,1.4902307419450895
AATSC6Z,0.5973856209150326
AATSC6c,0.0016740534244071865
AATSC6d,-0.009615105301379812
AATSC6i,0.04324432172180809
AATSC6m,2.8385669161365277
AATSC6p,0.005259329008631865
AATSC6s,-0.12852578068264348
AATSC6v,2.5867987442770075
AATSC7Z,0.7084444444444445
AATSC7c,0.0038389259736751453
AATSC7d,-0.004839506172839511
AATSC7i,0.07205185107827027
AATSC7m,3.2835802241975305
AATSC7p,-0.005363903218218468
AATSC7s,0.22535802469135793
AATSC7v,0.6590264371768759
AATSC8Z,-1.741010101010101
AATSC8c,-0.00877142550542518
AATSC8d,0.00015712682379348994
AATSC8i,0.1879698744988601
AATSC8m,-8.126366161997758
AATSC8p,0.015620038224971199
AATSC8s,-0.32406285072951735
AATSC8v,-3.0633921276322753
ATS0are,292.56959999999987
ATS1are,307.44100000000003
ATS2are,496.19090000000017
ATS3are,662.348
ATS4are,716.5360000000002
ATS5are,673.2900000000001
ATS6are,521.7729
ATS7are,471.45379999999983
ATS8are,427.1530000000001
ATSC0dv,186.80000000000007
ATSC0pe,6.320279999999995
ATSC0se,4.371268799999998
ATSC1dv,35.27555555555553
ATSC1pe,-0.9220191111111137
ATSC1se,-0.647180124444444
ATSC2dv,0.608888888888897
ATSC2pe,1.7481742222222205
ATSC2se,1.437567075555555
ATSC3dv,-74.80444444444443
ATSC3pe,-1.3283137777777774
ATSC3se,-0.6683123377777777
ATSC4dv,-60.55999999999999
ATSC4pe,-1.949835999999999
ATSC4se,-1.5405409600000004
ATSC5dv,-16.328888888888898
ATSC5pe,-1.4510862222222218
ATSC5se,-0.7300937955555546
ATSC6dv,33.31111111111111
ATSC6pe,0.5236577777777801
ATSC6se,0.07291911111110948
ATSC7dv,1.199999999999997
ATSC7pe,1.277213333333334
ATSC7se,0.6152490666666659
ATSC8dv,-42.64000000000001
ATSC8pe,-1.8745506666666671
ATSC8se,-0.7715801066666654
AXp-0dv,0.5318257244247465
AXp-1dv,0.284387053647217
AXp-2dv,0.15091517428015674
AXp-3dv,0.08300011429556285
AXp-4dv,0.045120106614455126
AXp-5dv,0.024597554033060742
AXp-6dv,0.012947522009201809
AXp-7dv,0.006932826331607025
BertzCT,937.2258788174872
ECIndex,693
ETA_eta,19.24858637027375
GATS1dv,0.5287256822634286
GATS1pe,0.7999753310148261
GATS1se,0.8125988889570842
GATS2dv,0.8289996940960536
GATS2pe,0.5271737508916876
GATS2se,0.4863152906869642
GATS3dv,1.0644869049579966
GATS3pe,0.9188462195686561
GATS3se,0.8941916008811553
GATS4dv,1.0899169765956644
GATS4pe,1.0544039299169403
GATS4se,1.0650410154149088
GATS5dv,1.1077330208880445
GATS5pe,1.2217353398840347
GATS5se,1.221039961393464
GATS6dv,0.8701347776798083
GATS6pe,0.854214947290124
GATS6se,0.877022562580888
GATS7dv,0.9924339757316198
GATS7pe,0.8432263549505193
GATS7se,0.889912835681332
GATS8dv,1.18486795146324
GATS8pe,1.3104271751673453
GATS8se,1.271428560970673
LogEE_A,4.216527970793762
LogEE_D,162.76245184294467
MATS1dv,0.18080550366759285
MATS1pe,-0.13967486492990058
MATS1se,-0.1417530179523279
MATS2dv,0.0019049473010929359
MATS2pe,0.16164794277156383
MATS2se,0.19219513624909146
MATS3dv,-0.1732725251194201
MATS3pe,-0.09093760938536806
MATS3se,-0.06615324312527011
MATS4dv,-0.12797250084526085
MATS4pe,-0.12177816572417016
MATS4se,-0.13911482032040923
MATS5dv,-0.03710961173285928
MATS5pe,-0.09746833523377461
MATS5se,-0.07090515212546132
MATS6dv,0.09440735609018763
MATS6pe,0.04386365607778383
MATS6se,0.008831356995048393
MATS7dv,0.0038543897216273986
MATS7pe,0.12124905858601218
MATS7se,0.08444903685630124
MATS8dv,-0.1556355849717734
MATS8pe,-0.20222248496470546
MATS8se,-0.12034888942417471
MAXaaCH,1.7293438733518098
MAXaasC,0.7697836903356386
MAXdssC,-0.07106069753202071
MAXsNH2,5.395084136357124
MAXssNH,2.7723983266145966
MAXsssN,1.2911680802973537
MDEC-22,10.351308111719854
MDEC-23,23.226741497831437
MDEC-33,7.9800007653516625
MDEN-11,0.4999999999999999
MDEN-12,0.2857142857142857
MDEN-13,0.15384615384615385
MDEN-23,0.16666666666666669
MDEO-11,0.9939022874158859
MINaaCH,1.5811283026894152
MINaasC,0.41799112391870374
MINdssC,-1.0495600921081862
MINsNH2,5.395084136357124
MINssNH,2.7723983266145966
MINsssN,1.2911680802973537
NddssSe,0
NssGeH2,0
NssPbH2,0
NssSiH2,0
NssSnH2,0
NsssGeH,0
NsssPbH,0
NsssSiH,0
NsssSnH,0
NsssdAs,0
NssssBe,0
NssssGe,0
NssssPb,0
NssssSi,0
NssssSn,0
NsssssP,0
SM1_DzZ,1.5714285714285716
SM1_Dzi,1.5935350853437962
SM1_Dzm,1.5670630303235251
SM1_Dzp,-6.40190433008388
SM1_Dzv,-2.873276425205818
SddssSe,0
SpAD_Dt,537.5091022860856
SpAbs_A,34.06024051173589
SpAbs_D,325.5249036858893
SpMAD_A,1.2614903893235516
SpMAD_D,12.0564779142922
SpMax_A,2.4325109795018207
SpMax_D,162.76245184294467
SssGeH2,0
SssPbH2,0
SssSiH2,0
SssSnH2,0
SsssGeH,0
SsssPbH,0
SsssSiH,0
SsssSnH,0
SsssdAs,0
SssssBe,0
SssssGe,0
SssssPb,0
SssssSi,0
SssssSn,0
SsssssP,0
TopoPSA,136.58
TpiPC10,8.320098040513663
VAdjMat,5.857980995127572
VE1_DzZ,5.103880634929837
VE1_Dzi,5.103343161124101
VE1_Dzm,5.1038735491782985
VE1_Dzp,5.090328444462248
VE1_Dzv,5.09697379930641
VE2_DzZ,0.1890326161085125
VE2_Dzi,0.18901270967126302
VE2_Dzm,0.18903235367327031
VE2_Dzp,0.1885306831282314
VE2_Dzv,0.18877680738171887
VE3_DzZ,2.623252932205994
VE3_Dzi,2.6231476197690435
VE3_Dzm,2.6232515438983586
VE3_Dzp,2.6205941288901746
VE3_Dzv,2.621898763940303
VR1_DzZ,162.44104679457985
VR1_Dzi,162.57029210778475
VR1_Dzm,162.44227591395241
VR1_Dzp,164.3283809497189
VR1_Dzv,163.42878428401193
VR2_DzZ,6.0163350664659205
VR2_Dzi,6.021121929917954
VR2_Dzm,6.016380589405645
VR2_Dzp,6.086236331471071
VR2_Dzv,6.052917936444886
VR3_DzZ,6.08356691999981
VR3_Dzi,6.0843622480671575
VR3_Dzm,6.0835744865277706
VR3_Dzp,6.095118521722152
VR3_Dzv,6.0896290983310015
Xch-3dv,0.0
Xch-4dv,0.0
Xch-5dv,0.0
Xch-6dv,0.07978488871275956
Xch-7dv,0.13229436763914496
Xpc-4dv,1.4654905532907234
Xpc-5dv,1.8090354099652868
Xpc-6dv,2.243412808553982
Zagreb1,140.0
Zagreb2,163.0
fragCpx,139.08
n10Ring,0
n11Ring,0
n12Ring,0
n3ARing,0
n3HRing,0
n3aRing,0
n4ARing,0
n4FRing,0
n4HRing,0
n4aRing,0
n5ARing,0
n5FRing,0
n5HRing,0
n5aRing,0
n6ARing,1
n6FRing,0
n6HRing,1
n6aRing,2
n7ARing,0
n7FRing,0
n7HRing,0
n7aRing,0
n8ARing,0
n8FRing,0
n8HRing,0
n8aRing,0
n9ARing,0
n9FRing,0
n9HRing,0
n9aRing,0
nAHRing,1
nBondsA,12
nBondsD,4
nBondsM,16
nBondsO,29
nBondsS,31
nBondsT,0
nFARing,1
nFHRing,1
nFaRing,0
nHetero,8
naHRing,0
AATS0are,6.5015466666666635
AATS1are,6.541297872340426
AATS2are,6.4440376623376645
AATS3are,6.368730769230769
AATS4are,6.285403508771932
AATS5are,6.351792452830189
AATS6are,6.138504705882354
AATS7are,6.2860506666666645
AATS8are,6.472015151515152
AATSC0dv,4.1511111111111125
AATSC0pe,0.14045066666666656
AATSC0se,0.09713930666666663
AATSC1dv,0.7505437352245857
AATSC1pe,-0.019617427895981143
AATSC1se,-0.01376978988179668
AATSC2dv,0.007907647907648013
AATSC2pe,0.022703561327561305
AATSC2se,0.01866970227994227
AATSC3dv,-0.7192735042735041
AATSC3pe,-0.012772247863247859
AATSC3se,-0.00642608017094017
AATSC4dv,-0.5312280701754385
AATSC4pe,-0.0171038245614035
AATSC4se,-0.013513517192982459
AATSC5dv,-0.15404612159329148
AATSC5pe,-0.01368949266247379
AATSC5se,-0.006887677316561837
AATSC6dv,0.3918954248366013
AATSC6pe,0.006160679738562119
AATSC6se,0.0008578718954248174
AATSC7dv,0.015999999999999962
AATSC7pe,0.01702951111111112
AATSC7se,0.00820332088888888
AATSC8dv,-0.6460606060606062
AATSC8pe,-0.028402282828282836
AATSC8se,-0.011690607676767658
AETA_eta,0.7129106063064351
ATSC0are,6.902391111111107
ATSC1are,-1.08081738271605
ATSC2are,2.0702218765432088
ATSC3are,-1.2934150123456787
ATSC4are,-2.2948797037037028
ATSC5are,-1.565676839506172
ATSC6are,0.4824545679012352
ATSC7are,1.3971170370370363
ATSC8are,-1.7996536296296295
BCUTZ-1h,8.029544867134948
BCUTZ-1l,5.686631283450902
BCUTc-1h,0.457131876778704
BCUTc-1l,-0.3986992329641068
BCUTd-1h,3.2156935470372425
BCUTd-1l,0.9714970015975363
BCUTi-1h,14.552585813494176
BCUTi-1l,10.947909567895369
BCUTm-1h,16.01508655945235
BCUTm-1l,11.698471176873118
BCUTp-1h,1.9988874963383434
BCUTp-1l,0.7414196139204439
BCUTs-1h,7.0104604105375286
BCUTs-1l,1.3579231999175279
BCUTv-1h,20.904048947673814
BCUTv-1l,14.700468838040152
BalabanJ,1.4489188639769512
Diameter,16
ETA_beta,35.75
GATS1are,0.8247582850173715
GATS2are,0.5181061708912283
GATS3are,0.9116631712018144
GATS4are,1.0607869865386423
GATS5are,1.2231539268851677
GATS6are,0.8475746550044647
GATS7are,0.8391739287770168
GATS8are,1.2982361024005855
HybRatio,0.15789473684210525
Lipinski,True
LogEE_Dt,268.7545511430429
MATS1are,-0.14992270606029495
MATS2are,0.17528272570679776
MATS3are,-0.08108070340940692
MATS4are,-0.1312405444242697
MATS5are,-0.09629621377280081
MATS6are,0.037004151180574194
MATS7are,0.12144635224637132
MATS8are,-0.17776978237024943
MAXssCH2,0.5192186149788963
MINssCH2,-0.32637015513798495
NsssssAs,0
RotRatio,0.1724137931034483
SM1_Dzpe,1.679620563035496
SM1_Dzse,1.555031173324093
SMR_VSA1,19.49013894705617
SMR_VSA2,5.409283605791522
SMR_VSA3,4.899909730850478
SMR_VSA4,5.733667477162185
SMR_VSA5,6.4208216229260096
SMR_VSA6,18.406301415831482
SMR_VSA7,64.71837544601925
SMR_VSA8,0.0
SMR_VSA9,0.0
SpAD_DzZ,256.02018587243896
SpAD_Dzi,249.11136887663432
SpAD_Dzm,256.0614991695094
SpAD_Dzp,334.8105434654725
SpAD_Dzv,307.29299773366387
SpAbs_Dt,537.5091022860859
SpDiam_A,4.865021959003641
SpDiam_D,251.2192501640568
SpMAD_Dt,19.907744529114282
SpMax_Dt,268.7545511430429
SsssssAs,0
VE1_Dzpe,5.10401444588752
VE1_Dzse,5.103859504176846
VE2_Dzpe,0.18903757206990815
VE2_Dzse,0.18903183348803132
VE3_Dzpe,2.623279149355883
VE3_Dzse,2.6232487920627885
VMcGowan,266.39000000000016
VR1_Dzpe,162.4244864988444
VR1_Dzse,162.4438195997017
VR2_Dzpe,6.015721722179422
VR2_Dzse,6.016437762951915
VR3_Dzpe,6.0834649683056305
VR3_Dzse,6.083583989462926
mZagreb1,9.86111111111111
mZagreb2,5.8888888888888875
n10ARing,0
n10FRing,1
n10HRing,0
n10aRing,0
n11ARing,0
n11FRing,0
n11HRing,0
n11aRing,0
n12ARing,0
n12FRing,0
n12HRing,0
n12aRing,0
n3AHRing,0
n3aHRing,0
n4AHRing,0
n4FARing,0
n4FHRing,0
n4FaRing,0
n4aHRing,0
n5AHRing,0
n5FARing,0
n5FHRing,0
n5FaRing,0
n5aHRing,0
n6AHRing,1
n6FARing,0
n6FHRing,0
n6FaRing,0
n6aHRing,0
n7AHRing,0
n7FARing,0
n7FHRing,0
n7FaRing,0
n7aHRing,0
n8AHRing,0
n8FARing,0
n8FHRing,0
n8FaRing,0
n8aHRing,0
n9AHRing,0
n9FARing,0
n9FHRing,0
n9FaRing,0
n9aHRing,0
nBondsKD,10
nBondsKS,37
nFAHRing,1
nFaHRing,0
nG12Ring,0
AATSC0are,0.15338646913580237
AATSC1are,-0.022996114525873405
AATSC2are,0.02688599839666505
AATSC3are,-0.01243668281101614
AATSC4are,-0.020130523716699145
AATSC5are,-0.01477053622175634
AATSC6are,0.005675936092955709
AATSC7are,0.018628227160493817
AATSC8are,-0.027267479236812567
AETA_beta,1.3240740740740742
BCUTdv-1h,6.0244976655095765
BCUTdv-1l,1.8959978866271756
BCUTpe-1h,3.501704827333786
BCUTpe-1l,2.235110497953491
BCUTse-1h,3.7145854917008907
BCUTse-1l,2.430965926590658
ETA_alpha,12.433333333333335
ETA_dBeta,1.25
ETA_eta_B,0.5679692140745907
ETA_eta_F,29.610968659021694
ETA_eta_L,5.397741076649187
ETA_eta_R,48.85955502929544
ETA_psi_1,0.5275813295615279
LabuteASA,154.65099857522426
LogEE_DzZ,128.06829399442054
LogEE_Dzi,124.61470425629287
LogEE_Dzm,128.08878895624815
LogEE_Dzp,166.21973389383183
LogEE_Dzv,153.11441063994195
PEOE_VSA1,21.056893206859698
PEOE_VSA2,19.792895158006985
PEOE_VSA3,0.0
PEOE_VSA4,0.0
PEOE_VSA5,0.0
PEOE_VSA6,12.13273413692322
PEOE_VSA7,42.316108456931055
PEOE_VSA8,28.922497155687125
PEOE_VSA9,0.0
SM1_Dzare,1.8855281526291297
SpAD_Dzpe,254.21590344012387
SpAD_Dzse,256.27856841596974
SpAbs_DzZ,254.5651594174126
SpAbs_Dzi,247.63587342724185
SpAbs_Dzm,254.6105148821727
SpAbs_Dzp,338.8413721177476
SpAbs_Dzv,309.1020977050898
SpDiam_Dt,378.6214009902681
SpMAD_DzZ,9.482229106386628
SpMAD_Dzi,9.2263469954309
SpMAD_Dzm,9.483759228500347
SpMAD_Dzp,12.400390498721205
SpMAD_Dzv,11.381222138283848
SpMax_DzZ,128.06829399442054
SpMax_Dzi,124.61470425629287
SpMax_Dzm,128.08878895624815
SpMax_Dzp,166.21973389383183
SpMax_Dzv,153.11441063994195
VE1_Dzare,5.104259856369149
VE2_Dzare,0.1890466613470055
VE3_Dzare,2.623327230054816
VR1_Dzare,162.38085595243044
VR2_Dzare,6.014105776015942
VR3_Dzare,6.083196311722909
n10AHRing,0
n10FARing,1
n10FHRing,1
n10FaRing,0
n10aHRing,0
n11AHRing,0
n11FARing,0
n11FHRing,0
n11FaRing,0
n11aHRing,0
n12AHRing,0
n12FARing,0
n12FHRing,0
n12FaRing,0
n12aHRing,0
n4FAHRing,0
n4FaHRing,0
n5FAHRing,0
n5FaHRing,0
n6FAHRing,0
n6FaHRing,0
n7FAHRing,0
n7FaHRing,0
n8FAHRing,0
n8FaHRing,0
n9FAHRing,0
n9FaHRing,0
nAromAtom,12
nAromBond,12
nG12ARing,0
nG12FRing,0
nG12HRing,0
nG12aRing,0
AETA_alpha,0.4604938271604939
AETA_dBeta,0.046296296296296294
AETA_eta_B,0.02103589681757743
AETA_eta_F,1.0967025429267294
AETA_eta_L,0.19991633617219212
AETA_eta_R,1.8096131492331646
BCUTare-1h,3.5556263956729826
BCUTare-1l,2.1854571174297655
ETA_beta_s,17.25
ETA_dPsi_A,0.18641867043847204
ETA_dPsi_B,0.0
ETA_eta_BR,0.8259692140745907
ETA_eta_FL,7.448503271649318
ETA_eta_RL,12.846244348298505
LogEE_Dzpe,127.17015988906326
LogEE_Dzse,128.19687795514503
PEOE_VSA10,12.380376191669844
PEOE_VSA11,0.0
PEOE_VSA12,0.0
PEOE_VSA13,11.814359458703011
SlogP_VSA1,11.050456081168516
SlogP_VSA2,46.71523446992846
SlogP_VSA3,11.21535880699783
SlogP_VSA4,5.409283605791522
SlogP_VSA5,31.842880334931625
SlogP_VSA6,42.46456947923127
SlogP_VSA7,0.0
SlogP_VSA8,0.0
SlogP_VSA9,0.0
SpAD_Dzare,251.61637892901211
SpAbs_Dzpe,252.660699215091
SpAbs_Dzse,254.83872473696593
SpDiam_DzZ,198.29291884267965
SpDiam_Dzi,192.66222904659023
SpDiam_Dzm,198.3234197467627
SpDiam_Dzp,255.4725187722308
SpDiam_Dzv,236.40428165704202
SpMAD_Dzpe,9.415403831115698
SpMAD_Dzse,9.491798830221102
SpMax_Dzpe,127.17015988906326
SpMax_Dzse,128.19687795514503
n10FAHRing,1
n10FaHRing,0
n11FAHRing,0
n11FaHRing,0
n12FAHRing,0
n12FaHRing,0
nG12AHRing,0
nG12FARing,0
nG12FHRing,0
nG12FaRing,0
nG12aHRing,0
nHeavyAtom,27
AETA_beta_s,0.6388888888888888
AETA_eta_BR,0.030591452373132988
AETA_eta_FL,0.2758704915425673
AETA_eta_RL,0.47578682771475944
DetourIndex,3564
EState_VSA1,5.969305287951849
EState_VSA2,24.194735650372856
EState_VSA3,35.34331877861313
EState_VSA4,5.563451491696996
EState_VSA5,4.899909730850478
EState_VSA6,42.46456947923127
EState_VSA7,0.0
EState_VSA8,5.316788604006331
EState_VSA9,16.249478477794412
ETA_beta_ns,18.5
ETA_shape_p,0.1715817694369973
ETA_shape_x,0.0
ETA_shape_y,0.3941018766756032
GhoseFilter,True
LogEE_Dzare,125.87802384052937
SlogP_VSA10,5.687386274683562
SlogP_VSA11,0.0
SpAbs_Dzare,249.87051952842955
SpDiam_Dzpe,196.8935172053687
SpDiam_Dzse,198.49262949005885
SpMAD_Dzare,9.319125145518967
SpMax_Dzare,125.87802384052937
TopoPSA(NO),136.58
VSA_EState1,0.0
VSA_EState2,0.0
VSA_EState3,0.0
VSA_EState4,0.0
VSA_EState5,0.0
VSA_EState6,0.0
VSA_EState7,0.0
VSA_EState8,0.0
VSA_EState9,73.99999999999999
nBridgehead,0
nG12FAHRing,0
nG12FaHRing,0
AETA_beta_ns,0.6851851851851852
EState_VSA10,14.383611552215466
ETA_dAlpha_A,0.0
ETA_dAlpha_B,0.039506172839506096
FilterItLogS,-3.3725479037363524
SpDiam_Dzare,194.9341345901493
ETA_beta_ns_d,0.5
ETA_epsilon_1,0.6437037037037038
ETA_epsilon_2,0.8728395061728391
ETA_epsilon_3,0.44025974025974035
ETA_epsilon_4,0.5713450292397662
ETA_epsilon_5,0.7833333333333331
AETA_beta_ns_d,0.018518518518518517
ETA_dEpsilon_A,0.20344396344396343
ETA_dEpsilon_B,0.07235867446393762
ETA_dEpsilon_C,-0.1310852889800258
ETA_dEpsilon_D,0.08950617283950602
PetitjeanIndex,0.5
TopoShapeIndex,1.0
CDK Descriptors
FMFDescriptor,0.6666666666666666
MDEDescriptor,"0.0,0.0,0.0,0.0,10.351308111719854,23.226741497831437,0.0,7.9800007653516625,0.0,0.0,0.9939022874158859,0.0,0.0,0.4999999999999999,0.2857142857142857,0.15384615384615385,0.0,0.16666666666666669,0.0"
APolDescriptor,53.05027399999998
BCUTDescriptor,"11.850000000000016,15.997941903855532,-0.3306607047711427,0.27372643679332115,3.9679604728031355,9.883205851699367"
BPolDescriptor,24.531725999999995
TPSADescriptor,136.58
ALOGPDescriptor,"1.1203999999999983,1.255296159999996,95.6339"
XLogPDescriptor,-0.7879999999999996
VAdjMaDescriptor,5.857980995127573
WeightDescriptor,366.1328051999999
ChiPathDescriptor,"19.551677284948283,12.846244348298507,12.060970920356679,9.520310262012927,7.700390888746713,6.08891155934571,4.285309756916032,3.2373311022686737,14.359294559468157,8.247224555769293,6.187522145486428,4.3160059433692695,2.932806929939584,2.01699943071098,1.1523294588189614,0.6932826331607025"
ChiChainDescriptor,"0.0,0.0,0.0,0.20693027063286604,0.40514048554910803,0.0,0.0,0.0,0.07978488871275956,0.13229436763914493"
AtomCountDescriptor,45
BondCountDescriptor,29
SmallRingDescriptor,"3,2,2,2,0,0,0,3,0,0,0"
ChiClusterDescriptor,"2.17660754930914,0.0,0.527351643605178,0.0,0.7694273439918988,0.0,0.10652731934841835,0.0"
RuleOfFiveDescriptor,0
CarbonTypesDescriptor,"0,0,4,8,4,2,1,0,0"
ZagrebIndexDescriptor,140.0
LargestChainDescriptor,17
MannholdLogPDescriptor,2.67
WeightedPathDescriptor,"54.53814292621222,2.0199312194893415,21.30221697530726,9.965036796871397,11.337180178435858"
FractionalPSADescriptor,0.3730340413648355
WienerNumbersDescriptor,"2110.0,43.0"
AminoAcidCountDescriptor,"0,0,0,0,0,0,0,0,1,0,0,0,0,0,0,0,0,0,0,0"
ChiPathClusterDescriptor,"4.5736233131988175,6.5241203001667545,8.709731819618737,1.4654905532907236,1.8090354099652877,2.0556684650544117"
FractionalCSP3Descriptor,0.15789473684210525
KierHallSmartsDescriptor,"0,0,0,0,0,0,0,0,3,0,0,7,0,0,0,4,5,0,0,0,1,0,1,1,0,0,0,0,0,1,0,0,0,1,3,0,0,0,0,0,0,0,0,0,0,0,0,0,0,0,0,0,0,0,0,0,0,0,0,0,0,0,0,0,0,0,0,0,0,0,0,0,0,0,0,0,0,0,0"
BasicGroupCountDescriptor,2
HBondDonorCountDescriptor,4
LargestPiSystemDescriptor,21
PetitjeanNumberDescriptor,0.5
AcidicGroupCountDescriptor,1
KappaShapeIndicesDescriptor,"21.702734839476815,9.666864961332541,5.538461538461538"
AromaticAtomsCountDescriptor,12
AromaticBondsCountDescriptor,12
FragmentComplexityDescriptor,1507.08
HBondAcceptorCountDescriptor,8
HybridizationRatioDescriptor,0.15789473684210525
AutocorrelationDescriptorMass,"31.537797347269706,31.491641440793376,45.89919590492447,48.09338636586562,43.64692305739521"
PetitjeanShapeIndexDescriptor,"1.0,NaN"
RotatableBondsCountDescriptor,6
AutocorrelationDescriptorCharge,"0.6263205734449485,-0.3540910357385966,0.03474707406905019,0.15641664462849128,-0.20013904595080464"
EccentricConnectivityIndexDescriptor,693
AutocorrelationDescriptorPolarizability,"1722.6828781655881,2012.1600503494597,2789.8622564184757,2840.2585227414984,2345.545434563663"
