DLiP-ID,C001YK
DLiP-Mol-ID,27045
Vendor-ID,
Standard Inchi(RDKit),"InChI=1S/C17H16FN3OS2/c1-8-5-6-9-12(7-8)23-16(13(9)15(19)22)21-17-20-14-10(18)3-2-4-11(14)24-17/h2-4,8H,5-7H2,1H3,(H2,19,22)(H,20,21)"
Standard Inchi Key(RDKit),ZTMGOFZWXPCDQQ-UHFFFAOYSA-N
Canonical SMILES(RDKit),CC1CCc2c(sc(Nc3nc4c(F)cccc4s3)c2C(N)=O)C1
SMILES(SDF),
MW(SDF),
MW(RDKit),361.467
MW Monoisotopic(RDKit),361.071882352
MolLogP(RDKit),4.4642
XLogP(SDF),
XLogP(CDK),3.08
ALogP(SDF),
Num H Acceptors(SDF),
nHAcceptors(SDF),
HBA(RDKit),5
HBA Lipinski(RDKit),4
Num H Donors(SDF),
nHDonors(SDF),
HBD(RDKit),2
HBD Lipinski(RDKit),3
PSA(SDF),
PSA(RDKit),68.01
RO3 Pass,
Num RO5 Violations,0
Num Lipinski RO5 Violations,0
nBonds(SDF),
nRigidBonds(SDF),
nRotatableBonds(SDF),
nRotatableBonds(RDKit),3
nRings(SDF),
nRings(RDKit),4
Aromatic Rings(RDKit),3
nAtoms(SDF),
Heavy Atoms(RDKit),24
QED Weighted(RDKit),0.723378214934142
Molecular Formula(SDF),
PPI Type(SDF),
PDB ID(SDF),
Receptor Chain(SDF),
Protein Name Receptor(SDF),
Peptide Chain(SDF),
Protein Name Peptide(SDF),
ELM ID(SDF),
Motif Sequence(SDF),
Physical Form Apperance(SDF),
Quantity of Sample mg(SDF),
Box Num(SDF),
Box Position(SDF),
fCsp3(SDF),
nCarbons(SDF),
nHetAtoms(SDF),
nHalide(SDF),
Year(SDF),
No(SDF),
Target Pref Name,Menin/Histone-lysine N-methyltransferase MLL
Common Target Pref Name,MENIN/MLL
RDKit Descriptors
Ipc,451445.9407868824
qed,0.723378214934142
Chi0,16.844570503761737
Chi1,11.52487714325259
TPSA,68.00999999999999
Chi0n,13.057994629408547
Chi0v,14.690987791264
Chi1n,7.790462259919234
Chi1v,9.423455421774687
Chi2n,6.15073436660306
Chi2v,8.286554964051962
Chi3n,4.348293118380439
Chi3v,6.4541128908558365
Chi4n,3.1650160672821914
Chi4v,5.529511997571635
MolMR,96.88660000000003
MolWt,361.46700000000016
fr_SH,0
Kappa1,15.532621659053293
Kappa2,5.8227010152066105
Kappa3,2.573331367894944
fr_ArN,0
fr_COO,0
fr_C_O,1
fr_C_S,0
fr_NH0,1
fr_NH1,1
fr_NH2,1
fr_N_O,0
fr_azo,0
BertzCT,946.8584328347353
MolLogP,4.464200000000003
NOCount,4
fr_Ar_N,1
fr_COO2,0
fr_urea,0
BalabanJ,1.754905544661557
SMR_VSA1,9.184952231746642
SMR_VSA2,0.0
SMR_VSA3,4.9839785209472085
SMR_VSA4,11.651573523323577
SMR_VSA5,26.186202068468653
SMR_VSA6,5.316788604006331
SMR_VSA7,40.02037222352602
SMR_VSA8,0.0
SMR_VSA9,0.0
fr_Al_OH,0
fr_Ar_NH,0
fr_Ar_OH,0
fr_HOCCN,0
fr_Imine,0
fr_amide,1
fr_azide,0
fr_diazo,0
fr_ester,0
fr_ether,0
fr_furan,0
fr_imide,0
fr_nitro,0
fr_oxime,0
fr_quatN,0
LabuteASA,146.07116829550688
NHOHCount,3
PEOE_VSA1,11.050456081168516
PEOE_VSA2,4.794537184071822
PEOE_VSA3,9.374393568622029
PEOE_VSA4,0.0
PEOE_VSA5,11.336785877934737
PEOE_VSA6,24.32689014608697
PEOE_VSA7,42.87655654355963
PEOE_VSA8,4.8771471937013
PEOE_VSA9,10.263371408166098
RingCount,4
SMR_VSA10,48.93001257583354
fr_Al_COO,0
fr_Ar_COO,0
fr_ketone,0
fr_lactam,0
fr_phenol,0
ExactMolWt,361.071882352
NumHDonors,2
PEOE_VSA10,16.335003535350022
PEOE_VSA11,5.131558479839333
PEOE_VSA12,0.0
PEOE_VSA13,5.907179729351506
PEOE_VSA14,0.0
SlogP_VSA1,11.050456081168516
SlogP_VSA2,10.891158250298714
SlogP_VSA3,12.841643245852019
SlogP_VSA4,11.735126887207288
SlogP_VSA5,34.14314618378375
SlogP_VSA6,18.19910120538483
SlogP_VSA7,0.0
SlogP_VSA8,10.216620634085363
SlogP_VSA9,0.0
fr_amidine,0
fr_aniline,2
fr_benzene,1
fr_epoxide,0
fr_guanido,0
fr_halogen,1
fr_hdrzine,0
fr_hdrzone,0
fr_isocyan,0
fr_lactone,0
fr_methoxy,0
fr_nitrile,0
fr_nitroso,0
fr_oxazole,0
fr_sulfide,0
fr_sulfone,0
EState_VSA1,5.907179729351506
EState_VSA2,5.817220841045895
EState_VSA3,22.12961673531398
EState_VSA4,34.52691825363199
EState_VSA5,22.280300140097648
EState_VSA6,17.403152946396347
EState_VSA7,6.06636706846161
EState_VSA8,17.224504324644162
EState_VSA9,5.733667477162185
SlogP_VSA10,14.523055504202018
SlogP_VSA11,0.0
SlogP_VSA12,22.673571755869474
VSA_EState1,0.0
VSA_EState2,0.0
VSA_EState3,0.0
VSA_EState4,0.0
VSA_EState5,0.0
VSA_EState6,0.0
VSA_EState7,0.0
VSA_EState8,13.819429010393566
VSA_EState9,40.25111358009942
fr_aldehyde,0
fr_barbitur,0
fr_bicyclic,2
fr_priamide,1
fr_pyridine,0
fr_thiazole,1
fr_thiocyan,0
EState_VSA10,9.184952231746642
EState_VSA11,0.0
FractionCSP3,0.29411764705882354
VSA_EState10,2.9294574095070125
fr_C_O_noCOO,1
fr_Nhpyrrole,0
fr_imidazole,0
fr_phos_acid,0
fr_piperdine,0
fr_piperzine,0
fr_sulfonamd,0
fr_tetrazole,0
fr_thiophene,1
HallKierAlpha,-1.9899999999999998
NumHAcceptors,5
fr_morpholine,0
fr_nitro_arom,0
fr_phos_ester,0
HeavyAtomCount,24
HeavyAtomMolWt,345.33900000000006
MaxEStateIndex,13.819429010393566
MinEStateIndex,-0.4195882149155954
NumHeteroatoms,7
fr_aryl_methyl,0
fr_isothiocyan,0
fr_Al_OH_noTert,0
fr_alkyl_halide,0
fr_allylic_oxid,0
fr_prisulfonamd,0
FpDensityMorgan1,1.4166666666666667
FpDensityMorgan2,2.25
FpDensityMorgan3,3.0
MaxPartialCharge,0.25149488690614163
MinPartialCharge,-0.36549628390376515
NumAromaticRings,3
fr_unbrch_alkane,0
MaxAbsEStateIndex,13.819429010393566
MinAbsEStateIndex,0.3414596794232432
NumAliphaticRings,1
NumRotatableBonds,3
NumSaturatedRings,0
fr_Ndealkylation1,0
fr_Ndealkylation2,0
fr_benzodiazepine,0
fr_ketone_Topliss,0
fr_term_acetylene,0
fr_alkyl_carbamate,0
fr_dihydropyridine,0
MaxAbsPartialCharge,0.36549628390376515
MinAbsPartialCharge,0.25149488690614163
NumRadicalElectrons,0
NumValenceElectrons,124
fr_para_hydroxylation,1
NumAromaticCarbocycles,1
fr_nitro_arom_nonortho,0
fr_phenol_noOrthoHbond,0
NumAliphaticCarbocycles,1
NumAromaticHeterocycles,2
NumSaturatedCarbocycles,0
NumAliphaticHeterocycles,0
NumSaturatedHeterocycles,0
Mordred Descriptors
MW,361.07188235200044
MZ,0.7833333333333333
Mi,1.1197822393719528
Mm,0.7523382799100824
Mp,0.741282754491018
Mv,0.6835994097292899
SZ,31.333333333333332
Si,44.79128957487811
Sm,30.093531196403298
Sp,29.65131017964072
Sv,27.343976389171594
nB,0
nC,17
nF,1
nH,16
nI,0
nN,3
nO,1
nP,0
nS,2
nX,1
ABC,19.286801603882214
AMW,9.02679705880001
IC0,1.8158841998018813
IC1,4.034829508503261
IC2,4.7841837197791905
IC3,5.003055907333277
IC4,5.003055907333277
IC5,5.003055907333277
MID,49.58244106586811
Mpe,0.9828431372549019
Mse,1.0133284777858704
NdO,1
NdS,0
NsF,1
NsI,0
NtN,0
SMR,96.88660000000003
SdO,11.964714401192575
SdS,0
Spe,39.31372549019608
SsF,13.819429010393566
SsI,0
Sse,40.533139111434814
StN,0
fMF,0.475
nBr,0
nCl,0
AMID,2.0659350444111713
BIC0,0.32174529944469804
BIC1,0.7149065059122833
BIC2,0.8476799477008206
BIC3,0.8864605580130799
BIC4,0.8864605580130799
BIC5,0.8864605580130799
CIC0,3.5060438950854813
CIC1,1.2870985863841016
CIC2,0.5377443751081721
CIC3,0.31887218755408586
CIC4,0.31887218755408586
CIC5,0.31887218755408586
GGI1,5.5
GGI2,2.666666666666668
GGI3,2.736111111111111
GGI4,1.5616666666666665
GGI5,0.9002777777777778
GGI6,0.40653061224489806
GGI7,0.451530612244898
GGI8,0.2962962962962963
GGI9,0.14814814814814814
JGI1,0.20370370370370366
JGI2,0.06666666666666671
JGI3,0.07015669515669515
JGI4,0.043379629629629636
JGI5,0.03215277777777778
JGI6,0.015056689342403628
JGI7,0.01672335600907029
JGI8,0.01288244766505636
JGI9,0.008230452674897117
MIC0,22.346172456636587
MIC1,43.38408851213347
MIC2,47.55048823675721
MIC3,47.77111140181174
MIC4,47.77111140181174
MIC5,47.77111140181174
MPC2,40
MPC3,55
MPC4,78
MPC5,95
MPC6,107
MPC7,123
MPC8,142
MPC9,147
Mare,0.9939
NaaN,1
NaaO,0
NaaS,2
NdNH,0
NdSe,0
NddC,0
NdsN,0
NsBr,0
NsCl,0
NsLi,0
NsOH,0
NsSH,0
NssO,0
NssS,0
NtCH,0
NtsC,0
RNCG,0.18948031082071393
RPCG,0.13037979164062607
SIC0,0.3412079546032112
SIC1,0.7581518270379144
SIC2,0.8989568506901157
SIC3,0.9400833341096025
SIC4,0.9400833341096025
SIC5,0.9400833341096025
SaaN,4.316101111740992
SaaO,0
SaaS,2.9294574095070125
Sare,39.756
SdNH,0
SdSe,0
SddC,0
SdsN,0
SsBr,0
SsCl,0
SsLi,0
SsOH,0
SsSH,0
SssO,0
SssS,0
StCH,0
StsC,0
TIC0,72.63536799207526
TIC1,161.39318034013044
TIC2,191.36734879116761
TIC3,200.12223629333107
TIC4,200.12223629333107
TIC5,200.12223629333107
Vabc,286.8732759752426
WPol,39
apol,49.517687999999985
bpol,24.092311999999996
nRot,3
ABCGG,15.565766724913715
ATS0Z,1432.0
ATS0d,150.0
ATS0i,6451.571534390685
ATS0m,5729.929753149769
ATS0p,75.928559477584
ATS0s,210.6179698216735
ATS0v,10014.059016478332
ATS1Z,1371.0
ATS1d,190.0
ATS1i,6246.674405743599
ATS1m,5309.8100828352
ATS1p,92.12542293
ATS1s,132.40432098765433
ATS1v,12721.304200091909
ATS2Z,2248.0
ATS2d,307.0
ATS2i,11142.644163568939
ATS2m,8678.532235670404
ATS2p,144.86115101394307
ATS2s,224.83333333333337
ATS2v,19435.156438645412
ATS3Z,2306.0
ATS3d,318.0
ATS3i,14833.519654128886
ATS3m,8601.260442718394
ATS3p,161.43098908603696
ATS3s,281.8333333333333
ATS3v,20715.75921127675
ATS4Z,2583.0
ATS4d,308.0
ATS4i,15790.322854459253
ATS4m,9726.648659688
ATS4p,156.02153607313102
ATS4s,272.91700960219487
ATS4v,19497.42648294384
ATS5Z,1805.0
ATS5d,249.0
ATS5i,13232.58955603698
ATS5m,6494.506070047999
ATS5p,125.65988011748999
ATS5s,245.72530864197537
ATS5v,15737.931806540817
ATS6Z,1714.0
ATS6d,233.0
ATS6i,11979.159673685737
ATS6m,6379.579235260799
ATS6p,111.35367311833899
ATS6s,235.61728395061732
ATS6v,14641.514413610184
ATS7Z,1679.0
ATS7d,212.0
ATS7i,11159.117532925196
ATS7m,6212.711992427199
ATS7p,111.92409836903701
ATS7s,202.15123456790124
ATS7v,14314.779366703693
ATS8Z,1267.0
ATS8d,198.0
ATS8i,10017.081255556446
ATS8m,4544.4959935055995
ATS8p,97.26252560224499
ATS8s,215.64814814814815
ATS8v,12950.40044326413
C1SP1,0
C1SP2,2
C1SP3,1
C2SP1,0
C2SP2,7
C2SP3,3
C3SP2,2
C3SP3,1
C4SP3,0
FCSP3,0.29411764705882354
GGI10,0.06958677685950414
JGI10,0.008698347107438017
JGT10,0.47765076573333837
Kier1,17.415637860082306
Kier2,6.9575
Kier3,3.36
MAXdO,11.964714401192575
MAXsF,13.819429010393566
MID_C,36.020038235326936
MID_N,5.890932620768416
MID_O,1.7211613486930912
MID_X,1.7804982932806719
MID_h,13.56240283054117
MINdO,11.964714401192575
MINsF,13.819429010393566
MPC10,158
MWC01,27.0
MWC02,4.90527477843843
MWC03,5.783825182329737
MWC04,6.698268054115413
MWC05,7.5953872788539725
MWC06,8.513385953073284
MWC07,9.41759841406017
MWC08,10.336146208328422
MWC09,11.243986635335583
MWC10,12.16232449899987
NaaCH,3
NaaNH,0
NaaSe,0
NaaaC,2
NaasC,6
NaasN,0
NdCH2,0
NddsN,0
NdsCH,0
NdssC,1
NdssS,0
NsCH3,1
NsNH2,1
NsNH3,0
NsPH2,0
NsSeH,0
NssBH,0
NssBe,0
NssNH,1
NssPH,0
NssSe,0
NsssB,0
NsssN,0
NsssP,0
SLogP,4.464200000000003
SRW02,4.007333185232471
SRW03,0.0
SRW04,5.3706380281276624
SRW05,3.044522437723423
SRW06,6.9167150203536085
SRW07,5.476463551931511
SRW08,8.55159461813357
SRW09,7.644440761556566
SRW10,10.233690176143746
SaaCH,4.891858702464763
SaaNH,0
SaaSe,0
SaaaC,1.1191049382716054
SaasC,3.8156431802391406
SaasN,0
SdCH2,0
SddsN,0
SdsCH,0
SdssC,-0.4195882149155954
SdssS,0
SsCH3,2.218278357511763
SsNH2,5.621341857730746
SsNH3,0
SsPH2,0
SsSeH,0
SssBH,0
SssBe,0
SssNH,3.20099111866969
SssPH,0
SssSe,0
SsssB,0
SsssN,0
SsssP,0
VE1_A,4.3484725134669855
VE1_D,4.831114942603489
VE2_A,0.18118635472779107
VE2_D,0.20129645594181203
VE3_A,2.3452933744587554
VE3_D,2.4505460153575735
VR1_A,168.70419954821097
VR1_D,141.96252133721435
VR2_A,7.029341647842124
VR2_D,5.915105055717265
VR3_A,6.0036156201834805
VR3_D,5.831031825873419
WPath,1318
Xc-3d,1.9451115116426132
Xc-4d,0.0
Xc-5d,0.4443353961822101
Xc-6d,0.0
Xp-0d,16.844570503761737
Xp-1d,11.52487714325259
Xp-2d,11.064561626695065
Xp-3d,9.165880451229834
Xp-4d,8.329608303652318
Xp-5d,6.5291784172303435
Xp-6d,4.785954173941242
Xp-7d,3.510967133301205
ZMIC0,77.03703375540276
ZMIC1,35.87008213919162
ZMIC2,27.02517858706723
ZMIC3,26.119120316518924
ZMIC4,26.119120316518924
ZMIC5,26.119120316518924
nAcid,0
nAtom,40
nBase,0
nRing,4
piPC1,3.597312260588446
piPC2,4.269697449699962
piPC3,4.90527477843843
piPC4,5.564041365397364
piPC5,5.993961427306569
piPC6,6.339394332119533
piPC7,6.729870739054006
piPC8,7.170867460805086
piPC9,7.411893749746654
AATS0Z,35.8
AATS0d,3.75
AATS0i,161.2892883597671
AATS0m,143.24824382874422
AATS0p,1.8982139869396
AATS0s,5.265449245541838
AATS0v,250.3514754119583
AATS1Z,31.88372093023256
AATS1d,4.4186046511627906
AATS1i,145.27149780799067
AATS1m,123.48395541477208
AATS1p,2.1424516960465114
AATS1s,3.079170255526845
AATS1v,295.84428372306763
AATS2Z,29.973333333333333
AATS2d,4.093333333333334
AATS2i,148.56858884758586
AATS2m,115.71376314227204
AATS2p,1.931482013519241
AATS2s,2.9977777777777783
AATS2v,259.1354191819388
AATS3Z,24.020833333333332
AATS3d,3.3125
AATS3i,154.51582973050924
AATS3m,89.59646294498327
AATS3p,1.6815728029795516
AATS3s,2.935763888888889
AATS3v,215.78915845079948
AATS4Z,25.83
AATS4d,3.08
AATS4i,157.90322854459254
AATS4m,97.26648659688
AATS4p,1.56021536073131
AATS4s,2.7291700960219485
AATS4v,194.9742648294384
AATS5Z,22.01219512195122
AATS5d,3.0365853658536586
AATS5i,161.37304336630464
AATS5m,79.20129353717071
AATS5p,1.5324375624084146
AATS5s,2.9966501053899437
AATS5v,191.92599764074168
AATS6Z,23.16216216216216
AATS6d,3.1486486486486487
AATS6i,161.88053613088834
AATS6m,86.210530206227
AATS6p,1.5047793664640403
AATS6s,3.1840173506840177
AATS6v,197.8583028866241
AATS7Z,23.985714285714284
AATS7d,3.0285714285714285
AATS7i,159.41596475607423
AATS7m,88.7530284632457
AATS7p,1.598915690986243
AATS7s,2.887874779541446
AATS7v,204.49684809576704
AATS8Z,19.796875
AATS8d,3.09375
AATS8i,156.51689461806947
AATS8m,71.00774989852499
AATS8p,1.519726962535078
AATS8s,3.369502314814815
AATS8v,202.35000692600204
AMID_C,1.5008349264719556
AMID_N,0.24545552586535066
AMID_O,0.07171505619554547
AMID_X,0.07418742888669466
AMID_h,0.5651001179392154
ATS0dv,328.8888888888889
ATS0pe,256.69410000000005
ATS0se,313.128518
ATS1dv,319.66666666666663
ATS1pe,281.031
ATS1se,335.36520799999994
ATS2dv,458.00000000000006
ATS2pe,476.7193
ATS2se,577.6456879999998
ATS3dv,468.0
ATS3pe,602.2867000000002
ATS3se,739.9162900000001
ATS4dv,395.1111111111111
ATS4pe,621.8680999999999
ATS4se,770.5512150000001
ATS5dv,313.3333333333333
ATS5pe,523.9987
ATS5se,646.8692420000001
ATS6dv,309.33333333333337
ATS6pe,473.0751
ATS6se,581.982536
ATS7dv,290.0
ATS7pe,440.7619000000001
ATS7se,545.9367400000001
ATS8dv,292.66666666666663
ATS8pe,407.69300000000004
ATS8se,499.60862200000014
ATSC0Z,548.4000000000001
ATSC0c,0.6945801507494643
ATSC0d,27.5
ATSC0i,92.01161206477984
ATSC0m,2463.7156860282266
ATSC0p,14.6285238559504
ATSC0s,85.90435528120713
ATSC0v,2097.542971948842
ATSC1Z,22.569999999999986
ATSC1c,-0.5258526474003823
ATSC1d,10.1875
ATSC1i,8.771841018673893
ATSC1m,109.62520002259558
ATSC1p,2.107003255622516
ATSC1s,-4.438951474622771
ATSC1v,239.3676505760054
ATSC2Z,191.75
ATSC2c,0.32494059399234326
ATSC2d,4.6875
ATSC2i,-5.5751480004513905
ATSC2m,870.2199535666066
ATSC2p,1.6341587795927945
ATSC2s,17.497766632373118
ATSC2v,353.9711426705547
ATSC3Z,-57.16000000000001
ATSC3c,-0.33714431089656793
ATSC3d,-2.25
ATSC3i,-16.686117149726584
ATSC3m,-225.9326841084711
ATSC3p,-1.4439010167643627
ATSC3s,9.438395061728398
ATSC3v,-165.30456785624503
ATSC4Z,280.00000000000006
ATSC4c,0.4494132523618257
ATSC4d,-8.75
ATSC4i,-44.18259919545427
ATSC4m,1233.8933694174839
ATSC4p,-2.0458552612468
ATSC4s,-0.7728052126200273
ATSC4v,-62.1371141372656
ATSC5Z,-303.4200000000001
ATSC5c,-0.38271099818578186
ATSC5d,-3.875
ATSC5i,3.431230401879473
ATSC5m,-1340.7584770034828
ATSC5p,-3.308308908695521
ATSC5s,-12.311541495198902
ATSC5v,-466.8964650658281
ATSC6Z,82.16000000000003
ATSC6c,0.22412381390190966
ATSC6d,4.625
ATSC6i,23.899702034065744
ATSC6m,353.40992973944844
ATSC6p,3.95689976961436
ATSC6s,-24.930841906721543
ATSC6v,330.4357639262039
ATSC7Z,-107.00000000000004
ATSC7c,-0.11357820208626372
ATSC7d,-0.625
ATSC7i,2.579230063053563
ATSC7m,-413.48207398678625
ATSC7p,-1.3184643439218013
ATSC7s,-6.2225222908093265
ATSC7v,393.22296896198964
ATSC8Z,-261.44000000000005
ATSC8c,-0.10438810125975048
ATSC8d,-12.0
ATSC8i,-22.653632335315997
ATSC8m,-1167.414464000162
ATSC8p,-5.431188962112841
ATSC8s,-12.511714677640605
ATSC8v,-705.872902849812
AXp-0d,0.7018571043234058
AXp-1d,0.4268473016019478
AXp-2d,0.2766140406673766
AXp-3d,0.16665237184054243
AXp-4d,0.10678985004682459
AXp-5d,0.06872819386558256
AXp-6d,0.04472854368169385
AXp-7d,0.02854444823822118
GATS1Z,0.7037173680728716
GATS1c,1.7259961320348525
GATS1d,0.7255813953488371
GATS1i,0.8578845171856894
GATS1m,0.6945353291684967
GATS1p,0.7227658085808619
GATS1s,0.5898367964209733
GATS1v,0.7564258358749526
GATS2Z,0.6969365426695843
GATS2c,0.5584975231949655
GATS2d,1.021090909090909
GATS2i,0.9455381259531118
GATS2m,0.6871006406986354
GATS2p,0.8901632237078994
GATS2s,0.4675279673896425
GATS2v,0.8493226016614763
GATS3Z,1.0882225565280816
GATS3c,0.9826783877808315
GATS3d,1.0267045454545454
GATS3i,1.0321593720967466
GATS3m,1.072505008708345
GATS3p,1.0902336605639031
GATS3s,0.7710714265753975
GATS3v,1.0183351535407652
GATS4Z,0.9586433260393872
GATS4c,0.674623845136295
GATS4d,1.1487272727272728
GATS4i,1.1408330578985197
GATS4m,0.9476119766348533
GATS4p,1.1687265444425265
GATS4s,0.8309781829809607
GATS4v,1.0267883494494696
GATS5Z,1.4995063243849067
GATS5c,1.7092685864874941
GATS5d,1.0203991130820398
GATS5i,0.9283904791532098
GATS5m,1.470529342327462
GATS5p,1.2441309237777094
GATS5s,1.0100568225262838
GATS5v,1.0676804189812772
GATS6Z,0.8154311313501684
GATS6c,1.3032338095354392
GATS6d,0.939066339066339
GATS6i,0.7483525351438225
GATS6m,0.8217715959903666
GATS6p,0.7383685468640204
GATS6s,1.2496996917275638
GATS6v,0.8379038535595624
GATS7Z,1.4014926539543604
GATS7c,1.292331840459253
GATS7d,0.9724675324675324
GATS7i,0.9359342503052062
GATS7m,1.3581653359627188
GATS7p,1.2482200052533925
GATS7s,0.9191195369983468
GATS7v,0.8952861246322655
GATS8Z,1.2089715536105032
GATS8c,1.1444777923136238
GATS8d,1.3517045454545453
GATS8i,1.112545898339462
GATS8m,1.2076136939685724
GATS8p,1.16574014747784
GATS8s,1.2274049280410833
GATS8v,1.147566225240796
MATS1Z,0.03828473529760994
MATS1c,-0.7042603403910785
MATS1d,0.34460887949260044
MATS1i,0.08868285129761076
MATS1m,0.041391517224122154
MATS1p,0.13398501774933338
MATS1s,-0.04806807724915127
MATS1v,0.10615638626191565
MATS2Z,0.18648188670070504
MATS2c,0.24950561852689598
MATS2d,0.09090909090909091
MATS2i,-0.0323156197373654
MATS2m,0.18838103406203646
MATS2p,0.05957889925863154
MATS2s,0.10863409862496083
MATS2v,0.09000273746425072
MATS3Z,-0.04342937028932653
MATS3c,-0.20224706400740988
MATS3d,-0.03409090909090909
MATS3i,-0.07556164549634459
MATS3m,-0.0382100170536687
MATS3p,-0.04112687169095988
MATS3s,0.04577957189923558
MATS3v,-0.03283694503261662
MATS4Z,0.20423048869438368
MATS4c,0.2588114571813783
MATS4d,-0.12727272727272726
MATS4i,-0.19207401415529146
MATS4m,0.20033048073118406
MATS4p,-0.05594153672353246
MATS4s,-0.003598444852255774
MATS4v,-0.011849504867027077
MATS5Z,-0.2698937930298341
MATS5c,-0.268778616256889
MATS5d,-0.0687361419068736
MATS5i,0.01819086624161832
MATS5m,-0.2654642859468564
MATS5p,-0.11031934866739601
MATS5s,-0.06991065794043416
MATS5v,-0.10858150524145628
MATS6Z,0.08098251424290814
MATS6c,0.1744190463603443
MATS6d,0.09090909090909091
MATS6i,0.14040355957633294
MATS6m,0.07753832779370765
MATS6p,0.1462119323449076
MATS6s,-0.1568736616004629
MATS6v,0.08515388186810077
MATS7Z,-0.1114931749505054
MATS7c,-0.0934403750143868
MATS7d,-0.012987012987012986
MATS7i,0.016018040736843906
MATS7m,-0.09590208488321698
MATS7p,-0.05150268092294781
MATS7s,-0.04139169675018193
MATS7v,0.10712478476571183
MATS8Z,-0.2979576951130562
MATS8c,-0.09393093542472553
MATS8d,-0.2727272727272727
MATS8i,-0.15387753667009263
MATS8m,-0.29615188316487506
MATS8p,-0.23204618147030318
MATS8s,-0.09102939714671349
MATS8v,-0.2103273068447498
MAXaaN,4.316101111740992
MAXaaS,1.563946759259259
MINaaN,4.316101111740992
MINaaS,1.3655106502477532
NddssS,0
NdssSe,0
NdsssP,0
NsAsH2,0
NsGeH3,0
NsPbH3,0
NsSiH3,0
NsSnH3,0
NssAsH,0
NssCH2,3
NssNH2,0
NsssAs,0
NsssCH,1
NsssNH,0
NssssB,0
NssssC,0
NssssN,0
Radius,6
SM1_Dt,0.0
SddssS,0
SdssSe,0
SdsssP,0
SpAD_A,30.87640207531033
SpAD_D,226.5664610325638
SsAsH2,0
SsGeH3,0
SsPbH3,0
SsSiH3,0
SsSnH3,0
SssAsH,0
SssCH2,2.910378086202851
SssNH2,0
SsssAs,0
SsssCH,0.6122900409908885
SsssNH,0
SssssB,0
SssssC,0
SssssN,0
TMPC10,996
TMWC10,127.65619700353488
TSRW10,75.24539777920256
VE1_Dt,4.863507419070041
VE2_Dt,0.2026461424612517
VE3_Dt,2.4572286061391346
VR1_Dt,137.53055263050334
VR2_Dt,5.730439692937639
VR3_Dt,5.799314830726667
Xc-3dv,1.29225201388149
Xc-4dv,0.0
Xc-5dv,0.20337553154372223
Xc-6dv,0.0
Xch-3d,0.0
Xch-4d,0.0
Xch-5d,0.17479246499677625
Xch-6d,0.5397486703607823
Xch-7d,1.0368512388993267
Xp-0dv,14.690987791264
Xp-1dv,9.423455421774687
Xp-2dv,8.286554964051964
Xp-3dv,6.454112890855835
Xp-4dv,5.529511997571636
Xp-5dv,3.919966722026124
Xp-6dv,2.715764305086636
Xp-7dv,1.8429915542408783
Xpc-4d,4.269449078751413
Xpc-5d,7.48537715844736
Xpc-6d,11.226183157770137
n3Ring,0
n4Ring,0
n5Ring,2
n6Ring,2
n7Ring,0
n8Ring,0
n9Ring,0
nARing,1
nBonds,43
nFRing,2
nHBAcc,5
nHBDon,2
nHRing,2
nSpiro,0
naRing,3
piPC10,7.766827301080933
AATS0dv,8.222222222222223
AATS0pe,6.417352500000002
AATS0se,7.828212949999999
AATS1dv,7.434108527131782
AATS1pe,6.5356046511627905
AATS1se,7.799190883720929
AATS2dv,6.106666666666667
AATS2pe,6.356257333333333
AATS2se,7.701942506666665
AATS3dv,4.875
AATS3pe,6.273819791666669
AATS3se,7.707461354166668
AATS4dv,3.951111111111111
AATS4pe,6.218680999999999
AATS4se,7.705512150000001
AATS5dv,3.8211382113821135
AATS5pe,6.390228048780488
AATS5se,7.888649292682928
AATS6dv,4.180180180180181
AATS6pe,6.392906756756757
AATS6se,7.864628864864865
AATS7dv,4.142857142857143
AATS7pe,6.296598571428572
AATS7se,7.799096285714287
AATS8dv,4.572916666666666
AATS8pe,6.370203125000001
AATS8se,7.806384718750002
AATSC0Z,13.710000000000003
AATSC0c,0.01736450376873661
AATSC0d,0.6875
AATSC0i,2.300290301619496
AATSC0m,61.592892150705666
AATSC0p,0.36571309639876
AATSC0s,2.147608882030178
AATSC0v,52.43857429872105
AATSC1Z,0.5248837209302323
AATSC1c,-0.012229131334892611
AATSC1d,0.2369186046511628
AATSC1i,0.20399630275985797
AATSC1m,2.549423256339432
AATSC1p,0.04900007571215153
AATSC1s,-0.10323142964239002
AATSC1v,5.566689548279195
AATSC2Z,2.5566666666666666
AATSC2c,0.004332541253231244
AATSC2d,0.0625
AATSC2i,-0.0743353066726852
AATSC2m,11.60293271422142
AATSC2p,0.021788783727903927
AATSC2s,0.23330355509830825
AATSC2v,4.719615235607396
AATSC3Z,-0.5954166666666668
AATSC3c,-0.003511919905172583
AATSC3d,-0.0234375
AATSC3i,-0.17381372030965192
AATSC3m,-2.3534654594632407
AATSC3p,-0.015040635591295445
AATSC3s,0.09831661522633749
AATSC3v,-1.7219225818358856
AATSC4Z,2.8000000000000007
AATSC4c,0.004494132523618257
AATSC4d,-0.0875
AATSC4i,-0.44182599195454275
AATSC4m,12.33893369417484
AATSC4p,-0.020458552612468
AATSC4s,-0.007728052126200273
AATSC4v,-0.621371141372656
AATSC5Z,-3.7002439024390252
AATSC5c,-0.004667207294948559
AATSC5d,-0.04725609756097561
AATSC5i,0.04184427319365211
AATSC5m,-16.350713134188815
AATSC5p,-0.040345230593847814
AATSC5s,-0.15014074994145002
AATSC5v,-5.693859330071074
AATSC6Z,1.1102702702702707
AATSC6c,0.003028700187863644
AATSC6d,0.0625
AATSC6i,0.3229689464062938
AATSC6m,4.775809861343898
AATSC6p,0.05347161850830216
AATSC6s,-0.3369032690097506
AATSC6v,4.4653481611649175
AATSC7Z,-1.5285714285714291
AATSC7c,-0.0016225457440894816
AATSC7d,-0.008928571428571428
AATSC7i,0.03684614375790805
AATSC7m,-5.906886771239804
AATSC7p,-0.01883520491316859
AATSC7s,-0.08889317558299038
AATSC7v,5.6174709851712805
AATSC8Z,-4.085000000000001
AATSC8c,-0.0016310640821836013
AATSC8d,-0.1875
AATSC8i,-0.35396300523931246
AATSC8m,-18.240851000002532
AATSC8p,-0.08486232753301313
AATSC8s,-0.19549554183813445
AATSC8v,-11.029264107028313
ATS0are,252.9319
ATS1are,273.53700000000003
ATS2are,464.7223000000001
ATS3are,589.7210000000001
ATS4are,609.6591
ATS5are,515.595
ATS6are,466.3967
ATS7are,432.26500000000004
ATS8are,400.5390000000001
ATSC0dv,163.51111111111112
ATSC0pe,5.442537499999998
ATSC0se,3.414007599999999
ATSC1dv,46.725555555555545
ATSC1pe,-0.3989453125000005
ATSC1se,-0.30038651999999977
ATSC2dv,45.57222222222221
ATSC2pe,1.5061046875000001
ATSC2se,1.0102725999999993
ATSC3dv,57.673333333333346
ATSC3pe,0.7365749999999993
ATSC3se,0.08305415999999996
ATSC4dv,10.811111111111114
ATSC4pe,1.88450625
ATSC4se,1.2179669999999991
ATSC5dv,-36.26444444444444
ATSC5pe,-1.4554093750000001
ATSC5se,-1.114263479999999
ATSC6dv,-37.41777777777779
ATSC6pe,-1.2013843749999995
ATSC6se,-0.44235695999999963
ATSC7dv,12.11111111111111
ATSC7pe,-0.5699281250000013
ATSC7se,-0.6382475999999998
ATSC8dv,-32.39555555555556
ATSC8pe,-1.4021875
ATSC8se,-1.0300917599999995
AXp-0dv,0.6121244913026667
AXp-1dv,0.34901686747313654
AXp-2dv,0.2071638741012991
AXp-3dv,0.11734750710646973
AXp-4dv,0.07089117945604662
AXp-5dv,0.04126280760027499
AXp-6dv,0.025380974813893793
AXp-7dv,0.014983671172690068
BertzCT,946.8584328347353
ECIndex,464
ETA_eta,22.974531971252922
GATS1dv,0.48103788314569806
GATS1pe,0.6457863228447701
GATS1se,0.660718601089639
GATS2dv,0.6862190812720848
GATS2pe,0.48113880703623996
GATS2se,0.45991658600877167
GATS3dv,0.7855289310954061
GATS3pe,0.7809052762613028
GATS3se,0.824577616640338
GATS4dv,0.9504858657243814
GATS4pe,0.7414212580069499
GATS4se,0.720633176094863
GATS5dv,1.086572438162544
GATS5pe,1.0895430042579561
GATS5se,1.1332240247288348
GATS6dv,1.1297273421831726
GATS6pe,1.1269827623504562
GATS6se,1.1121485121980903
GATS7dv,0.9512241292276628
GATS7pe,0.9550801047699325
GATS7se,1.0023663099051099
GATS8dv,1.1503423144876321
GATS8pe,1.1590361400817177
GATS8se,1.2279344781262351
LogEE_A,4.1379316342286945
LogEE_D,113.28323051628189
MATS1dv,0.2658267855901186
MATS1pe,-0.06818729656978051
MATS1se,-0.08184789071068045
MATS2dv,0.14864546525323905
MATS2pe,0.14758847933217434
MATS2se,0.1578239173613243
MATS3dv,0.14696588746942105
MATS3pe,0.05639028669990787
MATS3se,0.010136444921798063
MATS4dv,0.026447404185920093
MATS4pe,0.13850203145132214
MATS4se,0.1427023185302809
MATS5dv,-0.10818820066428442
MATS5pe,-0.13044573283747282
MATS5se,-0.1592097103051585
MATS6dv,-0.12369695055207426
MATS6pe,-0.11931878456684214
MATS6se,-0.07003847040945958
MATS7dv,0.04232516600007766
MATS7pe,-0.05983848789020107
MATS7se,-0.10682838382835302
MATS8dv,-0.12382780646914925
MATS8pe,-0.1610218004928768
MATS8se,-0.18857818301283216
MAXaaCH,1.8307364890400604
MAXaaaC,0.7713580246913581
MAXaasC,1.219760802469136
MAXdssC,-0.4195882149155954
MAXsCH3,2.218278357511763
MAXsNH2,5.621341857730746
MAXssNH,3.20099111866969
MDEC-12,1.214759062304929
MDEC-13,1.9911979826410242
MDEC-22,3.406588488902568
MDEC-23,14.929955212497983
MDEC-33,13.555050698009483
MDEN-12,0.40824829046386313
MDEN-22,0.4999999999999999
MINaaCH,1.3947509215271663
MINaaaC,0.34774691358024734
MINaasC,-0.3414596794232432
MINdssC,-0.4195882149155954
MINsCH3,2.218278357511763
MINsNH2,5.621341857730746
MINssNH,3.20099111866969
NddssSe,0
NssGeH2,0
NssPbH2,0
NssSiH2,0
NssSnH2,0
NsssGeH,0
NsssPbH,0
NsssSiH,0
NsssSnH,0
NsssdAs,0
NssssBe,0
NssssGe,0
NssssPb,0
NssssSi,0
NssssSn,0
NsssssP,0
SM1_DzZ,2.261904761904762
SM1_Dzi,1.0287851452282015
SM1_Dzm,2.2952724923286043
SM1_Dzp,-3.786768524679195
SM1_Dzv,-1.5884702777460835
SddssSe,0
SpAD_Dt,518.9389168626524
SpAbs_A,30.87640207531033
SpAbs_D,226.5664610325638
SpMAD_A,1.2865167531379305
SpMAD_D,9.44026920969016
SpMax_A,2.5019046491598282
SpMax_D,113.28323051628189
SssGeH2,0
SssPbH2,0
SssSiH2,0
SssSnH2,0
SsssGeH,0
SsssPbH,0
SsssSiH,0
SsssSnH,0
SsssdAs,0
SssssBe,0
SssssGe,0
SssssPb,0
SssssSi,0
SssssSn,0
SsssssP,0
TopoPSA,124.48999999999998
TpiPC10,8.9412663819365
VAdjMat,5.754887502163468
VE1_DzZ,4.807388328873235
VE1_Dzi,4.820315640040603
VE1_Dzm,4.807667779985291
VE1_Dzp,4.806229249878863
VE1_Dzv,4.8247314812924404
VE2_DzZ,0.2003078470363848
VE2_Dzi,0.20084648500169178
VE2_Dzm,0.20031949083272046
VE2_Dzp,0.20025955207828594
VE2_Dzv,0.20103047838718502
VE3_DzZ,2.4456227070414034
VE3_Dzi,2.4483081487579303
VE3_Dzm,2.4456808348586456
VE3_Dzp,2.445381574296005
VE3_Dzv,2.4492238190506366
VR1_DzZ,144.45932262729232
VR1_Dzi,142.95420045535886
VR1_Dzm,144.42259681013692
VR1_Dzp,144.28084131194396
VR1_Dzv,142.5914977397093
VR2_DzZ,6.019138442803847
VR2_Dzi,5.9564250189732855
VR2_Dzm,6.017608200422372
VR2_Dzp,6.011701721330998
VR2_Dzv,5.941312405821221
VR3_DzZ,5.848466700967216
VR3_Dzi,5.837993039778372
VR3_Dzm,5.848212439174544
VR3_Dzp,5.847230424478031
VR3_Dzv,5.835452620412872
Xch-3dv,0.0
Xch-4dv,0.0
Xch-5dv,0.1450118741501201
Xch-6dv,0.36788081789949695
Xch-7dv,0.6096909986947554
Xpc-4dv,2.6032133109458147
Xpc-5dv,4.321012022351582
Xpc-6dv,5.802216226730191
Zagreb1,134.0
Zagreb2,162.0
fragCpx,177.07
n10Ring,0
n11Ring,0
n12Ring,0
n3ARing,0
n3HRing,0
n3aRing,0
n4ARing,0
n4FRing,0
n4HRing,0
n4aRing,0
n5ARing,0
n5FRing,0
n5HRing,2
n5aRing,2
n6ARing,1
n6FRing,0
n6HRing,0
n6aRing,1
n7ARing,0
n7FRing,0
n7HRing,0
n7aRing,0
n8ARing,0
n8FRing,0
n8HRing,0
n8aRing,0
n9ARing,0
n9FRing,2
n9HRing,0
n9aRing,0
nAHRing,0
nBondsA,15
nBondsD,1
nBondsM,16
nBondsO,27
nBondsS,27
nBondsT,0
nFARing,1
nFHRing,2
nFaRing,1
nHetero,7
naHRing,2
AATS0are,6.323297500000001
AATS1are,6.3613255813953495
AATS2are,6.196297333333335
AATS3are,6.142927083333334
AATS4are,6.096591
AATS5are,6.287743902439025
AATS6are,6.302658108108108
AATS7are,6.175214285714286
AATS8are,6.258421875000002
AATSC0dv,4.087777777777778
AATSC0pe,0.13606343749999994
AATSC0se,0.08535018999999996
AATSC1dv,1.0866408268733847
AATSC1pe,-0.00927779796511629
AATSC1se,-0.006985733023255809
AATSC2dv,0.6076296296296294
AATSC2pe,0.020081395833333335
AATSC2se,0.013470301333333323
AATSC3dv,0.600763888888889
AATSC3pe,0.007672656249999993
AATSC3se,0.0008651474999999995
AATSC4dv,0.10811111111111113
AATSC4pe,0.0188450625
AATSC4se,0.012179669999999991
AATSC5dv,-0.4422493224932249
AATSC5pe,-0.01774889481707317
AATSC5se,-0.013588579024390233
AATSC6dv,-0.5056456456456458
AATSC6pe,-0.01623492398648648
AATSC6se,-0.0059777967567567515
AATSC7dv,0.173015873015873
AATSC7pe,-0.008141830357142877
AATSC7se,-0.009117822857142854
AATSC8dv,-0.5061805555555556
AATSC8pe,-0.0219091796875
AATSC8se,-0.01609518374999999
AETA_eta,0.9572721654688717
ATSC0are,5.972597499999997
ATSC1are,-0.47066981249999795
ATSC2are,1.4064971874999994
ATSC3are,0.8750059999999986
ATSC4are,1.553808749999997
ATSC5are,-1.2590898749999966
ATSC6are,-1.3786078749999973
ATSC7are,-0.8207131249999996
ATSC8are,-1.359373499999998
BCUTZ-1h,16.005568501894857
BCUTZ-1l,5.696860399249118
BCUTc-1h,0.42890764305727136
BCUTc-1l,-0.35238203466795964
BCUTd-1h,3.276577049456333
BCUTd-1l,0.9728905886147681
BCUTi-1h,17.424771594594425
BCUTi-1l,10.310871562707487
BCUTm-1h,32.06327755210615
BCUTm-1l,11.709831315929824
BCUTp-1h,2.938237324288702
BCUTp-1l,0.54585017020468
BCUTs-1h,8.001918777620752
BCUTs-1l,0.6043733683964603
BCUTv-1h,24.441895023868685
BCUTv-1l,13.304120971332713
BalabanJ,1.4173197037230316
Diameter,11
ETA_beta,29.75
GATS1are,0.6559889795913558
GATS2are,0.49335854291202447
GATS3are,0.7699748727417174
GATS4are,0.7628693378383525
GATS5are,1.06247374760822
GATS6are,1.135725805750029
GATS7are,0.9653269428777486
GATS8are,1.1497435527423367
HybRatio,0.29411764705882354
Lipinski,True
LogEE_Dt,259.46945843132613
MATS1are,-0.07330686250344653
MATS2are,0.125595577691839
MATS3are,0.06104309445485534
MATS4are,0.1040625121649331
MATS5are,-0.10283468506404925
MATS6are,-0.12476873687636655
MATS7are,-0.07852177023002614
MATS8are,-0.14225107878104948
MAXssCH2,1.065280034636546
MAXsssCH,0.6122900409908885
MINssCH2,0.8764147665238934
MINsssCH,0.6122900409908885
NsssssAs,0
RotRatio,0.1111111111111111
SM1_Dzpe,1.1248258581770547
SM1_Dzse,1.125495987874436
SMR_VSA1,9.184952231746642
SMR_VSA2,0.0
SMR_VSA3,4.9839785209472085
SMR_VSA4,11.651573523323577
SMR_VSA5,26.186202068468653
SMR_VSA6,5.316788604006331
SMR_VSA7,40.02037222352602
SMR_VSA8,0.0
SMR_VSA9,0.0
SpAD_DzZ,156.24170020908156
SpAD_Dzi,169.55322087977493
SpAD_Dzm,156.09226726780452
SpAD_Dzp,216.16844839556774
SpAD_Dzv,205.22619020378903
SpAbs_Dt,518.9389168626526
SpDiam_A,4.814050628026098
SpDiam_D,168.66120975809162
SpMAD_Dt,21.62245486927718
SpMax_Dt,259.46945843132613
SsssssAs,0
VE1_Dzpe,4.8220976444087995
VE1_Dzse,4.821891393240701
VE2_Dzpe,0.2009207351837
VE2_Dzse,0.20091214138502922
VE3_Dzpe,2.448677766681559
VE3_Dzse,2.448634993682269
VMcGowan,247.11999999999995
VR1_Dzpe,142.7873354378728
VR1_Dzse,142.84901161628784
VR2_Dzpe,5.949472309911367
VR2_Dzse,5.95204215067866
VR3_Dzpe,5.836825095916569
VR3_Dzse,5.837256946974809
mZagreb1,7.611111111111111
mZagreb2,5.083333333333333
n10ARing,0
n10FRing,0
n10HRing,0
n10aRing,0
n11ARing,0
n11FRing,0
n11HRing,0
n11aRing,0
n12ARing,0
n12FRing,0
n12HRing,0
n12aRing,0
n3AHRing,0
n3aHRing,0
n4AHRing,0
n4FARing,0
n4FHRing,0
n4FaRing,0
n4aHRing,0
n5AHRing,0
n5FARing,0
n5FHRing,0
n5FaRing,0
n5aHRing,2
n6AHRing,0
n6FARing,0
n6FHRing,0
n6FaRing,0
n6aHRing,0
n7AHRing,0
n7FARing,0
n7FHRing,0
n7FaRing,0
n7aHRing,0
n8AHRing,0
n8FARing,0
n8FHRing,0
n8FaRing,0
n8aHRing,0
n9AHRing,0
n9FARing,1
n9FHRing,2
n9FaRing,1
n9aHRing,0
nBondsKD,7
nBondsKS,36
nFAHRing,1
nFaHRing,1
nG12Ring,0
AATSC0are,0.14931493749999994
AATSC1are,-0.010945809593023208
AATSC2are,0.018753295833333326
AATSC3are,0.009114645833333318
AATSC4are,0.015538087499999971
AATSC5are,-0.01535475457317069
AATSC6are,-0.01862983614864861
AATSC7are,-0.011724473214285708
AATSC8are,-0.02124021093749997
AETA_beta,1.2395833333333333
BCUTdv-1h,7.0040608659272845
BCUTdv-1l,0.6523584112713702
BCUTpe-1h,3.9886699479733
BCUTpe-1l,2.2298195016669253
BCUTse-1h,4.009950867003463
BCUTse-1l,2.431982237721797
ETA_alpha,11.98571428571429
ETA_dBeta,-0.75
ETA_eta_B,0.38933641912051087
ETA_eta_F,18.432201724543425
ETA_eta_L,6.409613575752429
ETA_eta_R,41.40673369579635
ETA_psi_1,0.5871238628411479
LabuteASA,146.07116829550688
LogEE_DzZ,77.85018221600846
LogEE_Dzi,84.81947648760529
LogEE_Dzm,77.77876023825903
LogEE_Dzp,107.12447261478843
LogEE_Dzv,102.41453631717626
PEOE_VSA1,11.050456081168516
PEOE_VSA2,4.794537184071822
PEOE_VSA3,9.374393568622029
PEOE_VSA4,0.0
PEOE_VSA5,11.336785877934737
PEOE_VSA6,24.32689014608697
PEOE_VSA7,42.87655654355963
PEOE_VSA8,4.8771471937013
PEOE_VSA9,10.263371408166098
SM1_Dzare,1.1837811176134478
SpAD_Dzpe,171.00656788289086
SpAD_Dzse,171.07085389651763
SpAbs_DzZ,154.54527163765292
SpAbs_Dzi,168.6101678299824
SpAbs_Dzm,154.3708128985581
SpAbs_Dzp,218.15033854972387
SpAbs_Dzv,206.41754291209855
SpDiam_Dt,370.18481287471843
SpMAD_DzZ,6.510070842045065
SpMAD_Dzi,7.064717536657288
SpMAD_Dzm,6.503844469491855
SpMAD_Dzp,9.007018683148656
SpMAD_Dzv,8.55109125849121
SpMax_DzZ,77.85018221600846
SpMax_Dzi,84.81947648760529
SpMax_Dzm,77.77876023825903
SpMax_Dzp,107.12447261478843
SpMax_Dzv,102.41453631717626
VE1_Dzare,4.821670327257422
VE2_Dzare,0.2009029303023926
VE3_Dzare,2.4485891463097476
VR1_Dzare,142.7951169197623
VR2_Dzare,5.9497965383234295
VR3_Dzare,5.836879591434954
n10AHRing,0
n10FARing,0
n10FHRing,0
n10FaRing,0
n10aHRing,0
n11AHRing,0
n11FARing,0
n11FHRing,0
n11FaRing,0
n11aHRing,0
n12AHRing,0
n12FARing,0
n12FHRing,0
n12FaRing,0
n12aHRing,0
n4FAHRing,0
n4FaHRing,0
n5FAHRing,0
n5FaHRing,0
n6FAHRing,0
n6FaHRing,0
n7FAHRing,0
n7FaHRing,0
n8FAHRing,0
n8FaHRing,0
n9FAHRing,1
n9FaHRing,1
nAromAtom,14
nAromBond,15
nG12ARing,0
nG12FRing,0
nG12HRing,0
nG12aRing,0
AETA_alpha,0.4994047619047621
AETA_dBeta,-0.03125
AETA_eta_B,0.01622235079668795
AETA_eta_F,0.7680084051893094
AETA_eta_L,0.2670672323230179
AETA_eta_R,1.725280570658181
BCUTare-1h,4.107716848127386
BCUTare-1l,2.1713472261090723
ETA_beta_s,15.25
ETA_dPsi_A,0.12687613715885204
ETA_dPsi_B,0.0
ETA_eta_BR,0.7333364191205108
ETA_eta_FL,5.115263567500156
ETA_eta_RL,11.524877143252585
LogEE_Dzpe,85.55015168553614
LogEE_Dzse,85.58232261442026
PEOE_VSA10,16.335003535350022
PEOE_VSA11,5.131558479839333
PEOE_VSA12,0.0
PEOE_VSA13,5.907179729351506
SlogP_VSA1,11.050456081168516
SlogP_VSA2,10.891158250298714
SlogP_VSA3,12.841643245852019
SlogP_VSA4,11.735126887207288
SlogP_VSA5,34.14314618378375
SlogP_VSA6,18.19910120538483
SlogP_VSA7,0.0
SlogP_VSA8,10.216620634085363
SlogP_VSA9,0.0
SpAD_Dzare,170.1452269331267
SpAbs_Dzpe,169.97547751289525
SpAbs_Dzse,170.03914924096608
SpDiam_DzZ,112.94689042692784
SpDiam_Dzi,124.78001296139698
SpDiam_Dzm,112.87438801801778
SpDiam_Dzp,160.70713303963754
SpDiam_Dzv,155.12522548883447
SpMAD_Dzpe,7.125273661787119
SpMAD_Dzse,7.127952245688235
SpMax_Dzpe,85.55015168553614
SpMax_Dzse,85.58232261442026
n10FAHRing,0
n10FaHRing,0
n11FAHRing,0
n11FaHRing,0
n12FAHRing,0
n12FaHRing,0
nG12AHRing,0
nG12FARing,0
nG12FHRing,0
nG12FaRing,0
nG12aHRing,0
nHeavyAtom,24
AETA_beta_s,0.6354166666666666
AETA_eta_BR,0.030555684130021285
AETA_eta_FL,0.21313598197917316
AETA_eta_RL,0.48020321430219104
DetourIndex,3065
EState_VSA1,5.907179729351506
EState_VSA2,5.817220841045895
EState_VSA3,22.12961673531398
EState_VSA4,34.52691825363199
EState_VSA5,22.280300140097648
EState_VSA6,17.403152946396347
EState_VSA7,6.06636706846161
EState_VSA8,17.224504324644162
EState_VSA9,5.733667477162185
ETA_beta_ns,14.5
ETA_shape_p,0.12673818037346044
ETA_shape_x,0.0
ETA_shape_y,0.4171632896305124
GhoseFilter,True
LogEE_Dzare,85.12193767979726
SlogP_VSA10,14.523055504202018
SlogP_VSA11,0.0
SpAbs_Dzare,169.060094241981
SpDiam_Dzpe,126.1941496029082
SpDiam_Dzse,126.1985775258012
SpMAD_Dzare,7.089384455546946
SpMax_Dzare,85.12193767979726
TopoPSA(NO),68.00999999999999
VSA_EState1,0.0
VSA_EState2,0.0
VSA_EState3,0.0
VSA_EState4,0.0
VSA_EState5,0.0
VSA_EState6,0.0
VSA_EState7,0.0
VSA_EState8,13.819429010393566
VSA_EState9,40.25111358009942
nBridgehead,0
nG12FAHRing,0
nG12FaHRing,0
AETA_beta_ns,0.6041666666666666
EState_VSA10,9.184952231746642
ETA_dAlpha_A,0.0
ETA_dAlpha_B,0.0005952380952379451
FilterItLogS,-5.441243883676312
SpDiam_Dzare,125.47589736815164
ETA_beta_ns_d,1.0
ETA_epsilon_1,0.6303571428571431
ETA_epsilon_2,0.850595238095238
ETA_epsilon_3,0.4454545454545458
ETA_epsilon_4,0.5642857142857146
ETA_epsilon_5,0.7894179894179894
AETA_beta_ns_d,0.041666666666666664
ETA_dEpsilon_A,0.18490259740259724
ETA_dEpsilon_B,0.06607142857142845
ETA_dEpsilon_C,-0.11883116883116879
ETA_dEpsilon_D,0.06117724867724861
PetitjeanIndex,0.45454545454545453
TopoShapeIndex,0.8333333333333334
CDK Descriptors
FMFDescriptor,0.7916666666666666
MDEDescriptor,"0.0,1.214759062304929,1.9911979826410242,0.0,3.406588488902568,14.929955212497983,0.0,13.555050698009483,0.0,0.0,0.0,0.0,0.0,0.0,0.4082482904638629,0.0,0.4999999999999999,0.0,0.0"
APolDescriptor,51.04768799999999
BCUTDescriptor,"11.900000000000006,31.973073319058905,-0.2752603154652222,0.23080741206024702,4.789306335624952,12.99966537390586"
BPolDescriptor,25.532311999999994
TPSADescriptor,124.48999999999998
ALOGPDescriptor,"3.5899,12.887382010000001,94.39379999999998"
XLogPDescriptor,3.0800000000000005
VAdjMaDescriptor,5.754887502163469
WeightDescriptor,361.07188248
ChiPathDescriptor,"16.844570503761737,11.524877143252588,11.064561626695065,9.16588045122983,8.329608303652313,6.529178417230343,4.785954173941243,3.510967133301206,14.690987791264,9.423455421774687,8.286554964051964,6.454112890855834,5.529511997571634,3.9199667220261234,2.7157643050866342,1.8429915542408777"
ChiChainDescriptor,"0.0,0.0,0.17479246499677625,0.5397486703607823,1.0368512388993267,0.0,0.0,0.14501187415012007,0.36788081789949695,0.6096909986947556"
AtomCountDescriptor,40
BondCountDescriptor,27
SmallRingDescriptor,"4,3,2,2,0,0,2,2,0,0,0"
ChiClusterDescriptor,"1.9451115116426134,0.0,0.4443353961822101,0.0,1.2922520138814901,0.0,0.20337553154372223,0.0"
RuleOfFiveDescriptor,0
CarbonTypesDescriptor,"0,0,2,7,2,1,3,1,0"
ZagrebIndexDescriptor,134.0
LargestChainDescriptor,12
MannholdLogPDescriptor,2.56
WeightedPathDescriptor,"49.582441065868096,2.065935044411171,20.12480566108239,2.4423226973861833,8.781865241536828"
FractionalPSADescriptor,0.34477899288348923
WienerNumbersDescriptor,"1318.0,39.0"
AminoAcidCountDescriptor,"0,0,0,0,0,0,0,0,0,0,0,0,0,0,0,0,0,0,0,0"
ChiPathClusterDescriptor,"4.269449078751414,7.485377158447359,10.2135151818955,2.6032133109458155,4.3210120223515815,5.325937127755784"
FractionalCSP3Descriptor,0.29411764705882354
KierHallSmartsDescriptor,"0,0,0,0,0,0,1,0,3,0,0,3,1,0,0,1,6,2,0,0,1,0,0,1,0,0,0,0,1,0,0,0,0,0,1,0,0,1,0,0,0,0,0,0,0,0,0,0,0,0,2,0,0,0,0,0,0,0,0,0,0,0,0,0,0,0,0,0,0,0,0,0,0,0,0,0,0,0,0"
BasicGroupCountDescriptor,0
HBondDonorCountDescriptor,2
LargestPiSystemDescriptor,18
PetitjeanNumberDescriptor,0.45454545454545453
AcidicGroupCountDescriptor,0
KappaShapeIndicesDescriptor,"17.415637860082306,6.9575,3.36"
AromaticAtomsCountDescriptor,14
AromaticBondsCountDescriptor,15
FragmentComplexityDescriptor,1297.07
HBondAcceptorCountDescriptor,4
HybridizationRatioDescriptor,0.29411764705882354
AutocorrelationDescriptorMass,"39.61196015531305,35.42392757277187,57.763123667079086,55.02271916022519,62.883881878992604"
PetitjeanShapeIndexDescriptor,"0.8333333333333334,NaN"
RotatableBondsCountDescriptor,3
AutocorrelationDescriptorCharge,"0.3531347127982008,-0.18501437884463,0.033021390854869735,-0.06869885640396808,0.08065256630602395"
EccentricConnectivityIndexDescriptor,464
AutocorrelationDescriptorPolarizability,"2198.925128038991,2677.3109466422266,3938.3571849674013,3684.1822136477854,3234.4031496339467"
