DLiP-ID,T0059C
DLiP-Mol-ID,22126
Vendor-ID,
Standard Inchi(RDKit),"InChI=1S/C22H20Cl2N4O4/c1-28(2)22(31)32-14-8-6-13(7-9-14)10-18(21(29)30)27-20-16(11-25-12-26-20)15-4-3-5-17(23)19(15)24/h3-9,11-12,18H,10H2,1-2H3,(H,29,30)(H,25,26,27)/t18-/m0/s1"
Standard Inchi Key(RDKit),QMILRANRIHYFGW-SFHVURJKSA-N
Canonical SMILES(RDKit),CN(C)C(=O)Oc1ccc(C[C@H](Nc2ncncc2-c2cccc(Cl)c2Cl)C(=O)O)cc1
SMILES(SDF),
MW(SDF),
MW(RDKit),475.332
MW Monoisotopic(RDKit),474.08616048
MolLogP(RDKit),4.6186
XLogP(SDF),
XLogP(CDK),2.041
ALogP(SDF),
Num H Acceptors(SDF),
nHAcceptors(SDF),
HBA(RDKit),6
HBA Lipinski(RDKit),8
Num H Donors(SDF),
nHDonors(SDF),
HBD(RDKit),2
HBD Lipinski(RDKit),2
PSA(SDF),
PSA(RDKit),104.65
RO3 Pass,
Num RO5 Violations,0
Num Lipinski RO5 Violations,0
nBonds(SDF),
nRigidBonds(SDF),
nRotatableBonds(SDF),
nRotatableBonds(RDKit),7
nRings(SDF),
nRings(RDKit),3
Aromatic Rings(RDKit),3
nAtoms(SDF),
Heavy Atoms(RDKit),32
QED Weighted(RDKit),0.514003256542968
Molecular Formula(SDF),
PPI Type(SDF),
PDB ID(SDF),
Receptor Chain(SDF),
Protein Name Receptor(SDF),
Peptide Chain(SDF),
Protein Name Peptide(SDF),
ELM ID(SDF),
Motif Sequence(SDF),
Physical Form Apperance(SDF),
Quantity of Sample mg(SDF),
Box Num(SDF),
Box Position(SDF),
fCsp3(SDF),
nCarbons(SDF),
nHetAtoms(SDF),
nHalide(SDF),
Year(SDF),
No(SDF),
Target Pref Name,Integrins
Common Target Pref Name,Integrins
RDKit Descriptors
Ipc,11514024.884393437
qed,0.5140032565429683
Chi0,23.25034789769755
Chi1,15.256927950821469
TPSA,104.64999999999999
Chi0n,17.250137672492684
Chi0v,18.761995564529595
Chi1n,9.477516533172079
Chi1v,10.233445479190532
Chi2n,7.032033071183334
Chi2v,7.817197670933167
Chi3n,4.496556440450581
Chi3v,5.315459010575214
Chi4n,2.840052861888573
Chi4v,3.242380379673949
MolMR,122.39150000000004
MolWt,475.3320000000002
fr_SH,0
Kappa1,23.306205373272704
Kappa2,10.299994572710142
Kappa3,5.657128185144202
fr_ArN,0
fr_COO,1
fr_C_O,2
fr_C_S,0
fr_NH0,3
fr_NH1,1
fr_NH2,0
fr_N_O,0
fr_azo,0
BertzCT,1123.1686095657483
MolLogP,4.618600000000004
NOCount,8
fr_Ar_N,2
fr_COO2,1
fr_urea,0
BalabanJ,1.8070967714104538
SMR_VSA1,19.432464716784395
SMR_VSA2,0.0
SMR_VSA3,14.867866772744893
SMR_VSA4,0.0
SMR_VSA5,12.462662452073971
SMR_VSA6,19.41213256936071
SMR_VSA7,70.59745124478854
SMR_VSA8,0.0
SMR_VSA9,16.876414816677897
fr_Al_OH,0
fr_Ar_NH,0
fr_Ar_OH,0
fr_HOCCN,0
fr_Imine,0
fr_amide,1
fr_azide,0
fr_diazo,0
fr_ester,0
fr_ether,1
fr_furan,0
fr_imide,0
fr_nitro,0
fr_oxime,0
fr_quatN,0
LabuteASA,194.32159166926286
NHOHCount,2
PEOE_VSA1,20.06008868349756
PEOE_VSA2,0.0
PEOE_VSA3,19.55703141003806
PEOE_VSA4,0.0
PEOE_VSA5,0.0
PEOE_VSA6,47.46734805431147
PEOE_VSA7,23.762552697081826
PEOE_VSA8,37.83991214328746
PEOE_VSA9,10.045266627482652
RingCount,3
SMR_VSA10,41.08228791719032
fr_Al_COO,1
fr_Ar_COO,0
fr_ketone,0
fr_lactam,0
fr_phenol,0
ExactMolWt,474.08616047999993
NumHDonors,2
PEOE_VSA10,23.936535515031437
PEOE_VSA11,0.0
PEOE_VSA12,0.0
PEOE_VSA13,0.0
PEOE_VSA14,12.062545358890265
SlogP_VSA1,10.05365155780638
SlogP_VSA2,52.17412432097821
SlogP_VSA3,11.21535880699783
SlogP_VSA4,0.0
SlogP_VSA5,5.563451491696996
SlogP_VSA6,54.98873312560889
SlogP_VSA7,10.045266627482652
SlogP_VSA8,11.126902983393991
SlogP_VSA9,0.0
fr_amidine,0
fr_aniline,1
fr_benzene,2
fr_epoxide,0
fr_guanido,0
fr_halogen,2
fr_hdrzine,0
fr_hdrzone,0
fr_isocyan,0
fr_lactone,0
fr_methoxy,0
fr_nitrile,0
fr_nitroso,0
fr_oxazole,0
fr_sulfide,0
fr_sulfone,0
EState_VSA1,18.104386188038227
EState_VSA2,6.4208216229260096
EState_VSA3,32.73954422199557
EState_VSA4,5.563451491696996
EState_VSA5,11.22722980561502
EState_VSA6,62.756757016198726
EState_VSA7,0.0
EState_VSA8,15.284745645900749
EState_VSA9,27.938742734265084
SlogP_VSA10,10.61239996190685
SlogP_VSA11,5.749511833283905
SlogP_VSA12,23.20187978046503
VSA_EState1,0.0
VSA_EState2,0.0
VSA_EState3,0.0
VSA_EState4,0.0
VSA_EState5,0.0
VSA_EState6,0.0
VSA_EState7,0.0
VSA_EState8,0.0
VSA_EState9,69.60731596878931
fr_aldehyde,0
fr_barbitur,0
fr_bicyclic,0
fr_priamide,0
fr_pyridine,0
fr_thiazole,0
fr_thiocyan,0
EState_VSA10,14.69560176298435
EState_VSA11,0.0
FractionCSP3,0.18181818181818182
VSA_EState10,12.448239586766242
fr_C_O_noCOO,1
fr_Nhpyrrole,0
fr_imidazole,0
fr_phos_acid,0
fr_piperdine,0
fr_piperzine,0
fr_sulfonamd,0
fr_tetrazole,0
fr_thiophene,0
HallKierAlpha,-3.3599999999999994
NumHAcceptors,6
fr_morpholine,0
fr_nitro_arom,0
fr_phos_ester,0
HeavyAtomCount,32
HeavyAtomMolWt,455.1720000000002
MaxEStateIndex,11.936512415810455
MinEStateIndex,-1.0603098556830812
NumHeteroatoms,10
fr_aryl_methyl,0
fr_isothiocyan,0
fr_Al_OH_noTert,0
fr_alkyl_halide,0
fr_allylic_oxid,0
fr_prisulfonamd,0
FpDensityMorgan1,1.125
FpDensityMorgan2,1.84375
FpDensityMorgan3,2.5
MaxPartialCharge,0.41420154015842536
MinPartialCharge,-0.4797090780116225
NumAromaticRings,3
fr_unbrch_alkane,0
MaxAbsEStateIndex,11.936512415810455
MinAbsEStateIndex,0.15670751273760541
NumAliphaticRings,0
NumRotatableBonds,7
NumSaturatedRings,0
fr_Ndealkylation1,0
fr_Ndealkylation2,0
fr_benzodiazepine,0
fr_ketone_Topliss,0
fr_term_acetylene,0
fr_alkyl_carbamate,0
fr_dihydropyridine,0
MaxAbsPartialCharge,0.4797090780116225
MinAbsPartialCharge,0.41420154015842536
NumRadicalElectrons,0
NumValenceElectrons,166
fr_para_hydroxylation,0
NumAromaticCarbocycles,2
fr_nitro_arom_nonortho,0
fr_phenol_noOrthoHbond,0
NumAliphaticCarbocycles,0
NumAromaticHeterocycles,1
NumSaturatedCarbocycles,0
NumAliphaticHeterocycles,0
NumSaturatedHeterocycles,0
Mordred Descriptors
MW,474.0861604800005
MZ,0.7884615384615384
Mi,1.1241661822099287
Mm,0.7610427620834748
Mp,0.7144617687701521
Mv,0.68252000970737
SZ,41.0
Si,58.456641474916296
Sm,39.57422362834069
Sp,37.15201197604791
Sv,35.49104050478324
nB,0
nC,22
nF,0
nH,20
nI,0
nN,4
nO,4
nP,0
nS,0
nX,2
ABC,24.564718471411584
AMW,9.117041547692317
IC0,1.8053232276070963
IC1,3.9944755935186915
IC2,4.908877036242437
IC3,5.325251737288653
IC4,5.325251737288653
IC5,5.325251737288653
MID,64.33163472585619
Mpe,0.9980392156862744
Mse,1.0266261415205336
NdO,2
NdS,0
NsF,0
NsI,0
NtN,0
SMR,122.39150000000004
SdO,23.58407137485437
SdS,0
Spe,51.89803921568627
SsF,0
SsI,0
Sse,53.384559359067744
StN,0
fMF,0.40384615384615385
nBr,0
nCl,2
AMID,2.010363585183006
BIC0,0.29976967260311815
BIC1,0.66327327017079
BIC2,0.8151074774315256
BIC3,0.8842455164841145
BIC4,0.8842455164841145
BIC5,0.8842455164841145
CIC0,3.8951164905339954
CIC1,1.7059641246224002
CIC2,0.7915626818986548
CIC3,0.37518798085243876
CIC4,0.37518798085243876
CIC5,0.37518798085243876
GGI1,7.0
GGI2,4.000000000000002
GGI3,2.0625
GGI4,2.0177777777777783
GGI5,1.159722222222222
GGI6,0.9322448979591837
GGI7,0.6041666666666666
GGI8,0.3532375913328294
GGI9,0.29375000000000007
JGI1,0.20588235294117646
JGI2,0.08510638297872346
JGI3,0.04125000000000001
JGI4,0.0438647342995169
JGI5,0.022739651416122005
JGI6,0.0198349978289188
JGI7,0.015491452991452994
JGI8,0.009812155314800813
JGI9,0.009179687500000002
MIC0,21.791311768049148
MIC1,42.55900602106606
MIC2,49.56182428017388
MIC3,51.30633767113617
MIC4,51.30633767113617
MIC5,51.30633767113617
MPC2,47
MPC3,59
MPC4,71
MPC5,91
MPC6,90
MPC7,100
MPC8,111
MPC9,108
Mare,1.0072307692307694
NaaN,2
NaaO,0
NaaS,0
NdNH,0
NdSe,0
NddC,0
NdsN,0
NsBr,0
NsCl,2
NsLi,0
NsOH,1
NsSH,0
NssO,1
NssS,0
NtCH,0
NtsC,0
RNCG,0.15940242990955317
RPCG,0.1376349437605029
SIC0,0.31669894198895426
SIC1,0.7007311349695821
SIC2,0.861140066198826
SIC3,0.9341826246037758
SIC4,0.9341826246037758
SIC5,0.9341826246037758
SaaN,8.23264652466166
SaaO,0
SaaS,0
Sare,52.376000000000005
SdNH,0
SdSe,0
SddC,0
SdsN,0
SsBr,0
SsCl,12.448239586766242
SsLi,0
SsOH,9.762726624481374
SsSH,0
SssO,5.179256436334116
SssS,0
StCH,0
StsC,0
TIC0,93.87680783556901
TIC1,207.71273086297197
TIC2,255.26160588460672
TIC3,276.91309033900995
TIC4,276.91309033900995
TIC5,276.91309033900995
Vabc,399.8677948608714
WPol,50
apol,62.043859999999995
bpol,29.116139999999998
nRot,7
ABCGG,19.262060441675537
ATS0Z,1842.0
ATS0d,182.0
ATS0i,8410.91312454878
ATS0m,7516.193142000002
ATS0p,87.16567409697998
ATS0s,271.14948178631306
ATS0v,12785.808444674203
ATS1Z,1593.0
ATS1d,221.0
ATS1i,7953.01006187765
ATS1m,6171.470348
ATS1p,102.023137866
ATS1s,191.31893004115227
ATS1v,15184.275887969594
ATS2Z,2377.0
ATS2d,332.0
ATS2i,13700.995443263342
ATS2m,9143.798735000002
ATS2p,149.83684477394303
ATS2s,329.5586419753086
ATS2v,21741.67931355274
ATS3Z,2952.0
ATS3d,373.0
ATS3i,17260.29716843978
ATS3m,11286.543914
ATS3p,179.95175416394298
ATS3s,377.8273129096174
ATS3v,25240.02278977691
ATS4Z,2619.0
ATS4d,371.0
ATS4i,20613.628807975452
ATS4m,9638.888291000001
ATS4p,173.76204776697998
ATS4s,424.48559670781896
ATS4v,24276.94979539797
ATS5Z,2798.0
ATS5d,365.0
ATS5i,18337.504451248555
ATS5m,10574.446263999998
ATS5p,172.446076709886
ATS5s,413.6039094650206
ATS5v,24611.14105899586
ATS6Z,2722.0
ATS6d,350.0
ATS6i,19122.208157393376
ATS6m,10095.597740000001
ATS6p,175.32727787679198
ATS6s,440.67078189300406
ATS6v,24720.640177101173
ATS7Z,2302.0
ATS7d,325.0
ATS7i,20196.581307457396
ATS7m,8367.167859
ATS7p,163.910879240376
ATS7s,411.42283950617275
ATS7v,22114.626618762166
ATS8Z,2214.0
ATS8d,284.0
ATS8i,16738.598574722542
ATS8m,8229.599337
ATS8p,141.36563762182902
ATS8s,346.5473251028807
ATS8v,19308.581406608024
C1SP1,0
C1SP2,3
C1SP3,0
C2SP1,0
C2SP2,10
C2SP3,2
C3SP2,3
C3SP3,0
C4SP3,0
FCSP3,0.18181818181818182
GGI10,0.19814304662789511
JGI10,0.007076537379567683
JGT10,0.46023795265027917
Kier1,26.602076124567475
Kier2,12.630149388863739
Kier3,7.497845446710715
MAXdO,11.936512415810455
MID_C,45.48882454810858
MID_N,8.132761692259866
MID_O,7.177007824092027
MID_X,3.5330406613957104
MID_h,18.8428101777476
MINdO,11.647558959043916
MPC10,106
MWC01,34.0
MWC02,5.093750200806762
MWC03,5.926926025970411
MWC04,6.790097235513905
MWC05,7.645397699428633
MWC06,8.511376306094673
MWC07,9.37475250822657
MWC08,10.242777244969993
MWC09,11.109982174405573
MWC10,11.979717693183153
NaaCH,9
NaaNH,0
NaaSe,0
NaaaC,0
NaasC,7
NaasN,0
NdCH2,0
NddsN,0
NdsCH,0
NdssC,2
NdssS,0
NsCH3,2
NsNH2,0
NsNH3,0
NsPH2,0
NsSeH,0
NssBH,0
NssBe,0
NssNH,1
NssPH,0
NssSe,0
NsssB,0
NsssN,1
NsssP,0
SLogP,4.618600000000004
SRW02,4.23410650459726
SRW03,0.0
SRW04,5.54907608489522
SRW05,0.0
SRW06,7.051855622955894
SRW07,0.0
SRW08,8.637816633739977
SRW09,0.0
SRW10,10.26670604071587
SaaCH,14.617175652054575
SaaNH,0
SaaSe,0
SaaaC,0
SaasC,3.1955928989837927
SaasN,0
SdCH2,0
SddsN,0
SdsCH,0
SdssC,-1.5614244959848533
SdssS,0
SsCH3,3.1622984623495776
SsNH2,0
SsNH3,0
SsPH2,0
SsSeH,0
SssBH,0
SssBe,0
SssNH,2.9580610635489784
SssPH,0
SssSe,0
SsssB,0
SsssN,1.3092917412567382
SsssP,0
VE1_A,4.40253409836328
VE1_D,5.568389451513829
VE2_A,0.1375791905738525
VE2_D,0.17401217035980715
VE3_A,2.645331116391232
VE3_D,2.880256674988383
VR1_A,655.3528699136489
VR1_D,207.15607222961387
VR2_A,20.479777184801527
VR2_D,6.473627257175433
VR3_A,7.648324633069167
VR3_D,6.496623291100597
WPath,3228
Xc-3d,2.344268427960679
Xc-4d,0.0
Xc-5d,0.7406160479815082
Xc-6d,0.0
Xp-0d,23.25034789769755
Xp-1d,15.256927950821469
Xp-2d,13.958805765601813
Xp-3d,11.281559402731084
Xp-4d,8.278349892588706
Xp-5d,7.061371749898238
Xp-6d,4.517604954652302
Xp-7d,3.246482036156621
ZMIC0,103.13514622015323
ZMIC1,51.74684756811731
ZMIC2,33.84119030063184
ZMIC3,29.46286285067221
ZMIC4,29.46286285067221
ZMIC5,29.46286285067221
nAcid,1
nAtom,52
nBase,0
nRing,3
piPC1,3.828641396489095
piPC2,4.400603020246817
piPC3,4.903421209789107
piPC4,5.405488741609826
piPC5,5.960521975398926
piPC6,6.079360949014166
piPC7,6.4261344303962105
piPC8,6.765327285849859
piPC9,6.959146224851627
AATS0Z,35.42307692307692
AATS0d,3.5
AATS0i,161.7483293182458
AATS0m,144.54217580769233
AATS0p,1.6762629634034611
AATS0s,5.214413111275251
AATS0v,245.88093162835006
AATS1Z,29.5
AATS1d,4.092592592592593
AATS1i,147.27796410884537
AATS1m,114.28648792592593
AATS1p,1.8893173678888888
AATS1s,3.5429431489102274
AATS1v,281.19029422165914
AATS2Z,27.011363636363637
AATS2d,3.772727272727273
AATS2i,155.69313003708342
AATS2m,103.9068038068182
AATS2p,1.7026914178857162
AATS2s,3.744984567901234
AATS2v,247.0645376540084
AATS3Z,26.357142857142858
AATS3d,3.330357142857143
AATS3i,154.10979614678376
AATS3m,100.77271351785714
AATS3p,1.606712090749491
AATS3s,3.3734581509787267
AATS3v,225.35734633729385
AATS4Z,20.62204724409449
AATS4d,2.921259842519685
AATS4i,162.31203785807443
AATS4m,75.8967581968504
AATS4p,1.3682051005274014
AATS4s,3.342406273289913
AATS4v,191.15708500313363
AATS5Z,24.330434782608695
AATS5d,3.1739130434782608
AATS5i,159.4565604456396
AATS5m,91.95170664347825
AATS5p,1.4995311018250956
AATS5s,3.59655573447844
AATS5v,214.00992225213793
AATS6Z,22.49586776859504
AATS6d,2.8925619834710745
AATS6i,158.03477816027583
AATS6m,83.43469206611572
AATS6p,1.4489857675767932
AATS6s,3.6419072883719346
AATS6v,204.30281138100142
AATS7Z,18.416
AATS7d,2.6
AATS7i,161.57265045965917
AATS7m,66.93734287199999
AATS7p,1.311287033923008
AATS7s,3.291382716049382
AATS7v,176.91701295009733
AATS8Z,21.28846153846154
AATS8d,2.730769230769231
AATS8i,160.94806321848597
AATS8m,79.13076285576923
AATS8p,1.3592849771329714
AATS8s,3.3321858182969297
AATS8v,185.65943660200023
AMID_C,1.4215257671283932
AMID_N,0.2541488028831208
AMID_O,0.22428149450287585
AMID_X,0.11040752066861595
AMID_h,0.5888378180546125
ATS0dv,465.2098765432099
ATS0pe,344.12699999999995
ATS0se,418.6252899999999
ATS1dv,455.2222222222222
ATS1pe,362.02500000000003
ATS1se,429.7873159999999
ATS2dv,628.6666666666666
ATS2pe,586.6156000000001
ATS2se,704.3823559999998
ATS3dv,594.8271604938273
ATS3pe,734.0123
ATS3se,890.213095
ATS4dv,588.2222222222223
ATS4pe,828.0980999999999
ATS4se,1018.840434
ATS5dv,643.3333333333333
ATS5pe,754.3618999999999
ATS5se,916.637446
ATS6dv,579.5555555555557
ATS6pe,793.5497
ATS6se,966.6459020000001
ATS7dv,513.3333333333334
ATS7pe,788.0128
ATS7se,976.8616760000002
ATS8dv,466.3333333333333
ATS8pe,663.877
ATS8se,821.2604739999999
ATSC0Z,678.2307692307692
ATSC0c,1.4118348774932865
ATSC0d,33.07692307692307
ATSC0i,78.62461697065686
ATSC0m,3171.2930213076934
ATSC0p,13.137970948910771
ATSC0s,91.9760963678145
ATSC0v,2526.8122890426675
ATSC1Z,0.9142011834319472
ATSC1c,-1.0235351622423872
ATSC1d,10.112426035502962
ATSC1i,-16.979512218037723
ATSC1m,7.897714795858095
ATSC1p,-0.5612513406127183
ATSC1s,-7.832877072381269
ATSC1v,-23.781747756315998
ATSC2Z,84.0325443786982
ATSC2c,0.38927600843107785
ATSC2d,-6.5917159763313595
ATSC2i,39.278618319265014
ATSC2m,396.4643595562131
ATSC2p,4.082976390540162
ATSC2s,31.26039707920841
ATSC2v,533.2195897073757
ATSC3Z,93.88757396449702
ATSC3c,0.19668276072500301
ATSC3d,-1.7810650887573964
ATSC3i,-35.98502462578356
ATSC3m,420.42772122189376
ATSC3p,-2.442623198823653
ATSC3s,-5.547903538842128
ATSC3v,-712.8012874736409
ATSC4Z,-121.0251479289941
ATSC4c,-0.4739704623808703
ATSC4d,3.639053254437869
ATSC4i,3.576215453143715
ATSC4m,-523.1305215014795
ATSC4p,5.360817450168696
ATSC4s,-49.20766027162931
ATSC4v,542.3368784120568
ATSC5Z,21.220414201183434
ATSC5c,0.43817837308085017
ATSC5d,-9.650887573964496
ATSC5i,-7.430088976404135
ATSC5m,95.86385122337288
ATSC5p,-1.8058595925847376
ATSC5s,10.5563400543962
ATSC5v,4.801661346978406
ATSC6Z,-152.30621301775147
ATSC6c,-0.3070531718873388
ATSC6d,-5.775147928994084
ATSC6i,-28.811333062601637
ATSC6m,-728.2879174275146
ATSC6p,-5.728322581746134
ATSC6s,-26.448497709592004
ATSC6v,-1144.1142167924816
ATSC7Z,-14.439349112426044
ATSC7c,-0.05385090100934829
ATSC7d,0.9881656804733716
ATSC7i,7.568914623330352
ATSC7m,-56.94729745118366
ATSC7p,1.3639174750078022
ATSC7s,-12.832714975595437
ATSC7v,137.78069050614224
ATSC8Z,66.23076923076923
ATSC8c,0.15445903578530948
ATSC8d,-2.0
ATSC8i,4.835961383707469
ATSC8m,303.7576682307692
ATSC8p,0.4296007989824603
ATSC8s,4.883834253690221
ATSC8v,323.72822260601737
AXp-0d,0.7265733718030485
AXp-1d,0.4487331750241608
AXp-2d,0.2969958673532301
AXp-3d,0.19121287123273023
AXp-4d,0.11659647736040431
AXp-5d,0.0775974917571235
AXp-6d,0.050195610607247795
AXp-7d,0.03246482036156621
GATS1Z,0.5611823119478785
GATS1c,1.7326744436216017
GATS1d,0.8280361757105945
GATS1i,1.377574528276615
GATS1m,0.5639105678962739
GATS1p,0.9177408789052489
GATS1s,0.6846175634378263
GATS1v,0.8669079001602155
GATS2Z,0.6267727891366885
GATS2c,0.8503735400394851
GATS2d,1.3053250528541227
GATS2i,0.8444393053280004
GATS2m,0.6290478654114169
GATS2p,0.7033051938693571
GATS2s,0.4482965865075816
GATS2v,0.7666442430713948
GATS3Z,0.8096959607252224
GATS3c,0.9877306652803227
GATS3d,1.0944455980066448
GATS3i,1.239289522142398
GATS3m,0.8129698205409174
GATS3p,1.0527453087698764
GATS3s,0.8248588737321924
GATS3v,1.0755323816672622
GATS4Z,1.005963783278366
GATS4c,1.2023272359013149
GATS4d,0.9226881523530491
GATS4i,0.9400032786176449
GATS4m,1.0003287220193298
GATS4p,0.7925544033733027
GATS4s,1.4166444686073145
GATS4v,0.8749656890685114
GATS5Z,0.8804429190644556
GATS5c,0.8926920483475184
GATS5d,1.1664509605662285
GATS5i,1.1134385314167272
GATS5m,0.8818630969630866
GATS5p,0.9938300461341412
GATS5s,0.8426565046820805
GATS5v,0.9356680769048729
GATS6Z,0.9327988662023121
GATS6c,1.1081466721414617
GATS6d,0.9620699596386701
GATS6i,1.1846796057068179
GATS6m,0.9360717522544397
GATS6p,1.1180671942295424
GATS6s,1.2161039877660555
GATS6v,1.1264988381839387
GATS7Z,0.9200939094930249
GATS7c,0.9613556826412056
GATS7d,0.8942790697674419
GATS7i,0.8923449761726323
GATS7m,0.9213310431412554
GATS7p,0.9356512373592429
GATS7s,1.133929164883233
GATS7v,0.9995000818248456
GATS8Z,1.0223715549506636
GATS8c,0.8863035071548699
GATS8d,1.0007267441860468
GATS8i,0.8822686637885206
GATS8m,1.0228075909581624
GATS8p,1.0101102093025192
GATS8s,1.0077792926032718
GATS8v,0.965385855632834
MATS1Z,0.001297997555227898
MATS1c,-0.6981173706940051
MATS1d,0.2944013781223085
MATS1i,-0.20795829633420773
MATS1m,0.002398140691937672
MATS1p,-0.04113757413721231
MATS1s,-0.08200794349850656
MATS1v,-0.009063175125104492
MATS2Z,0.07321342035530534
MATS2c,0.16292750371993955
MATS2d,-0.11775898520084566
MATS2i,0.295201344533916
MATS2m,0.07387346193150357
MATS2p,0.18364082829224065
MATS2s,0.2008353642848907
MATS2v,0.1246963632301629
MATS3Z,0.06427113206630047
MATS3c,0.06467965730739535
MATS3d,-0.025000000000000005
MATS3i,-0.2124949348650717
MATS3m,0.06155173411649338
MATS3p,-0.08632041134865796
MATS3s,-0.02800523678477098
MATS3v,-0.13097271068911118
MATS4Z,-0.07306304302979483
MATS4c,-0.13745704197276956
MATS4d,0.04504669474455228
MATS4i,0.018623648035826373
MATS4m,-0.06754190568923271
MATS4p,0.16707148933674557
MATS4s,-0.21905711564842295
MATS4v,0.08788115970204495
MATS5Z,0.014147570651557516
MATS5c,0.1403371121690789
MATS5d,-0.13193124368048534
MATS5i,-0.04273079521615635
MATS5m,0.013668599033846457
MATS5p,-0.06215286984280026
MATS5s,0.05189719697088896
MATS5v,0.0008592589207310848
MATS6Z,-0.09650684206036986
MATS6c,-0.09346470832357749
MATS6d,-0.07503363444166829
MATS6i,-0.15747904903398938
MATS6m,-0.09869262636365175
MATS6p,-0.18737737162424864
MATS6s,-0.12357880998666772
MATS6v,-0.19458724760484777
MATS7Z,-0.008856527163434281
MATS7c,-0.01586727681615545
MATS7d,0.012427906976744174
MATS7i,0.040046853067411785
MATS7m,-0.007470162984158342
MATS7p,0.04318700899930718
MATS7s,-0.05804126985884768
MATS7v,0.022683429037885023
MATS8Z,0.04882613133718952
MATS8c,0.05470152290739253
MATS8d,-0.030232558139534887
MATS8i,0.030753481352489617
MATS8m,0.047891769412325334
MATS8p,0.01634958703490196
MATS8s,0.026549475605920785
MATS8v,0.0640586212141362
MAXaaN,4.203526841704358
MAXsCl,6.328422519637485
MAXsOH,9.762726624481374
MAXssO,5.179256436334116
MINaaN,4.029119682957304
MINsCl,6.119817067128756
MINsOH,9.762726624481374
MINssO,5.179256436334116
NddssS,0
NdssSe,0
NdsssP,0
NsAsH2,0
NsGeH3,0
NsPbH3,0
NsSiH3,0
NsSnH3,0
NssAsH,0
NssCH2,1
NssNH2,0
NsssAs,0
NsssCH,1
NsssNH,0
NssssB,0
NssssC,0
NssssN,0
Radius,8
SM1_Dt,0.0
SddssS,0
SdssSe,0
SdsssP,0
SpAD_A,40.37947490863908
SpAD_D,418.4629212065601
SsAsH2,0
SsGeH3,0
SsPbH3,0
SsSiH3,0
SsSnH3,0
SssAsH,0
SssCH2,0.15670751273760541
SssNH2,0
SsssAs,0
SsssCH,-0.9890878264886205
SsssNH,0
SssssB,0
SssssC,0
SssssN,0
TMPC10,849
TMWC10,142.67477708859968
TSRW10,67.73956088690421
VE1_Dt,5.578369901077742
VE2_Dt,0.17432405940867943
VE3_Dt,2.8820474110965684
VR1_Dt,205.30814816106684
VR2_Dt,6.415879630033339
VR3_Dt,6.487662822088605
Xc-3dv,1.107173171392505
Xc-4dv,0.0
Xc-5dv,0.2265767539190355
Xc-6dv,0.0
Xch-3d,0.0
Xch-4d,0.0
Xch-5d,0.0
Xch-6d,0.23470804841064383
Xch-7d,0.40025569128297933
Xp-0dv,18.761995564529595
Xp-1dv,10.233445479190532
Xp-2dv,7.817197670933169
Xp-3dv,5.315459010575213
Xp-4dv,3.2423803796739485
Xp-5dv,2.2224039568396257
Xp-6dv,1.1891728773774228
Xp-7dv,0.706493279544103
Xpc-4d,5.478229413012736
Xpc-5d,6.673505090560285
Xpc-6d,10.632725044894357
n3Ring,0
n4Ring,0
n5Ring,0
n6Ring,3
n7Ring,0
n8Ring,0
n9Ring,0
nARing,0
nBonds,54
nFRing,0
nHBAcc,6
nHBDon,2
nHRing,1
nSpiro,0
naRing,3
piPC10,7.13642105470965
AATS0dv,8.946343779677113
AATS0pe,6.617826923076922
AATS0se,8.050486346153845
AATS1dv,8.430041152263373
AATS1pe,6.7041666666666675
AATS1se,7.9590243703703685
AATS2dv,7.143939393939394
AATS2pe,6.6660863636363645
AATS2se,8.004344954545452
AATS3dv,5.310956790123457
AATS3pe,6.5536812499999995
AATS3se,7.948331205357142
AATS4dv,4.63167104111986
AATS4pe,6.52045748031496
AATS4se,8.022365622047245
AATS5dv,5.594202898550724
AATS5pe,6.559668695652173
AATS5se,7.9707604
AATS6dv,4.789715335169881
AATS6pe,6.558261983471074
AATS6se,7.988809107438017
AATS7dv,4.106666666666667
AATS7pe,6.3041024
AATS7se,7.814893408000001
AATS8dv,4.483974358974359
AATS8pe,6.383432692307692
AATS8se,7.896735326923077
AATSC0Z,13.042899408284022
AATSC0c,0.02715067072102474
AATSC0d,0.6360946745562129
AATSC0i,1.5120118648203242
AATSC0m,60.98640425591718
AATSC0p,0.2526532874790533
AATSC0s,1.7687710839964328
AATSC0v,48.5925440200513
AATSC1Z,0.01692965154503606
AATSC1c,-0.0189543548563405
AATSC1d,0.1872671488056104
AATSC1i,-0.31443541144514303
AATSC1m,0.14625397770107582
AATSC1p,-0.010393543344679968
AATSC1s,-0.14505327911817165
AATSC1v,-0.440402736228074
AATSC2Z,0.9549152770306614
AATSC2c,0.004423591004898612
AATSC2d,-0.0749058633674018
AATSC2i,0.44634793544619333
AATSC2m,4.505276813138785
AATSC2p,0.04639745898341094
AATSC2s,0.35523178499100466
AATSC2v,6.0593135194019965
AATSC3Z,0.8382819103972948
AATSC3c,0.0017560960779018126
AATSC3d,-0.015902366863905327
AATSC3i,-0.32129486273021035
AATSC3m,3.7538189394811945
AATSC3p,-0.021809135703782616
AATSC3s,-0.04953485302537614
AATSC3v,-6.364297209586079
AATSC4Z,-0.9529539207007409
AATSC4c,-0.003732050884888743
AATSC4d,0.028653962633369046
AATSC4i,0.028159176796407205
AATSC4m,-4.119137964578579
AATSC4p,0.042211161024950365
AATSC4s,-0.387461891902593
AATSC4v,4.270369121354777
AATSC5Z,0.18452534087985595
AATSC5c,0.0038102467224421753
AATSC5d,-0.08392076151273475
AATSC5i,-0.06460946936003596
AATSC5m,0.8335987062901989
AATSC5p,-0.015703126892041196
AATSC5s,0.09179426134257565
AATSC5v,0.04175357693024701
AATSC6Z,-1.2587290332045575
AATSC6c,-0.002537629519730073
AATSC6d,-0.04772849528094284
AATSC6i,-0.23811019060001354
AATSC6m,-6.018908408491856
AATSC6p,-0.047341508940050694
AATSC6s,-0.21858262569910747
AATSC6v,-9.455489394979187
AATSC7Z,-0.11551479289940834
AATSC7c,-0.00043080720807478636
AATSC7d,0.007905325443786974
AATSC7i,0.06055131698664282
AATSC7m,-0.4555783796094693
AATSC7p,0.010911339800062418
AATSC7s,-0.10266171980476349
AATSC7v,1.1022455240491378
AATSC8Z,0.6368343195266272
AATSC8c,0.0014851830363972066
AATSC8d,-0.019230769230769232
AATSC8i,0.04649962868949489
AATSC8m,2.9207468099112424
AATSC8p,0.0041307769132928876
AATSC8s,0.04695994474702136
AATSC8v,3.1127713712117053
ATS0are,337.01739999999995
ATS1are,352.929
ATS2are,574.9348
ATS3are,715.9919
ATS4are,814.1478999999999
ATS5are,738.1822999999999
ATS6are,777.5973
ATS7are,774.1510000000002
ATS8are,649.224
ATSC0dv,217.2317188983856
ATSC0pe,7.321699999999999
ATSC0se,5.359889307692305
ATSC1dv,58.58035649061289
ATSC1pe,-0.4593499999999978
ATSC1se,-0.5274439733727814
ATSC2dv,19.52808824603694
ATSC2pe,2.105450000000003
ATSC2se,1.7859388639053237
ATSC3dv,-50.78208780772886
ATSC3pe,-0.16929999999999779
ATSC3se,-0.11168527810650883
ATSC4dv,-75.38905325443787
ATSC4pe,-5.020374999999997
ATSC4se,-3.828477001479295
ATSC5dv,-16.35837168529477
ATSC5pe,0.5201750000000012
ATSC5se,0.13815522337277986
ATSC6dv,-84.76497552779605
ATSC6pe,-2.564474999999996
ATSC6se,-1.6132146582840257
ATSC7dv,12.216250273942595
ATSC7pe,-0.4409250000000044
ATSC7se,-0.54134983579881
ATSC8dv,25.45631528964862
ATSC8pe,1.947949999999997
ATSC8se,1.5998568076923105
AXp-0dv,0.5863123613915499
AXp-1dv,0.3009836905644274
AXp-2dv,0.16632335470070572
AXp-3dv,0.09009252560296972
AXp-4dv,0.045667329291182376
AXp-5dv,0.024422021503732152
AXp-6dv,0.013213031970860253
AXp-7dv,0.00706493279544103
BertzCT,1123.1686095657483
ECIndex,842
ETA_eta,25.456114386682923
GATS1dv,0.5277278677615296
GATS1pe,0.7296977174396353
GATS1se,0.7848807301478764
GATS2dv,0.8685061670498508
GATS2pe,0.6400946842946309
GATS2se,0.5970503261136783
GATS3dv,1.0095055551565528
GATS3pe,0.8729321498324938
GATS3se,0.8964892111864943
GATS4dv,1.2028801972006442
GATS4pe,1.4088520059936165
GATS4se,1.4357905338948178
GATS5dv,0.9709090338871742
GATS5pe,0.8571013740572246
GATS5se,0.8522423275746993
GATS6dv,1.0983110681731016
GATS6pe,1.1140750290910397
GATS6se,1.0992752281033775
GATS7dv,0.9584044766005811
GATS7pe,1.005149350560662
GATS7se,0.9973891953939751
GATS8dv,0.9354524142604208
GATS8pe,0.8764292997317773
GATS8se,0.8674009346648248
LogEE_A,4.374719679784896
LogEE_D,209.23146060328006
MATS1dv,0.2596799120482698
MATS1pe,-0.06041452627627942
MATS1se,-0.09476110088077384
MATS2dv,0.05311988935674692
MATS2pe,0.1699235895290093
MATS2se,0.19689352706872965
MATS3dv,-0.10853570569848524
MATS3pe,-0.01073569955455296
MATS3se,-0.009674430971262863
MATS4dv,-0.14209692290507445
MATS4pe,-0.2807526413501274
MATS4se,-0.29246226861117414
MATS5dv,-0.03405040927480479
MATS5pe,0.032124993542127084
MATS5se,0.011655126509834985
MATS6dv,-0.16769154869302116
MATS6pe,-0.15052357099472316
MATS6se,-0.12934638995076353
MATS7dv,0.023394190036940724
MATS7pe,-0.02505221464960349
MATS7se,-0.042016078833774506
MATS8dv,0.05859253754180418
MATS8pe,0.13302580001912107
MATS8se,0.14924345596057909
MAXaaCH,1.7515941765342364
MAXaasC,0.727727894655805
MAXdssC,-0.5011146403017721
MAXsCH3,1.5811492311747888
MAXssNH,2.9580610635489784
MAXsssN,1.3092917412567382
MDEC-11,0.4999999999999999
MDEC-12,2.1871277345266904
MDEC-13,2.37199235087078
MDEC-22,9.480090043285964
MDEC-23,23.432205950736698
MDEC-33,10.762395983820426
MDEN-22,1.1905507889761497
MDEN-23,0.2758005147606801
MDEO-11,0.5129927840030091
MDEO-12,0.5952753944880748
MINaaCH,1.316555394345729
MINaasC,0.3130554002541739
MINdssC,-1.0603098556830812
MINsCH3,1.5811492311747888
MINssNH,2.9580610635489784
MINsssN,1.3092917412567382
NddssSe,0
NssGeH2,0
NssPbH2,0
NssSiH2,0
NssSnH2,0
NsssGeH,0
NsssPbH,0
NsssSiH,0
NsssSnH,0
NsssdAs,0
NssssBe,0
NssssGe,0
NssssPb,0
NssssSi,0
NssssSn,0
NsssssP,0
SM1_DzZ,2.8655462184873945
SM1_Dzi,1.856856910534675
SM1_Dzm,2.8894325648792374
SM1_Dzp,-5.934014421826999
SM1_Dzv,-2.706699165730599
SddssSe,0
SpAD_Dt,645.0386690617343
SpAbs_A,40.37947490863908
SpAbs_D,418.4629212065601
SpMAD_A,1.2618585908949713
SpMAD_D,13.076966287705003
SpMax_A,2.4147148379463417
SpMax_D,209.23146060328006
SssGeH2,0
SssPbH2,0
SssSiH2,0
SssSnH2,0
SsssGeH,0
SsssPbH,0
SsssSiH,0
SsssSnH,0
SsssdAs,0
SssssBe,0
SssssGe,0
SssssPb,0
SssssSi,0
SssssSn,0
SsssssP,0
TopoPSA,104.64999999999999
TpiPC10,8.542300352215968
VAdjMat,6.087462841250339
VE1_DzZ,5.576832868163953
VE1_Dzi,5.571582639082656
VE1_Dzm,5.576862203162523
VE1_Dzp,5.541135948209211
VE1_Dzv,5.556798610787263
VE2_DzZ,0.17427602713012352
VE2_Dzi,0.174111957471333
VE2_Dzm,0.17427694384882883
VE2_Dzp,0.17316049838153785
VE2_Dzv,0.17364995658710197
VE3_DzZ,2.881771838710246
VE3_Dzi,2.8808299596663542
VE3_Dzm,2.881777098850205
VE3_Dzp,2.8753503343491675
VE3_Dzv,2.87817296281103
VR1_DzZ,205.26950209385566
VR1_Dzi,206.3775502792476
VR1_Dzm,205.25282025422493
VR1_Dzp,209.47422491382017
VR1_Dzv,207.8772429977053
VR2_DzZ,6.4146719404329895
VR2_Dzi,6.4492984462264875
VR2_Dzm,6.414150632944529
VR2_Dzp,6.54606952855688
VR2_Dzv,6.496163843678291
VR3_DzZ,6.487474569916079
VR3_Dzi,6.4928580694705165
VR3_Dzm,6.487393298624695
VR3_Dzp,6.507751510161272
VR3_Dzv,6.500098537387825
Xch-3dv,0.0
Xch-4dv,0.0
Xch-5dv,0.0
Xch-6dv,0.06850070566067884
Xch-7dv,0.11423135515740447
Xpc-4dv,2.1430885136918985
Xpc-5dv,2.314709540865808
Xpc-6dv,2.965498811786542
Zagreb1,162.0
Zagreb2,187.0
fragCpx,164.1
n10Ring,0
n11Ring,0
n12Ring,0
n3ARing,0
n3HRing,0
n3aRing,0
n4ARing,0
n4FRing,0
n4HRing,0
n4aRing,0
n5ARing,0
n5FRing,0
n5HRing,0
n5aRing,0
n6ARing,0
n6FRing,0
n6HRing,1
n6aRing,3
n7ARing,0
n7FRing,0
n7HRing,0
n7aRing,0
n8ARing,0
n8FRing,0
n8HRing,0
n8aRing,0
n9ARing,0
n9FRing,0
n9HRing,0
n9aRing,0
nAHRing,0
nBondsA,18
nBondsD,2
nBondsM,20
nBondsO,34
nBondsS,34
nBondsT,0
nFARing,0
nFHRing,0
nFaRing,0
nHetero,10
naHRing,1
AATS0are,6.481103846153845
AATS1are,6.535722222222222
AATS2are,6.5333499999999995
AATS3are,6.392784821428571
AATS4are,6.410613385826771
AATS5are,6.41897652173913
AATS6are,6.426423966942149
AATS7are,6.193208000000001
AATS8are,6.242538461538462
AATSC0dv,4.177533055738184
AATSC0pe,0.14080192307692305
AATSC0se,0.10307479437869818
AATSC1dv,1.0848214164928314
AATSC1pe,-0.008506481481481441
AATSC1se,-0.00976748098838484
AATSC2dv,0.22191009370496523
AATSC2pe,0.023925568181818214
AATSC2se,0.02029475981710595
AATSC3dv,-0.45341149828329336
AATSC3pe,-0.0015116071428571231
AATSC3se,-0.0009971899830938289
AATSC4dv,-0.5936145925546289
AATSC4pe,-0.0395305118110236
AATSC4se,-0.03014548820062437
AATSC5dv,-0.14224671030691105
AATSC5pe,0.004523260869565227
AATSC5se,0.0012013497684589553
AATSC6dv,-0.7005369878330252
AATSC6pe,-0.021194008264462775
AATSC6se,-0.013332352547801865
AATSC7dv,0.09773000219154077
AATSC7pe,-0.003527400000000035
AATSC7se,-0.00433079868639048
AATSC8dv,0.2447722624004675
AATSC8pe,0.018730288461538434
AATSC8se,0.015383238535502986
AETA_eta,0.7955035745838414
ATSC0are,7.30040769230769
ATSC1are,-0.568323372781063
ATSC2are,2.5778523668639077
ATSC3are,-0.31382041420118234
ATSC4are,-5.169441863905321
ATSC5are,0.25695221893491266
ATSC6are,-2.9881448224852027
ATSC7are,-0.2341646449704179
ATSC8are,1.8516038461538438
BCUTZ-1h,17.002141727301854
BCUTZ-1l,5.687826267095775
BCUTc-1h,0.5014367927801546
BCUTc-1l,-0.4483237064671978
BCUTd-1h,3.2536338781499867
BCUTd-1l,0.972619486485472
BCUTi-1h,14.557481151036683
BCUTi-1l,10.947390903910339
BCUTm-1h,35.451531706110224
BCUTm-1l,11.699431325844492
BCUTp-1h,2.217322544084432
BCUTp-1l,0.7396800775577942
BCUTs-1h,7.0093780988868675
BCUTs-1l,1.254606554082589
BCUTv-1h,22.45753304205492
BCUTv-1l,14.69976408876058
BalabanJ,1.5377636362637073
Diameter,16
ETA_beta,44.0
GATS1are,0.7897184526751051
GATS2are,0.6413900045145479
GATS3are,0.886365554287123
GATS4are,1.462874562459614
GATS5are,0.8792801968864247
GATS6are,1.1740545488350353
GATS7are,1.0020283672250128
GATS8are,0.8611848468947465
HybRatio,0.18181818181818182
Lipinski,True
LogEE_Dt,322.51933453086707
MATS1are,-0.07496490361093261
MATS2are,0.20865634671423203
MATS3are,-0.019958109369475164
MATS4are,-0.28993200855978
MATS5are,0.015915150933752408
MATS6are,-0.1759026982382166
MATS7are,-0.013343431820983869
MATS8are,0.12681509884063363
MAXssCH2,0.15670751273760541
MAXsssCH,-0.9890878264886205
MINssCH2,0.15670751273760541
MINsssCH,-0.9890878264886205
NsssssAs,0
RotRatio,0.20588235294117646
SM1_Dzpe,2.0656965124025852
SM1_Dzse,1.974599518647834
SMR_VSA1,19.432464716784395
SMR_VSA2,0.0
SMR_VSA3,14.867866772744893
SMR_VSA4,0.0
SMR_VSA5,12.462662452073971
SMR_VSA6,19.41213256936071
SMR_VSA7,70.59745124478854
SMR_VSA8,0.0
SMR_VSA9,16.876414816677897
SpAD_DzZ,323.8122030079396
SpAD_Dzi,324.0439182336377
SpAD_Dzm,323.76614223696714
SpAD_Dzp,460.98188444925415
SpAD_Dzv,406.8505886364445
SpAbs_Dt,645.038669061734
SpDiam_A,4.829429675892683
SpDiam_D,314.4987705381507
SpMAD_Dt,20.157458408179195
SpMax_Dt,322.51933453086707
SsssssAs,0
VE1_Dzpe,5.574601411858718
VE1_Dzse,5.574484895229874
VE2_Dzpe,0.17420629412058494
VE2_Dzse,0.17420265297593357
VE3_Dzpe,2.881371628965206
VE3_Dzse,2.8813507274086767
VMcGowan,328.840000000001
VR1_Dzpe,205.90393537519415
VR1_Dzse,205.8979039279458
VR2_Dzpe,6.434497980474817
VR2_Dzse,6.434309497748306
VR3_Dzpe,6.490560536698027
VR3_Dzse,6.490531243738777
mZagreb1,11.722222222222221
mZagreb2,7.08333333333333
n10ARing,0
n10FRing,0
n10HRing,0
n10aRing,0
n11ARing,0
n11FRing,0
n11HRing,0
n11aRing,0
n12ARing,0
n12FRing,0
n12HRing,0
n12aRing,0
n3AHRing,0
n3aHRing,0
n4AHRing,0
n4FARing,0
n4FHRing,0
n4FaRing,0
n4aHRing,0
n5AHRing,0
n5FARing,0
n5FHRing,0
n5FaRing,0
n5aHRing,0
n6AHRing,0
n6FARing,0
n6FHRing,0
n6FaRing,0
n6aHRing,1
n7AHRing,0
n7FARing,0
n7FHRing,0
n7FaRing,0
n7aHRing,0
n8AHRing,0
n8FARing,0
n8FHRing,0
n8FaRing,0
n8aHRing,0
n9AHRing,0
n9FARing,0
n9FHRing,0
n9FaRing,0
n9aHRing,0
nBondsKD,11
nBondsKS,43
nFAHRing,0
nFaHRing,0
nG12Ring,0
AATSC0are,0.14039245562130173
AATSC1are,-0.010524506903353019
AATSC2are,0.02929377689618077
AATSC3are,-0.002801967983939128
AATSC4are,-0.040704266644923784
AATSC5are,0.0022343671211731537
AATSC6are,-0.024695411756076056
AATSC7are,-0.0018733171597633432
AATSC8are,0.017803883136094652
AETA_beta,1.375
BCUTdv-1h,6.029273837680977
BCUTdv-1l,0.7729060136294519
BCUTpe-1h,3.5044268577245785
BCUTpe-1l,2.233665028915993
BCUTse-1h,3.717203189366061
BCUTse-1l,2.429948024923144
ETA_alpha,15.361904761904762
ETA_dBeta,2.0
ETA_eta_B,0.6572856115516323
ETA_eta_F,37.63864868682295
ETA_eta_L,6.255648280399707
ETA_eta_R,63.094763073505874
ETA_psi_1,0.540187541862023
LabuteASA,194.32159166926286
LogEE_DzZ,161.99564982329753
LogEE_Dzi,162.07998589527307
LogEE_Dzm,161.97336588613604
LogEE_Dzp,229.52933910661199
LogEE_Dzv,203.00237257357688
PEOE_VSA1,20.06008868349756
PEOE_VSA2,0.0
PEOE_VSA3,19.55703141003806
PEOE_VSA4,0.0
PEOE_VSA5,0.0
PEOE_VSA6,47.46734805431147
PEOE_VSA7,23.762552697081826
PEOE_VSA8,37.83991214328746
PEOE_VSA9,10.045266627482652
SM1_Dzare,2.11874370033231
SpAD_Dzpe,325.48341727905455
SpAD_Dzse,327.8983681044875
SpAbs_DzZ,321.1257534281076
SpAbs_Dzi,322.30311488001144
SpAbs_Dzm,321.0572992073928
SpAbs_Dzp,464.99269263505107
SpAbs_Dzv,408.71144431288417
SpDiam_Dt,477.82531229087937
SpMAD_DzZ,10.119131343998113
SpMAD_Dzi,10.126372444801179
SpMAD_Dzm,10.117691944905223
SpMAD_Dzp,14.405683889039192
SpMAD_Dzv,12.714080894888891
SpMax_DzZ,161.99564982329753
SpMax_Dzi,162.07998589527307
SpMax_Dzm,161.97336588613604
SpMax_Dzp,229.52933910661199
SpMax_Dzv,203.00237257357688
VE1_Dzare,5.574672431279227
VE2_Dzare,0.17420851347747585
VE3_Dzare,2.8813843687044045
VR1_Dzare,205.94598551143088
VR2_Dzare,6.435812047232215
VR3_Dzare,6.490764737958002
n10AHRing,0
n10FARing,0
n10FHRing,0
n10FaRing,0
n10aHRing,0
n11AHRing,0
n11FARing,0
n11FHRing,0
n11FaRing,0
n11aHRing,0
n12AHRing,0
n12FARing,0
n12FHRing,0
n12FaRing,0
n12aHRing,0
n4FAHRing,0
n4FaHRing,0
n5FAHRing,0
n5FaHRing,0
n6FAHRing,0
n6FaHRing,0
n7FAHRing,0
n7FaHRing,0
n8FAHRing,0
n8FaHRing,0
n9FAHRing,0
n9FaHRing,0
nAromAtom,18
nAromBond,18
nG12ARing,0
nG12FRing,0
nG12HRing,0
nG12aRing,0
AETA_alpha,0.4800595238095238
AETA_dBeta,0.0625
AETA_eta_B,0.02054017536098851
AETA_eta_F,1.176207771463217
AETA_eta_L,0.19548900876249084
AETA_eta_R,1.9717113460470586
BCUTare-1h,3.5581032235208494
BCUTare-1l,2.1822107780715867
ETA_beta_s,21.0
ETA_dPsi_A,0.17381245813797697
ETA_dPsi_B,0.0
ETA_eta_BR,0.9152856115516323
ETA_eta_FL,9.001279670421756
ETA_eta_RL,15.256927950821463
LogEE_Dzpe,162.80626165553986
LogEE_Dzse,164.01089028720148
PEOE_VSA10,23.936535515031437
PEOE_VSA11,0.0
PEOE_VSA12,0.0
PEOE_VSA13,0.0
SlogP_VSA1,10.05365155780638
SlogP_VSA2,52.17412432097821
SlogP_VSA3,11.21535880699783
SlogP_VSA4,0.0
SlogP_VSA5,5.563451491696996
SlogP_VSA6,54.98873312560889
SlogP_VSA7,10.045266627482652
SlogP_VSA8,11.126902983393991
SlogP_VSA9,0.0
SpAD_Dzare,322.41857166316413
SpAbs_Dzpe,323.54682679867716
SpAbs_Dzse,326.0471810557552
SpDiam_DzZ,247.58720246402402
SpDiam_Dzi,246.28994802469242
SpDiam_Dzm,247.58131247403907
SpDiam_Dzp,347.7126991362452
SpDiam_Dzv,307.6779174285426
SpMAD_Dzpe,10.171356789970455
SpMAD_Dzse,10.246824003265234
SpMax_Dzpe,162.80626165553986
SpMax_Dzse,164.01089028720148
n10FAHRing,0
n10FaHRing,0
n11FAHRing,0
n11FaHRing,0
n12FAHRing,0
n12FaHRing,0
nG12AHRing,0
nG12FARing,0
nG12FHRing,0
nG12FaRing,0
nG12aHRing,0
nHeavyAtom,32
AETA_beta_s,0.65625
AETA_eta_BR,0.02860267536098851
AETA_eta_FL,0.28128998970067987
AETA_eta_RL,0.47677899846317073
DetourIndex,4996
EState_VSA1,18.104386188038227
EState_VSA2,6.4208216229260096
EState_VSA3,32.73954422199557
EState_VSA4,5.563451491696996
EState_VSA5,11.22722980561502
EState_VSA6,62.756757016198726
EState_VSA7,0.0
EState_VSA8,15.284745645900749
EState_VSA9,27.938742734265084
ETA_beta_ns,23.0
ETA_shape_p,0.2231866088034718
ETA_shape_x,0.0
ETA_shape_y,0.3515189088654681
GhoseFilter,True
LogEE_Dzare,161.27549657221746
SlogP_VSA10,10.61239996190685
SlogP_VSA11,5.749511833283905
SpAbs_Dzare,320.43224944410247
SpDiam_Dzpe,247.84318017284454
SpDiam_Dzse,249.704891264962
SpMAD_Dzare,10.075580364473879
SpMax_Dzare,161.27549657221746
TopoPSA(NO),104.64999999999999
VSA_EState1,0.0
VSA_EState2,0.0
VSA_EState3,0.0
VSA_EState4,0.0
VSA_EState5,0.0
VSA_EState6,0.0
VSA_EState7,0.0
VSA_EState8,0.0
VSA_EState9,69.60731596878931
nBridgehead,0
nG12FAHRing,0
nG12FaHRing,0
AETA_beta_ns,0.71875
EState_VSA10,14.69560176298435
ETA_dAlpha_A,0.0
ETA_dAlpha_B,0.019940476190476175
FilterItLogS,-6.084290784824914
SpDiam_Dzare,245.40242120390099
ETA_beta_ns_d,2.0
ETA_epsilon_1,0.6622710622710617
ETA_epsilon_2,0.8886904761904758
ETA_epsilon_3,0.4391304347826079
ETA_epsilon_4,0.5854256854256844
ETA_epsilon_5,0.8540616246498596
AETA_beta_ns_d,0.0625
ETA_dEpsilon_A,0.2231406274884538
ETA_dEpsilon_B,0.07684537684537729
ETA_dEpsilon_C,-0.14629525064307652
ETA_dEpsilon_D,0.034628851540616234
PetitjeanIndex,0.5
TopoShapeIndex,1.0
CDK Descriptors
FMFDescriptor,0.65625
MDEDescriptor,"0.4999999999999999,2.1871277345266904,2.37199235087078,0.0,9.480090043285964,23.432205950736698,0.0,10.762395983820426,0.0,0.0,0.5129927840030091,0.5952753944880748,0.0,0.0,0.0,0.0,1.1905507889761497,0.2758005147606801,0.0"
APolDescriptor,64.02385999999997
BCUTDescriptor,"11.850000000000012,34.969855403435304,-0.33042745309297283,0.34471322288945166,4.474873411730322,11.41355299231013"
BPolDescriptor,31.816139999999997
TPSADescriptor,104.64999999999999
ALOGPDescriptor,"4.3557,18.972122489999997,122.33160000000001"
XLogPDescriptor,2.041
VAdjMaDescriptor,6.08746284125034
WeightDescriptor,474.08616063999995
ChiPathDescriptor,"23.25034789769755,15.256927950821469,13.958805765601813,11.281559402731082,8.278349892588707,7.06137174989824,4.517604954652303,3.246482036156621,18.761995564529595,10.233445479190534,7.817197670933167,5.315459010575213,3.242380379673948,2.222403956839627,1.1891728773774233,0.7064932795441031"
ChiChainDescriptor,"0.0,0.0,0.0,0.23470804841064383,0.4002556912829794,0.0,0.0,0.0,0.06850070566067884,0.11423135515740448"
AtomCountDescriptor,52
BondCountDescriptor,34
SmallRingDescriptor,"3,3,3,3,0,0,0,3,0,0,0"
ChiClusterDescriptor,"2.3442684279606785,0.0,0.7406160479815083,0.0,1.107173171392505,0.0,0.2265767539190355,0.0"
RuleOfFiveDescriptor,0
CarbonTypesDescriptor,"0,0,3,10,3,0,2,0,0"
ZagrebIndexDescriptor,162.0
LargestChainDescriptor,17
MannholdLogPDescriptor,2.78
WeightedPathDescriptor,"64.33163472585616,2.010363585183005,27.68562035549521,10.354015648184053,12.265523384519739"
FractionalPSADescriptor,0.22074046594974658
WienerNumbersDescriptor,"3228.0,50.0"
AminoAcidCountDescriptor,"1,0,0,0,0,2,0,0,1,0,0,0,0,0,0,0,0,2,0,0"
ChiPathClusterDescriptor,"5.478229413012736,6.673505090560283,9.946618443769891,2.1430885136918985,2.314709540865807,2.7832946406277386"
FractionalCSP3Descriptor,0.18181818181818182
KierHallSmartsDescriptor,"0,0,0,0,0,0,2,0,1,0,0,9,1,0,0,2,7,0,0,0,0,0,0,1,0,0,0,0,2,1,0,0,0,1,2,1,0,0,0,0,0,0,0,0,0,0,0,0,0,0,0,0,0,2,0,0,0,0,0,0,0,0,0,0,0,0,0,0,0,0,0,0,0,0,0,0,0,0,0"
BasicGroupCountDescriptor,0
HBondDonorCountDescriptor,2
LargestPiSystemDescriptor,13
PetitjeanNumberDescriptor,0.5
AcidicGroupCountDescriptor,1
KappaShapeIndicesDescriptor,"26.602076124567475,12.630149388863739,7.497845446710715"
AromaticAtomsCountDescriptor,18
AromaticBondsCountDescriptor,18
FragmentComplexityDescriptor,1924.1
HBondAcceptorCountDescriptor,7
HybridizationRatioDescriptor,0.18181818181818182
AutocorrelationDescriptorMass,"51.963697162967264,41.05963856316303,60.34218199995294,73.22937342517002,60.43766053656023"
PetitjeanShapeIndexDescriptor,"1.0,NaN"
RotatableBondsCountDescriptor,9
AutocorrelationDescriptorCharge,"0.7932619337622047,-0.5596772192029454,0.3055799573027655,-0.13324355943624083,-0.07165750166706271"
EccentricConnectivityIndexDescriptor,842
AutocorrelationDescriptorPolarizability,"2165.5784579646474,2508.6389841180207,3420.4940308534656,3574.0886811459745,3255.1245681251758"
