DLiP-ID,C000GI
DLiP-Mol-ID,23552
Vendor-ID,
Standard Inchi(RDKit),"InChI=1S/C15H10O6/c16-8-4-11(19)15-12(20)6-13(21-14(15)5-8)7-1-2-9(17)10(18)3-7/h1-6,16-19H"
Standard Inchi Key(RDKit),IQPNAANSBPBGFQ-UHFFFAOYSA-N
Canonical SMILES(RDKit),O=c1cc(-c2ccc(O)c(O)c2)oc2cc(O)cc(O)c12
SMILES(SDF),
MW(SDF),
MW(RDKit),286.239
MW Monoisotopic(RDKit),286.04773804
MolLogP(RDKit),2.2824
XLogP(SDF),
XLogP(CDK),3.423
ALogP(SDF),
Num H Acceptors(SDF),
nHAcceptors(SDF),
HBA(RDKit),6
HBA Lipinski(RDKit),6
Num H Donors(SDF),
nHDonors(SDF),
HBD(RDKit),4
HBD Lipinski(RDKit),4
PSA(SDF),
PSA(RDKit),111.13
RO3 Pass,
Num RO5 Violations,0
Num Lipinski RO5 Violations,0
nBonds(SDF),
nRigidBonds(SDF),
nRotatableBonds(SDF),
nRotatableBonds(RDKit),1
nRings(SDF),
nRings(RDKit),3
Aromatic Rings(RDKit),3
nAtoms(SDF),
Heavy Atoms(RDKit),21
QED Weighted(RDKit),0.510622346784357
Molecular Formula(SDF),
PPI Type(SDF),
PDB ID(SDF),
Receptor Chain(SDF),
Protein Name Receptor(SDF),
Peptide Chain(SDF),
Protein Name Peptide(SDF),
ELM ID(SDF),
Motif Sequence(SDF),
Physical Form Apperance(SDF),
Quantity of Sample mg(SDF),
Box Num(SDF),
Box Position(SDF),
fCsp3(SDF),
nCarbons(SDF),
nHetAtoms(SDF),
nHalide(SDF),
Year(SDF),
No(SDF),
Target Pref Name,Menin/Histone-lysine N-methyltransferase MLL
Common Target Pref Name,MENIN/MLL
RDKit Descriptors
Ipc,56060.202076412104
qed,0.5106223467843569
Chi0,15.14589989101247
Chi1,9.952397498181154
TPSA,111.13000000000001
Chi0n,10.569452578065315
Chi0v,10.569452578065315
Chi1n,5.976884305977174
Chi1v,5.976884305977174
Chi2n,4.5164265762855536
Chi2v,4.5164265762855536
Chi3n,3.0545529549351516
Chi3v,3.0545529549351516
Chi4n,2.072890025324916
Chi4v,2.072890025324916
MolMR,74.5792
MolWt,286.23900000000003
fr_SH,0
Kappa1,12.862251838410245
Kappa2,4.447829199162572
Kappa3,2.1215920915712805
fr_ArN,0
fr_COO,0
fr_C_O,0
fr_C_S,0
fr_NH0,0
fr_NH1,0
fr_NH2,0
fr_N_O,0
fr_azo,0
BertzCT,909.9162849554009
MolLogP,2.2824000000000004
NOCount,6
fr_Ar_N,0
fr_COO2,0
fr_urea,0
BalabanJ,2.2943459565950697
SMR_VSA1,24.843260516416166
SMR_VSA2,0.0
SMR_VSA3,0.0
SMR_VSA4,0.0
SMR_VSA5,0.0
SMR_VSA6,0.0
SMR_VSA7,46.62152998674202
SMR_VSA8,0.0
SMR_VSA9,34.321746243707054
fr_Al_OH,0
fr_Ar_NH,0
fr_Ar_OH,4
fr_HOCCN,0
fr_Imine,0
fr_amide,0
fr_azide,0
fr_diazo,0
fr_ester,0
fr_ether,0
fr_furan,0
fr_imide,0
fr_nitro,0
fr_oxime,0
fr_quatN,0
LabuteASA,117.31343579013306
NHOHCount,4
PEOE_VSA1,24.843260516416166
PEOE_VSA2,4.794537184071822
PEOE_VSA3,0.0
PEOE_VSA4,0.0
PEOE_VSA5,0.0
PEOE_VSA6,0.0
PEOE_VSA7,18.19910120538483
PEOE_VSA8,23.762552697081826
PEOE_VSA9,0.0
RingCount,3
SMR_VSA10,10.969244356107037
fr_Al_COO,0
fr_Ar_COO,0
fr_ketone,0
fr_lactam,0
fr_phenol,4
ExactMolWt,286.04773804
NumHDonors,4
PEOE_VSA10,28.22851544154929
PEOE_VSA11,16.92781405846835
PEOE_VSA12,0.0
PEOE_VSA13,0.0
PEOE_VSA14,0.0
SlogP_VSA1,5.428790391900541
SlogP_VSA2,20.426109579362823
SlogP_VSA3,0.0
SlogP_VSA4,0.0
SlogP_VSA5,0.0
SlogP_VSA6,45.60989053189483
SlogP_VSA7,0.0
SlogP_VSA8,22.292943266678478
SlogP_VSA9,0.0
fr_amidine,0
fr_aniline,0
fr_benzene,2
fr_epoxide,0
fr_guanido,0
fr_halogen,0
fr_hdrzine,0
fr_hdrzone,0
fr_isocyan,0
fr_lactone,0
fr_methoxy,0
fr_nitrile,0
fr_nitroso,0
fr_oxazole,0
fr_sulfide,0
fr_sulfone,0
EState_VSA1,5.428790391900541
EState_VSA2,39.7275391081171
EState_VSA3,5.563451491696996
EState_VSA4,12.13273413692322
EState_VSA5,24.26546827384644
EState_VSA6,0.0
EState_VSA7,0.0
EState_VSA8,0.0
EState_VSA9,4.417150937053347
SlogP_VSA10,0.0
SlogP_VSA11,22.99804733313562
SlogP_VSA12,0.0
VSA_EState1,0.0
VSA_EState2,0.0
VSA_EState3,0.0
VSA_EState4,0.0
VSA_EState5,0.0
VSA_EState6,0.0
VSA_EState7,0.0
VSA_EState8,5.472451814058957
VSA_EState9,56.027548185941036
fr_aldehyde,0
fr_barbitur,0
fr_bicyclic,1
fr_priamide,0
fr_pyridine,0
fr_thiazole,0
fr_thiocyan,0
EState_VSA10,25.220646763434644
EState_VSA11,0.0
FractionCSP3,0.0
VSA_EState10,0.0
fr_C_O_noCOO,0
fr_Nhpyrrole,0
fr_imidazole,0
fr_phos_acid,0
fr_piperdine,0
fr_piperzine,0
fr_sulfonamd,0
fr_tetrazole,0
fr_thiophene,0
HallKierAlpha,-3.15
NumHAcceptors,6
fr_morpholine,0
fr_nitro_arom,0
fr_phos_ester,0
HeavyAtomCount,21
HeavyAtomMolWt,276.159
MaxEStateIndex,12.043337270093222
MinEStateIndex,-0.48952333711262264
NumHeteroatoms,6
fr_aryl_methyl,0
fr_isothiocyan,0
fr_Al_OH_noTert,0
fr_alkyl_halide,0
fr_allylic_oxid,0
fr_prisulfonamd,0
FpDensityMorgan1,0.8095238095238095
FpDensityMorgan2,1.5714285714285714
FpDensityMorgan3,2.2857142857142856
MaxPartialCharge,0.19657917391887414
MinPartialCharge,-0.5076781658604214
NumAromaticRings,3
fr_unbrch_alkane,0
MaxAbsEStateIndex,12.043337270093222
MinAbsEStateIndex,0.016263699924414787
NumAliphaticRings,0
NumRotatableBonds,1
NumSaturatedRings,0
fr_Ndealkylation1,0
fr_Ndealkylation2,0
fr_benzodiazepine,0
fr_ketone_Topliss,0
fr_term_acetylene,0
fr_alkyl_carbamate,0
fr_dihydropyridine,0
MaxAbsPartialCharge,0.5076781658604214
MinAbsPartialCharge,0.19657917391887414
NumRadicalElectrons,0
NumValenceElectrons,106
fr_para_hydroxylation,0
NumAromaticCarbocycles,2
fr_nitro_arom_nonortho,0
fr_phenol_noOrthoHbond,4
NumAliphaticCarbocycles,0
NumAromaticHeterocycles,1
NumSaturatedCarbocycles,0
NumAliphaticHeterocycles,0
NumSaturatedHeterocycles,0
Mordred Descriptors
MW,286.0477380400003
MZ,0.7956989247311831
Mi,1.1075085377029719
Mm,0.7687549853494509
Mp,0.7056196638980107
Mv,0.709610762755822
SZ,24.666666666666675
Si,34.33276466879213
Sm,23.831404545832978
Sp,21.874209580838333
Sv,21.997933645430482
nB,0
nC,15
nF,0
nH,10
nI,0
nN,0
nO,6
nP,0
nS,0
nX,0
ABC,16.608204393397084
AMW,9.227346388387106
IC0,1.4918603462795095
IC1,2.872605180935881
IC2,3.7442035683118124
IC3,4.567099536193326
IC4,4.889680181354619
IC5,4.954196310386877
MID,42.690268541877046
Mpe,1.0232764073371285
Mse,1.0459084181096256
NdO,1
NdS,0
NsF,0
NsI,0
NtN,0
SMR,74.5792
SdO,12.043337270093222
SdS,0
Spe,31.721568627450985
SsF,0
SsI,0
Sse,32.423160961398395
StN,0
fMF,0.5161290322580645
nBr,0
nCl,0
AMID,2.0328699305655737
BIC0,0.2784593308648355
BIC1,0.5361786835591634
BIC2,0.6988646241948556
BIC3,0.8524601407987442
BIC4,0.9126705960371135
BIC5,0.9247126870847873
CIC0,3.4623359641073654
CIC1,2.081591129450994
CIC2,1.2099927420750625
CIC3,0.38709677419354893
CIC4,0.06451612903225623
CIC5,-1.7763568394002505e-15
GGI1,5.5
GGI2,2.88888888888889
GGI3,2.0625
GGI4,1.7022222222222225
GGI5,0.8194444444444445
GGI6,0.506938775510204
GGI7,0.3107638888888889
GGI8,0.1970269589317208
GGI9,0.116875
JGI1,0.23913043478260865
JGI2,0.08496732026143794
JGI3,0.05729166666666667
JGI4,0.054910394265232976
JGI5,0.035628019323671496
JGI6,0.024139941690962095
JGI7,0.01726466049382716
JGI8,0.015155919917824678
JGI9,0.014609375
MIC0,13.953978323881572
MIC1,28.057952559049205
MIC2,38.52672078982152
MIC3,44.38729669963963
MIC4,45.6796192802848
MIC5,45.744651538349316
MPC2,34
MPC3,45
MPC4,60
MPC5,76
MPC6,86
MPC7,89
MPC8,100
MPC9,110
Mare,1.0387096774193547
NaaN,0
NaaO,1
NaaS,0
NdNH,0
NdSe,0
NddC,0
NdsN,0
NsBr,0
NsCl,0
NsLi,0
NsOH,4
NsSH,0
NssO,0
NssS,0
NtCH,0
NtsC,0
RNCG,0.17903356987477598
RPCG,0.1034306226795604
SIC0,0.3011306482045742
SIC1,0.5798327318829153
SIC2,0.7557640702411783
SIC3,0.9218648697101548
SIC4,0.9869774782850261
SIC5,1.0000000000000004
SaaN,0
SaaO,5.472451814058957
SaaS,0
Sare,32.199999999999996
SdNH,0
SdSe,0
SddC,0
SdsN,0
SsBr,0
SsCl,0
SsLi,0
SsOH,37.89433945029904
SsSH,0
SssO,0
SssS,0
StCH,0
StsC,0
TIC0,46.247670734664794
TIC1,89.05076060901231
TIC2,116.07031061766618
TIC3,141.5800856219931
TIC4,151.5800856219932
TIC5,153.5800856219932
Vabc,229.87655058938483
WPol,36
apol,36.52992999999999
bpol,12.636069999999997
nRot,1
ABCGG,13.330263007643982
ATS0Z,934.0
ATS0d,124.0
ATS0i,4863.79957640749
ATS0m,3709.9304609999995
ATS0p,50.13885304849001
ATS0s,264.25
ATS0v,7961.935632335388
ATS1Z,980.0
ATS1d,152.0
ATS1i,4761.5853894070015
ATS1m,3790.524355
ATS1p,62.81811780399999
ATS1s,150.55555555555557
ATS1v,9911.851163245006
ATS2Z,1488.0
ATS2d,230.0
ATS2i,7132.654483016398
ATS2m,5769.291673999999
ATS2p,92.34546895999996
ATS2s,232.22222222222226
ATS2v,14544.336925976395
ATS3Z,1725.0
ATS3d,248.0
ATS3i,10109.674193754745
ATS3m,6515.8979279999985
ATS3p,102.83291561284898
ATS3s,341.83333333333326
ATS3v,16197.49489332733
ATS4Z,1607.0
ATS4d,216.0
ATS4i,10808.152001404893
ATS4m,6016.077071000001
ATS4p,91.913429675943
ATS4s,402.8888888888889
ATS4v,14189.304952509487
ATS5Z,1175.0
ATS5d,183.0
ATS5i,9486.708614063242
ATS5m,4279.441411
ATS5p,78.52626774594299
ATS5s,265.94444444444446
ATS5v,11713.684891579485
ATS6Z,1043.0
ATS6d,152.0
ATS6i,7477.508550275742
ATS6m,3901.4870689999993
ATS6p,65.74709923794299
ATS6s,247.1666666666667
ATS6v,9894.73008522459
ATS7Z,917.0
ATS7d,126.0
ATS7i,6357.408645504496
ATS7m,3404.8463419999994
ATS7p,55.71930729454699
ATS7s,228.83333333333337
ATS7v,8553.46014161929
ATS8Z,733.0
ATS8d,95.0
ATS8i,5882.072169425647
ATS8m,2651.7528609999995
ATS8p,43.759135280547
ATS8s,208.8888888888889
ATS8v,6638.676663171617
C1SP1,0
C1SP2,0
C1SP3,0
C2SP1,0
C2SP2,13
C2SP3,0
C3SP2,2
C3SP3,0
C4SP3,0
FCSP3,0.0
GGI10,0.012345679012345678
JGI10,0.004115226337448559
JGT10,0.5472129587396803
Kier1,15.879017013232515
Kier2,6.2456747404844295
Kier3,3.2
MAXdO,12.043337270093222
MID_C,31.749402991417718
MID_N,0.0
MID_O,10.940865550459332
MID_X,0.0
MID_h,10.940865550459332
MINdO,12.043337270093222
MPC10,104
MWC01,23.0
MWC02,4.74493212836325
MWC03,5.60947179518496
MWC04,6.511745329644728
MWC05,7.392031567514591
MWC06,8.297792626380861
MWC07,9.1834829178063
MWC08,10.091086824325448
MWC09,10.97946219904839
MWC10,11.888171886494392
NaaCH,6
NaaNH,0
NaaSe,0
NaaaC,2
NaasC,6
NaasN,0
NdCH2,0
NddsN,0
NdsCH,0
NdssC,0
NdssS,0
NsCH3,0
NsNH2,0
NsNH3,0
NsPH2,0
NsSeH,0
NssBH,0
NssBe,0
NssNH,0
NssPH,0
NssSe,0
NsssB,0
NsssN,0
NsssP,0
SLogP,2.2824000000000004
SRW02,3.8501476017100584
SRW03,0.0
SRW04,5.209486152841421
SRW05,0.0
SRW06,6.767343125265392
SRW07,0.0
SRW08,8.421342865759403
SRW09,0.0
SRW10,10.124508853469237
SaaCH,7.3701990039715515
SaaNH,0
SaaSe,0
SaaaC,-0.025819370958259036
SaasC,-0.7649848303518929
SaasN,0
SdCH2,0
SddsN,0
SdsCH,0
SdssC,0
SdssS,0
SsCH3,0
SsNH2,0
SsNH3,0
SsPH2,0
SsSeH,0
SssBH,0
SssBe,0
SssNH,0
SssPH,0
SssSe,0
SsssB,0
SsssN,0
SsssP,0
VE1_A,4.091275926696741
VE1_D,4.518211040723243
VE2_A,0.1948226631760353
VE2_D,0.21515290670110682
VE3_A,2.15079422865144
VE3_D,2.2500534727783816
VR1_A,132.80653092313764
VR1_D,113.70145430505092
VR2_A,6.324120520149411
VR2_D,5.414354966907187
VR3_A,5.630830759200566
VR3_D,5.475513536125711
WPath,896
Xc-3d,1.8425952872879876
Xc-4d,0.0
Xc-5d,0.46269039581923277
Xc-6d,0.0
Xp-0d,15.14589989101247
Xp-1d,9.952397498181154
Xp-2d,9.627758058807755
Xp-3d,7.923173010655462
Xp-4d,6.827438313220987
Xp-5d,5.165633456382688
Xp-6d,3.9721443978008533
Xp-7d,2.4808395330777264
ZMIC0,72.88480237691806
ZMIC1,56.06770070635686
ZMIC2,36.844921352213305
ZMIC3,26.25312720157625
ZMIC4,23.842885372839714
ZMIC5,23.652292062492176
nAcid,0
nAtom,31
nBase,0
nRing,3
piPC1,3.5115454388310208
piPC2,4.248495242049359
piPC3,4.907124917726591
piPC4,5.576895624750347
piPC5,6.181309813020677
piPC6,6.61363586456635
piPC7,7.007261189838169
piPC8,7.487471268981595
piPC9,7.921057866987848
AATS0Z,30.129032258064516
AATS0d,4.0
AATS0i,156.89676052927388
AATS0m,119.67517616129031
AATS0p,1.6173823564029037
AATS0s,8.524193548387096
AATS0v,256.83663330114155
AATS1Z,29.696969696969695
AATS1d,4.606060606060606
AATS1i,144.29046634566672
AATS1m,114.8643743939394
AATS1p,1.903579327393939
AATS1s,4.562289562289563
AATS1v,300.3591261589396
AATS2Z,29.76
AATS2d,4.6
AATS2i,142.65308966032796
AATS2m,115.38583347999999
AATS2p,1.8469093791999993
AATS2s,4.644444444444445
AATS2v,290.8867385195279
AATS3Z,25.746268656716417
AATS3d,3.701492537313433
AATS3i,150.89065960827978
AATS3m,97.252207880597
AATS3p,1.5348196360126714
AATS3s,5.101990049751243
AATS3v,241.7536551242885
AATS4Z,23.28985507246377
AATS4d,3.130434782608696
AATS4i,156.6398840783318
AATS4m,87.18952276811595
AATS4p,1.3320786909556956
AATS4s,5.838969404186796
AATS4v,205.64210076100704
AATS5Z,19.583333333333332
AATS5d,3.05
AATS5i,158.11181023438738
AATS5m,71.32402351666666
AATS5p,1.3087711290990498
AATS5s,4.432407407407408
AATS5v,195.22808152632476
AATS6Z,21.729166666666668
AATS6d,3.1666666666666665
AATS6i,155.78142813074462
AATS6m,81.28098060416666
AATS6p,1.3697312341238124
AATS6s,5.149305555555556
AATS6v,206.14021010884562
AATS7Z,22.365853658536587
AATS7d,3.073170731707317
AATS7i,155.05874745132917
AATS7m,83.0450327317073
AATS7p,1.3590074949889508
AATS7s,5.581300813008131
AATS7v,208.62097906388513
AATS8Z,19.81081081081081
AATS8d,2.5675675675675675
AATS8i,158.97492349799046
AATS8m,71.66899624324323
AATS8p,1.1826793319066757
AATS8s,5.645645645645646
AATS8v,179.4236935992329
AMID_C,1.5118763329246532
AMID_N,0.0
AMID_O,0.5209935976409206
AMID_X,0.0
AMID_h,0.5209935976409206
ATS0dv,370.0
ATS0pe,216.93910000000002
ATS0se,260.40267600000004
ATS1dv,361.0
ATS1pe,229.37599999999998
ATS1se,271.475908
ATS2dv,527.0
ATS2pe,342.618
ATS2se,405.16680800000006
ATS3dv,601.0
ATS3pe,466.80660000000006
ATS3se,558.7327439999999
ATS4dv,555.0
ATS4pe,476.9630000000001
ATS4se,576.883004
ATS5dv,375.0
ATS5pe,400.99009999999987
ATS5se,490.4840200000001
ATS6dv,353.0
ATS6pe,319.28270000000003
ATS6se,388.7162119999999
ATS7dv,291.0
ATS7pe,279.31160000000006
ATS7se,338.2565119999998
ATS8dv,228.0
ATS8pe,252.09760000000006
ATS8se,307.5317320000001
ATSC0Z,227.41935483870958
ATSC0c,1.8633583877596447
ATSC0d,22.83870967741936
ATSC0i,42.59253628900931
ATSC0m,1066.9380377419354
ATSC0p,7.092537377364193
ATSC0s,99.33870967741936
ATSC0v,1350.8493011331807
ATSC1Z,-24.736732570239347
ATSC1c,-0.9699410897138719
ATSC1d,6.7845993756503695
ATSC1i,10.710820734724404
ATSC1m,-104.70799430593088
ATSC1p,1.832895837621023
ATSC1s,-26.780812810729564
ATSC1v,248.30774693893787
ATSC2Z,11.388137356919868
ATSC2c,0.03855098772889422
ATSC2d,-4.255983350676378
ATSC2i,-11.972461233058553
ATSC2m,51.82283164204024
ATSC2p,-1.7809024372757905
ATSC2s,-1.5230084402821118
ATSC2v,-140.04620867863017
ATSC3Z,-80.26118626430804
ATSC3c,-0.3685391783815175
ATSC3d,-6.651404786680541
ATSC3i,-14.324231290082615
ATSC3m,-376.0762509583761
ATSC3p,-2.3845856264494154
ATSC3s,-28.662157474852588
ATSC3v,-459.46943322435476
ATSC4Z,23.96982310093653
ATSC4c,0.7910870181977071
ATSC4d,-3.221644120707597
ATSC4i,-4.373623852022622
ATSC4m,98.10987228407917
ATSC4p,-0.9846936041979477
ATSC4s,31.884986703665163
ATSC4v,-223.36262457799535
ATSC5Z,-64.13423517169615
ATSC5c,-0.6804138232395878
ATSC5d,1.2476586888657644
ATSC5i,7.7206714422810725
ATSC5m,-290.2352526295529
ATSC5p,1.2338831056200432
ATSC5s,-35.307896866689795
ATSC5v,57.86235366198666
ATSC6Z,45.96357960457857
ATSC6c,0.377100415499074
ATSC6d,-3.8792924037460987
ATSC6i,-0.12365497423083616
ATSC6m,212.20591410926102
ATSC6p,0.03978352701973242
ATSC6s,12.776621574748528
ATSC6v,101.42658513998292
ATSC7Z,-29.52237252861603
ATSC7c,-0.12403346016937576
ATSC7d,-5.754422476586889
ATSC7i,-9.651991297484722
ATSC7m,-141.35790620707593
ATSC7p,-1.6148180351491912
ATSC7s,-3.96947624002775
ATSC7v,-278.12969120905825
ATSC8Z,-51.661810613943814
ATSC8c,-0.22125772532371862
ATSC8d,-2.839750260145683
ATSC8i,-12.831740146199582
ATSC8m,-246.65619185327805
ATSC8p,-2.203967997503813
ATSC8s,-13.28688287663314
ATSC8v,-422.5855398769954
AXp-0d,0.7212333281434509
AXp-1d,0.43271293470352845
AXp-2d,0.28316935467081633
AXp-3d,0.17607051134789914
AXp-4d,0.11379063855368311
AXp-5d,0.06796886126819326
AXp-6d,0.04618772555582387
AXp-7d,0.027874601495255353
GATS1Z,0.7475177304964542
GATS1c,1.3146371710218614
GATS1d,0.7562917308680019
GATS1i,0.765348660442264
GATS1m,0.7398595217715613
GATS1p,0.7296809971272327
GATS1s,0.9947092290005098
GATS1v,0.6479742517041488
GATS2Z,0.6015319148936172
GATS2c,0.6797933919480124
GATS2d,1.2084745762711862
GATS2i,1.1642630960169236
GATS2m,0.6072651129499929
GATS2p,1.127271798777107
GATS2s,0.6352005195648643
GATS2v,0.9070560399601905
GATS3Z,0.9942838996506831
GATS3c,0.9964591121061278
GATS3d,1.117505691879585
GATS3i,1.12894438369352
GATS3m,0.9928670322564244
GATS3p,1.1078216355151635
GATS3s,1.013856274723153
GATS3v,1.0285417619984512
GATS4Z,0.9473018809744068
GATS4c,0.7971808265349364
GATS4d,0.9708916728076636
GATS4i,1.0101607380782474
GATS4m,0.9514314196772996
GATS4p,1.0213808755208094
GATS4s,0.8101886167918908
GATS4v,1.0300400471934872
GATS5Z,1.1806382978723409
GATS5c,1.0793319200161329
GATS5d,0.8866525423728813
GATS5i,0.8712788677383465
GATS5m,1.1760491829081239
GATS5p,0.8852905168193776
GATS5s,1.1348658692789233
GATS5v,0.9926530350567653
GATS6Z,0.8629432624113479
GATS6c,0.6734426763197049
GATS6d,1.1083156779661014
GATS6i,0.9680688269366096
GATS6m,0.8679070138035291
GATS6p,0.9782863622898272
GATS6s,0.886242580866302
GATS6v,0.9742521446897607
GATS7Z,1.0553191489361706
GATS7c,0.9622952294569044
GATS7d,1.1693881769326167
GATS7i,1.1341430393179714
GATS7m,1.0570862691736689
GATS7p,1.1332033579007739
GATS7s,1.1168367528780012
GATS7v,1.1115461258856616
GATS8Z,1.249626221966648
GATS8c,1.2081664485768513
GATS8d,1.0117956939990835
GATS8i,1.203845078109272
GATS8m,1.2507136448628444
GATS8p,1.2136914691296545
GATS8s,1.288248794337445
GATS8v,1.246418313479043
MATS1Z,-0.10217923920051589
MATS1c,-0.4889863309343661
MATS1d,0.27906180448553347
MATS1i,0.23623106207768582
MATS1m,-0.09219097246289931
MATS1p,0.24276378816088034
MATS1s,-0.25325206385443433
MATS1v,0.1726756584789506
MATS2Z,0.03104680851063829
MATS2c,0.012827168701911302
MATS2d,-0.11553672316384177
MATS2i,-0.17427762258928295
MATS2m,0.03011435948620327
MATS2p,-0.15567905424579234
MATS2s,-0.009505511356461174
MATS2v,-0.06427708058027876
MATS3Z,-0.16329205038636618
MATS3c,-0.09151118133311378
MATS3d,-0.13474997891896445
MATS3i,-0.15560541776386902
MATS3m,-0.1630885987682752
MATS3p,-0.15556008786533174
MATS3s,-0.13349876692200632
MATS3v,-0.15737531536427715
MATS4Z,0.04735327371775109
MATS4c,0.1907394246116176
MATS4d,-0.06337509211495948
MATS4i,-0.04613393828981324
MATS4m,0.04131294120019578
MATS4p,-0.06237521951043803
MATS4s,0.14420500326950414
MATS4v,-0.07428757893392311
MATS5Z,-0.14570449172576838
MATS5c,-0.1886631923930602
MATS5d,0.028225047080979265
MATS5i,0.09365522521233897
MATS5m,-0.14054694389060593
MATS5p,0.08988409046269127
MATS5s,-0.18363851755636137
MATS5v,0.02213092856986201
MATS6Z,0.13052895981087478
MATS6c,0.13070165135326978
MATS6d,-0.10969868173258003
MATS6i,-0.0018749882291314917
MATS6m,0.1284513701960449
MATS6p,0.003622614376190857
MATS6s,0.08306498168894663
MATS6v,0.048491470895104805
MATS7Z,-0.09815256875973022
MATS7c,-0.0503292320626446
MATS7d,-0.1905057186165082
MATS7i,-0.17134098399463393
MATS7m,-0.10017485957665397
MATS7p,-0.17214713336477
MATS7s,-0.03021290807160386
MATS7v,-0.15567478991302786
MATS8Z,-0.19032777458309386
MATS8c,-0.09948601160565071
MATS8d,-0.10417621010841353
MATS8i,-0.25241317743651326
MATS8m,-0.1936924949353531
MATS8p,-0.2603536200719503
MATS8s,-0.11206359793792821
MATS8v,-0.2621004095238974
MAXaaO,5.472451814058957
MAXsOH,9.681778995548836
MINaaO,5.472451814058957
MINsOH,9.281292188184324
NddssS,0
NdssSe,0
NdsssP,0
NsAsH2,0
NsGeH3,0
NsPbH3,0
NsSiH3,0
NsSnH3,0
NssAsH,0
NssCH2,0
NssNH2,0
NsssAs,0
NsssCH,0
NsssNH,0
NssssB,0
NssssC,0
NssssN,0
Radius,5
SM1_Dt,0.0
SddssS,0
SdssSe,0
SdsssP,0
SpAD_A,26.321007940707148
SpAD_D,176.18781853033607
SsAsH2,0
SsGeH3,0
SsPbH3,0
SsSiH3,0
SsSnH3,0
SssAsH,0
SssCH2,0
SssNH2,0
SsssAs,0
SsssCH,0
SsssNH,0
SssssB,0
SssssC,0
SssssN,0
TMPC10,748
TMWC10,118.6981772747629
TSRW10,55.37282859904552
VE1_Dt,4.558933923886214
VE2_Dt,0.21709209161362925
VE3_Dt,2.259026152301408
VR1_Dt,109.59916732588624
VR2_Dt,5.219007967899345
VR3_Dt,5.438767121822884
Xc-3dv,0.5907947951903341
Xc-4dv,0.0
Xc-5dv,0.08190873485826337
Xc-6dv,0.0
Xch-3d,0.0
Xch-4d,0.0
Xch-5d,0.0
Xch-6d,0.17915249285508827
Xch-7d,0.5168256052173166
Xp-0dv,10.569452578065315
Xp-1dv,5.976884305977174
Xp-2dv,4.516426576285553
Xp-3dv,3.054552954935151
Xp-4dv,2.0728900253249147
Xp-5dv,1.358959765080675
Xp-6dv,0.7590167874864395
Xp-7dv,0.4060182910442885
Xpc-4d,4.056640066332974
Xpc-5d,6.5630779537579285
Xpc-6d,9.724441159376104
n3Ring,0
n4Ring,0
n5Ring,0
n6Ring,3
n7Ring,0
n8Ring,0
n9Ring,0
nARing,0
nBonds,33
nFRing,1
nHBAcc,6
nHBDon,4
nHRing,1
nSpiro,0
naRing,3
piPC10,8.179673453231775
AATS0dv,11.935483870967742
AATS0pe,6.998035483870969
AATS0se,8.400086322580647
AATS1dv,10.93939393939394
AATS1pe,6.950787878787878
AATS1se,8.226542666666667
AATS2dv,10.54
AATS2pe,6.85236
AATS2se,8.103336160000001
AATS3dv,8.970149253731343
AATS3pe,6.967262686567165
AATS3se,8.339294686567163
AATS4dv,8.043478260869565
AATS4pe,6.912507246376813
AATS4se,8.360623246376813
AATS5dv,6.25
AATS5pe,6.683168333333331
AATS5se,8.174733666666668
AATS6dv,7.354166666666667
AATS6pe,6.651722916666667
AATS6se,8.098254416666665
AATS7dv,7.097560975609756
AATS7pe,6.8124780487804895
AATS7se,8.250158829268289
AATS8dv,6.162162162162162
AATS8pe,6.8134486486486505
AATS8se,8.311668432432436
AATSC0Z,7.336108220603535
AATSC0c,0.060108335089020797
AATSC0d,0.7367325702393341
AATSC0i,1.3739527835164294
AATSC0m,34.417356056191466
AATSC0p,0.22879152830207075
AATSC0s,3.2044745057232054
AATSC0v,43.57578390752196
AATSC1Z,-0.7495979566739196
AATSC1c,-0.029392154233753694
AATSC1d,0.20559392047425362
AATSC1i,0.3245703252946789
AATSC1m,-3.172969524422148
AATSC1p,0.05554229810972797
AATSC1s,-0.8115397821433201
AATSC1v,7.524477179967814
AATSC2Z,0.22776274713839736
AATSC2c,0.0007710197545778844
AATSC2d,-0.08511966701352756
AATSC2i,-0.23944922466117105
AATSC2m,1.036456632840805
AATSC2p,-0.03561804874551581
AATSC2s,-0.030460168805642236
AATSC2v,-2.800924173572603
AATSC3Z,-1.1979281531986274
AATSC3c,-0.005500584751962948
AATSC3d,-0.09927469830866478
AATSC3i,-0.2137944968669047
AATSC3m,-5.613078372513076
AATSC3p,-0.03559083024551366
AATSC3s,-0.42779339514705356
AATSC3v,-6.857752734691862
AATSC4Z,0.34738874059328306
AATSC4c,0.011465029249242132
AATSC4d,-0.046690494503008655
AATSC4i,-0.06338585292786408
AATSC4m,1.4218822070156403
AATSC4p,-0.014270921799970257
AATSC4s,0.46210125657485746
AATSC4v,-3.2371394866376138
AATSC5Z,-1.068903919528269
AATSC5c,-0.011340230387326462
AATSC5d,0.020794311481096072
AATSC5i,0.1286778573713512
AATSC5m,-4.8372542104925484
AATSC5p,0.02056471842700072
AATSC5s,-0.5884649477781633
AATSC5v,0.964372561033111
AATSC6Z,0.9575745750953869
AATSC6c,0.007856258656230708
AATSC6d,-0.08081859174471039
AATSC6i,-0.0025761452964757534
AATSC6m,4.420956543942938
AATSC6p,0.0008288234795777588
AATSC6s,0.2661796161405943
AATSC6v,2.1130538570829773
AATSC7Z,-0.7200578665516105
AATSC7c,-0.0030252063455945308
AATSC7d,-0.14035176772163144
AATSC7i,-0.23541442188987127
AATSC7m,-3.447753809928681
AATSC7p,-0.03938580573534613
AATSC7s,-0.09681649365921341
AATSC7v,-6.783651005098982
AATSC8Z,-1.3962651517282112
AATSC8c,-0.005979938522262665
AATSC8d,-0.0767500070309644
AATSC8i,-0.3468037877351238
AATSC8m,-6.66638356360211
AATSC8p,-0.05956670263523819
AATSC8s,-0.3591049426117065
AATSC8v,-11.421230807486364
ATS0are,215.65000000000003
ATS1are,225.04999999999995
ATS2are,335.5
ATS3are,460.94
ATS4are,473.5299999999999
ATS5are,397.5299999999999
ATS6are,315.93
ATS7are,276.52
ATS8are,250.46999999999994
ATSC0dv,131.4193548387097
ATSC0pe,5.868387096774194
ATSC0se,4.69128387096774
ATSC1dv,4.650364203954196
ATSC1pe,-1.5030830385015614
ATSC1se,-1.099876378772112
ATSC2dv,-9.224765868886582
ATSC2pe,-0.23102434963579702
ATSC2se,-0.4972960499479717
ATSC3dv,-40.19667013527576
ATSC3pe,-2.1028817898022916
ATSC3se,-1.6750461727367312
ATSC4dv,15.195629552549427
ATSC4pe,2.283477107180019
ATSC4se,1.9601703517169617
ATSC5dv,-39.87617065556712
ATSC5pe,-2.1779492195629535
ATSC5se,-1.5124904599375653
ATSC6dv,17.770031217481794
ATSC6pe,1.2259135275754434
ATSC6se,0.8470491030176884
ATSC7dv,-28.748178980228925
ATSC7pe,-0.5585409989594174
ATSC7se,-0.47866821644120705
ATSC8dv,-17.11342351716961
ATSC8pe,-0.8633587929240373
ATSC8se,-0.6626553298647236
AXp-0dv,0.5033072656221579
AXp-1dv,0.25986453504248586
AXp-2dv,0.1328360757731045
AXp-3dv,0.06787895455411447
AXp-4dv,0.034548167088748576
AXp-5dv,0.0178810495405352
AXp-6dv,0.00882577659867953
AXp-7dv,0.004562003270160545
BertzCT,909.9162849554009
ECIndex,355
ETA_eta,12.105758256317392
GATS1dv,0.622573302985674
GATS1pe,0.9627935855920682
GATS1se,1.0100859658749446
GATS2dv,0.7167893961708395
GATS2pe,0.6671032321899736
GATS2se,0.762389507514966
GATS3dv,1.0068032444551909
GATS3pe,1.0858141269247428
GATS3se,1.1243648374187123
GATS4dv,0.9693496403491921
GATS4pe,0.8597429352606015
GATS4se,0.8506830458227359
GATS5dv,1.2250859106529208
GATS5pe,1.1836770283641156
GATS5se,1.1394104784576475
GATS6dv,0.9226190476190477
GATS6pe,0.7693340479331572
GATS6se,0.7651519496004259
GATS7dv,1.1163296095405726
GATS7pe,1.038287534590385
GATS7se,1.0461904929137047
GATS8dv,1.1012816940651993
GATS8pe,1.2020361638023243
GATS8se,1.1855092749681069
LogEE_A,3.9872921668875216
LogEE_D,88.093909265168
MATS1dv,0.0332411002514094
MATS1pe,-0.24060905892700094
MATS1se,-0.22024188531740627
MATS2dv,-0.04351988217967602
MATS2pe,-0.024407915567282425
MATS2se,-0.06572263786376673
MATS3dv,-0.14151994079675262
MATS3pe,-0.16579941650586136
MATS3se,-0.16520453351827966
MATS4dv,0.051948375345954895
MATS4pe,0.1748197567333306
MATS4se,0.18772179838109462
MATS5dv,-0.1567705776468663
MATS5pe,-0.19175179566109626
MATS5se,-0.16657559546484524
MATS6dv,0.08732715594828998
MATS6pe,0.13491540466505436
MATS6se,0.11661041214844992
MATS7dv,-0.1653974639893674
MATS7pe,-0.07196380880365533
MATS7se,-0.07714729718393344
MATS8dv,-0.10910321219599567
MATS8pe,-0.1232629430221778
MATS8se,-0.1183466454122399
MAXaaCH,1.4601332199546486
MAXaaaC,0.016263699924414787
MAXaasC,0.3677154195011336
MDEC-22,4.000913745780976
MDEC-23,18.088730239906663
MDEC-33,11.565422955776981
MDEO-11,1.5430977806316342
MDEO-12,1.1023252577771505
MINaaCH,1.0469341702602886
MINaaaC,-0.04208307088267382
MINaasC,-0.37606171789703535
NddssSe,0
NssGeH2,0
NssPbH2,0
NssSiH2,0
NssSnH2,0
NsssGeH,0
NsssPbH,0
NsssSiH,0
NsssSnH,0
NsssdAs,0
NssssBe,0
NssssGe,0
NssssPb,0
NssssSi,0
NssssSn,0
NsssssP,0
SM1_DzZ,1.5
SM1_Dzi,1.0388051152698072
SM1_Dzm,1.4955934745921624
SM1_Dzp,-6.493765586034913
SM1_Dzv,-2.393966868348154
SddssSe,0
SpAD_Dt,382.43498185317515
SpAbs_A,26.321007940707148
SpAbs_D,176.18781853033607
SpMAD_A,1.2533813305098642
SpMAD_D,8.389896120492194
SpMax_A,2.4674296899189496
SpMax_D,88.093909265168
SssGeH2,0
SssPbH2,0
SssSiH2,0
SssSnH2,0
SsssGeH,0
SsssPbH,0
SsssSiH,0
SsssSnH,0
SsssdAs,0
SssssBe,0
SssssGe,0
SssssPb,0
SssssSi,0
SssssSn,0
SsssssP,0
TopoPSA,111.13000000000001
TpiPC10,9.301673727128456
VAdjMat,5.523561956057013
VE1_DzZ,4.513852685851345
VE1_Dzi,4.511741634466827
VE1_Dzm,4.51383286339469
VE1_Dzp,4.468923989699183
VE1_Dzv,4.493520334015658
VE2_DzZ,0.21494536599292116
VE2_Dzi,0.21484483973651558
VE2_Dzm,0.2149444220664138
VE2_Dzp,0.21280590427138968
VE2_Dzv,0.2139771587626504
VE3_DzZ,2.2490883876456556
VE3_Dzi,2.2486205954209906
VE3_Dzm,2.2490839961642406
VE3_Dzp,2.2390850061894794
VE3_Dzv,2.2445737780419854
VR1_DzZ,113.99776488043528
VR1_Dzi,114.19194722152591
VR1_Dzm,113.99962037734194
VR1_Dzp,117.99149696024023
VR1_Dzv,115.85711675530355
VR2_DzZ,5.4284649943064425
VR2_Dzi,5.437711772453615
VR2_Dzm,5.428553351301997
VR2_Dzp,5.618642712392392
VR2_Dzv,5.51700555977636
VR3_DzZ,5.478116186619696
VR3_Dzi,5.479818124767338
VR3_Dzm,5.478132463095012
VR3_Dzp,5.512549906939639
VR3_Dzv,5.49429502449614
Xch-3dv,0.0
Xch-4dv,0.0
Xch-5dv,0.0
Xch-6dv,0.05962098582428747
Xch-7dv,0.10035107324765151
Xpc-4dv,1.065527358509836
Xpc-5dv,1.3406916178240167
Xpc-6dv,1.6219682991606423
Zagreb1,114.0
Zagreb2,136.0
fragCpx,109.06
n10Ring,0
n11Ring,0
n12Ring,0
n3ARing,0
n3HRing,0
n3aRing,0
n4ARing,0
n4FRing,0
n4HRing,0
n4aRing,0
n5ARing,0
n5FRing,0
n5HRing,0
n5aRing,0
n6ARing,0
n6FRing,0
n6HRing,1
n6aRing,3
n7ARing,0
n7FRing,0
n7HRing,0
n7aRing,0
n8ARing,0
n8FRing,0
n8HRing,0
n8aRing,0
n9ARing,0
n9FRing,0
n9HRing,0
n9aRing,0
nAHRing,0
nBondsA,17
nBondsD,1
nBondsM,18
nBondsO,23
nBondsS,15
nBondsT,0
nFARing,0
nFHRing,1
nFaRing,1
nHetero,6
naHRing,1
AATS0are,6.956451612903227
AATS1are,6.8196969696969685
AATS2are,6.71
AATS3are,6.879701492537313
AATS4are,6.8627536231884045
AATS5are,6.625499999999999
AATS6are,6.581875
AATS7are,6.744390243902439
AATS8are,6.7694594594594575
AATSC0dv,4.239334027055151
AATSC0pe,0.1893028095733611
AATSC0se,0.1513317377731529
AATSC1dv,0.14092012739255141
AATSC1pe,-0.04554797086368368
AATSC1se,-0.03332958723551854
AATSC2dv,-0.18449531737773164
AATSC2pe,-0.004620486992715941
AATSC2se,-0.009945920998959435
AATSC3dv,-0.5999503005265039
AATSC3pe,-0.031386295370183455
AATSC3se,-0.025000689145324346
AATSC4dv,0.22022651525433953
AATSC4pe,0.033093871118551
AATSC4se,0.02840826596691249
AATSC5dv,-0.664602844259452
AATSC5pe,-0.036299153659382556
AATSC5se,-0.025208174332292756
AATSC6dv,0.37020898369753735
AATSC6pe,0.025539865157821737
AATSC6se,0.017646856312868508
AATSC7dv,-0.7011750970787543
AATSC7pe,-0.013622951194132133
AATSC7se,-0.011674834547346514
AATSC8dv,-0.462524959923503
AATSC8pe,-0.023334021430379385
AATSC8se,-0.017909603509857396
AETA_eta,0.5764646788722567
ATSC0are,6.609677419354839
ATSC1are,-1.6651404786680533
ATSC2are,-0.422060353798127
ATSC3are,-2.36639958376691
ATSC4are,2.6762018730489063
ATSC5are,-2.356472424557751
ATSC6are,1.3182414151925084
ATSC7are,-0.6395733610822061
ATSC8are,-0.9480020811654524
BCUTZ-1h,8.024638704852666
BCUTZ-1l,5.6715844914851345
BCUTc-1h,0.4832013491592204
BCUTc-1l,-0.5300948086875542
BCUTd-1h,3.281363468706384
BCUTd-1l,0.9777095880642604
BCUTi-1h,13.639260493210312
BCUTi-1l,10.932691576309699
BCUTm-1h,16.012675849681134
BCUTm-1l,11.685346059379542
BCUTp-1h,2.016195288472241
BCUTp-1l,0.7496307756264189
BCUTs-1h,7.00828218652487
BCUTs-1l,1.378982555751018
BCUTv-1h,20.91533790546504
BCUTv-1l,14.701726307510894
BalabanJ,1.6656371554425398
Diameter,10
ETA_beta,31.25
GATS1are,0.9834065397755
GATS2are,0.7007906295754025
GATS3are,1.1008282161666045
GATS4are,0.854807223035627
GATS5are,1.1687408491947289
GATS6are,0.7659224011713028
GATS7are,1.04060279255794
GATS8are,1.195421629535831
HybRatio,0.0
Lipinski,True
LogEE_Dt,191.21749092658757
MATS1are,-0.23665646213230387
MATS2are,-0.03959004392386531
MATS3are,-0.1656512459663615
MATS4are,0.18190775280978339
MATS5are,-0.1842012363754676
MATS6are,0.1288057182365382
MATS7are,-0.07316239926674523
MATS8are,-0.12016804505823535
NsssssAs,0
RotRatio,0.043478260869565216
SM1_Dzpe,1.552325581395349
SM1_Dzse,1.4909688013136289
SMR_VSA1,24.843260516416166
SMR_VSA2,0.0
SMR_VSA3,0.0
SMR_VSA4,0.0
SMR_VSA5,0.0
SMR_VSA6,0.0
SMR_VSA7,46.62152998674202
SMR_VSA8,0.0
SMR_VSA9,34.321746243707054
SpAD_DzZ,119.10805097039474
SpAD_Dzi,122.33393819588692
SpAD_Dzm,119.13881778204205
SpAD_Dzp,167.09284592233303
SpAD_Dzv,143.45924916563428
SpAbs_Dt,382.4349818531752
SpDiam_A,4.934859379837903
SpDiam_D,131.33315876484292
SpMAD_Dt,18.21118961205596
SpMax_Dt,191.21749092658757
SsssssAs,0
VE1_Dzpe,4.5140874934439275
VE1_Dzse,4.513812051627782
VE2_Dzpe,0.21495654730685368
VE2_Dzse,0.21494343102989438
VE3_Dzpe,2.2491404056227298
VE3_Dzse,2.249079385489562
VMcGowan,190.44999999999985
VR1_Dzpe,113.97573332681411
VR1_Dzse,114.00156775191397
VR2_Dzpe,5.427415872705434
VR2_Dzse,5.428646083424475
VR3_Dzpe,5.477922904910523
VR3_Dzse,5.478149545239083
mZagreb1,7.749999999999999
mZagreb2,4.4722222222222205
n10ARing,0
n10FRing,1
n10HRing,0
n10aRing,0
n11ARing,0
n11FRing,0
n11HRing,0
n11aRing,0
n12ARing,0
n12FRing,0
n12HRing,0
n12aRing,0
n3AHRing,0
n3aHRing,0
n4AHRing,0
n4FARing,0
n4FHRing,0
n4FaRing,0
n4aHRing,0
n5AHRing,0
n5FARing,0
n5FHRing,0
n5FaRing,0
n5aHRing,0
n6AHRing,0
n6FARing,0
n6FHRing,0
n6FaRing,0
n6aHRing,1
n7AHRing,0
n7FARing,0
n7FHRing,0
n7FaRing,0
n7aHRing,0
n8AHRing,0
n8FARing,0
n8FHRing,0
n8FaRing,0
n8aHRing,0
n9AHRing,0
n9FARing,0
n9FHRing,0
n9FaRing,0
n9aHRing,0
nBondsKD,8
nBondsKS,25
nFAHRing,0
nFaHRing,1
nG12Ring,0
AATSC0are,0.21321540062434965
AATSC1are,-0.050458802383880404
AATSC2are,-0.008441207075962541
AATSC3are,-0.03531939677264045
AATSC4are,0.038785534392013134
AATSC5are,-0.03927454040929585
AATSC6are,0.02746336281651059
AATSC7are,-0.01559935027029771
AATSC8are,-0.02562167786933655
AETA_beta,1.4880952380952381
BCUTdv-1h,6.023736008800465
BCUTdv-1l,2.8289684288712516
BCUTpe-1h,3.494591244106959
BCUTpe-1l,2.215897169487469
BCUTse-1h,3.707471029581465
BCUTse-1l,2.4120747273941308
ETA_alpha,9.499999999999998
ETA_dBeta,4.75
ETA_eta_B,0.4618160641919449
ETA_eta_F,23.426878385487854
ETA_eta_L,3.609592610161788
ETA_eta_R,35.53263664180525
ETA_psi_1,0.4922279792746115
LabuteASA,117.31343579013306
LogEE_DzZ,59.62545405662594
LogEE_Dzi,61.2164360081944
LogEE_Dzm,59.64062762790637
LogEE_Dzp,81.92312835862708
LogEE_Dzv,71.15963247130568
PEOE_VSA1,24.843260516416166
PEOE_VSA2,4.794537184071822
PEOE_VSA3,0.0
PEOE_VSA4,0.0
PEOE_VSA5,0.0
PEOE_VSA6,0.0
PEOE_VSA7,18.19910120538483
PEOE_VSA8,23.762552697081826
PEOE_VSA9,0.0
SM1_Dzare,1.714285714285714
SpAD_Dzpe,118.74279243397939
SpAD_Dzse,119.17110890222506
SpAbs_DzZ,117.87928782018619
SpAbs_Dzi,121.46570900794111
SpAbs_Dzm,117.9134128058578
SpAbs_Dzp,170.34002230328912
SpAbs_Dzv,144.71323181095948
SpDiam_Dt,261.5192135513304
SpMAD_DzZ,5.671811950971178
SpMAD_Dzi,5.825425628375568
SpMAD_Dzm,5.673277037240098
SpMAD_Dzp,7.956802186777763
SpMAD_Dzv,6.831392817411156
SpMax_DzZ,59.62545405662594
SpMax_Dzi,61.2164360081944
SpMax_Dzm,59.64062762790637
SpMax_Dzp,81.92312835862708
SpMax_Dzv,71.15963247130568
VE1_Dzare,4.514807216351685
VE2_Dzare,0.21499081982627072
VE3_Dzare,2.249299832204258
VR1_Dzare,113.90757020014794
VR2_Dzare,5.4241700095308545
VR3_Dzare,5.477324676539738
n10AHRing,0
n10FARing,0
n10FHRing,1
n10FaRing,1
n10aHRing,0
n11AHRing,0
n11FARing,0
n11FHRing,0
n11FaRing,0
n11aHRing,0
n12AHRing,0
n12FARing,0
n12FHRing,0
n12FaRing,0
n12aHRing,0
n4FAHRing,0
n4FaHRing,0
n5FAHRing,0
n5FaHRing,0
n6FAHRing,0
n6FaHRing,0
n7FAHRing,0
n7FaHRing,0
n8FAHRing,0
n8FaHRing,0
n9FAHRing,0
n9FaHRing,0
nAromAtom,16
nAromBond,17
nG12ARing,0
nG12FRing,0
nG12HRing,0
nG12aRing,0
AETA_alpha,0.4523809523809523
AETA_dBeta,0.2261904761904762
AETA_eta_B,0.021991241151997375
AETA_eta_F,1.1155656374041836
AETA_eta_L,0.17188536238865657
AETA_eta_R,1.6920303162764403
BCUTare-1h,3.548421547822143
BCUTare-1l,2.1669041282855406
ETA_beta_s,13.25
ETA_dPsi_A,0.22177202072538849
ETA_dPsi_B,0.0
ETA_eta_BR,0.7198160641919449
ETA_eta_FL,6.342804888019363
ETA_eta_RL,9.952397498181151
LogEE_Dzpe,59.44531648277042
LogEE_Dzse,59.6565529654608
PEOE_VSA10,28.22851544154929
PEOE_VSA11,16.92781405846835
PEOE_VSA12,0.0
PEOE_VSA13,0.0
SlogP_VSA1,5.428790391900541
SlogP_VSA2,20.426109579362823
SlogP_VSA3,0.0
SlogP_VSA4,0.0
SlogP_VSA5,0.0
SlogP_VSA6,45.60989053189483
SlogP_VSA7,0.0
SlogP_VSA8,22.292943266678478
SlogP_VSA9,0.0
SpAD_Dzare,117.61322631311228
SpAbs_Dzpe,117.47428729217467
SpAbs_Dzse,117.94923023460136
SpDiam_DzZ,88.89280797677253
SpDiam_Dzi,91.28434448672601
SpDiam_Dzm,88.91558834016297
SpDiam_Dzp,120.01416553877363
SpDiam_Dzv,105.3448569453119
SpMAD_Dzpe,5.654418687332352
SpMAD_Dzse,5.674814709629764
SpMax_Dzpe,59.44531648277042
SpMax_Dzse,59.6565529654608
n10FAHRing,0
n10FaHRing,1
n11FAHRing,0
n11FaHRing,0
n12FAHRing,0
n12FaHRing,0
nG12AHRing,0
nG12FARing,0
nG12FHRing,0
nG12FaRing,0
nG12aHRing,0
nHeavyAtom,21
AETA_beta_s,0.6309523809523809
AETA_eta_BR,0.03427695543771166
AETA_eta_FL,0.30203832800092206
AETA_eta_RL,0.4739236903895786
DetourIndex,1986
EState_VSA1,5.428790391900541
EState_VSA2,39.7275391081171
EState_VSA3,5.563451491696996
EState_VSA4,12.13273413692322
EState_VSA5,24.26546827384644
EState_VSA6,0.0
EState_VSA7,0.0
EState_VSA8,0.0
EState_VSA9,4.417150937053347
ETA_beta_ns,18.0
ETA_shape_p,0.1754385964912281
ETA_shape_x,0.0
ETA_shape_y,0.4736842105263159
GhoseFilter,True
LogEE_Dzare,58.888245809617366
SlogP_VSA10,0.0
SlogP_VSA11,22.99804733313562
SpAbs_Dzare,116.22332025390821
SpDiam_Dzpe,88.62240696858119
SpDiam_Dzse,88.9394979454468
SpMAD_Dzare,5.600629824433918
SpMax_Dzare,58.888245809617366
TopoPSA(NO),111.13000000000001
VSA_EState1,0.0
VSA_EState2,0.0
VSA_EState3,0.0
VSA_EState4,0.0
VSA_EState5,0.0
VSA_EState6,0.0
VSA_EState7,0.0
VSA_EState8,5.472451814058957
VSA_EState9,56.027548185941036
nBridgehead,0
nG12FAHRing,0
nG12FaHRing,0
AETA_beta_ns,0.8571428571428571
EState_VSA10,25.220646763434644
ETA_dAlpha_A,0.0
ETA_dAlpha_B,0.04761904761904771
FilterItLogS,-2.9156695544487228
SpDiam_Dzare,87.7867057306789
ETA_beta_ns_d,2.5
ETA_epsilon_1,0.7193548387096774
ETA_epsilon_2,0.9190476190476188
ETA_epsilon_3,0.4423728813559325
ETA_epsilon_4,0.5888888888888891
ETA_epsilon_5,0.8199999999999998
AETA_beta_ns_d,0.11904761904761904
ETA_dEpsilon_A,0.2769819573537449
ETA_dEpsilon_B,0.1304659498207883
ETA_dEpsilon_C,-0.14651600753295663
ETA_dEpsilon_D,0.09904761904761894
PetitjeanIndex,0.5
TopoShapeIndex,1.0
CDK Descriptors
FMFDescriptor,0.7619047619047619
MDEDescriptor,"0.0,0.0,0.0,0.0,4.000913745780976,18.088730239906663,0.0,11.565422955776981,0.0,0.0,1.5430977806316342,1.1023252577771505,0.0,0.0,0.0,0.0,0.0,0.0,0.0"
APolDescriptor,37.879929999999995
BCUTDescriptor,"11.850000000000003,15.999937316277112,-0.36096564803342224,0.24095760163084678,4.9244602341034724,9.829112468218732"
BPolDescriptor,13.806069999999997
TPSADescriptor,111.13000000000001
ALOGPDescriptor,"3.2326999999999995,10.450349289999997,67.90679999999999"
XLogPDescriptor,3.423
VAdjMaDescriptor,5.523561956057013
WeightDescriptor,286.04773811999996
ChiPathDescriptor,"15.14589989101247,9.952397498181154,9.627758058807755,7.9231730106554625,6.827438313220988,5.165633456382688,3.9721443978008533,2.480839533077726,10.569452578065315,5.976884305977174,4.516426576285553,3.054552954935152,2.0728900253249156,1.3589597650806762,0.7590167874864396,0.4060182910442887"
ChiChainDescriptor,"0.0,0.0,0.0,0.17915249285508827,0.5168256052173165,0.0,0.0,0.0,0.05962098582428749,0.10035107324765152"
AtomCountDescriptor,31
BondCountDescriptor,23
SmallRingDescriptor,"3,3,2,2,0,0,0,3,0,0,0"
ChiClusterDescriptor,"1.8425952872879876,0.0,0.4626903958192327,0.0,0.5907947951903341,0.0,0.08190873485826337,0.0"
RuleOfFiveDescriptor,0
CarbonTypesDescriptor,"0,0,0,13,2,0,0,0,0"
ZagrebIndexDescriptor,114.0
LargestChainDescriptor,11
MannholdLogPDescriptor,2.4499999999999997
WeightedPathDescriptor,"42.690268541877074,2.032869930565575,15.881731100918662,15.881731100918662,0.0"
FractionalPSADescriptor,0.3885015862400556
WienerNumbersDescriptor,"896.0,36.0"
AminoAcidCountDescriptor,"0,0,0,0,0,0,0,0,0,0,0,0,0,0,0,0,0,0,0,0"
ChiPathClusterDescriptor,"4.056640066332974,6.563077953757919,9.02757418185164,1.065527358509836,1.3406916178240176,1.5043126229196482"
FractionalCSP3Descriptor,0.0
KierHallSmartsDescriptor,"0,0,0,0,0,0,0,0,0,0,0,6,0,0,0,0,6,2,0,0,0,0,0,0,0,0,0,0,0,0,0,0,0,4,1,0,1,0,0,0,0,0,0,0,0,0,0,0,0,0,0,0,0,0,0,0,0,0,0,0,0,0,0,0,0,0,0,0,0,0,0,0,0,0,0,0,0,0,0"
BasicGroupCountDescriptor,0
HBondDonorCountDescriptor,4
LargestPiSystemDescriptor,21
PetitjeanNumberDescriptor,0.5
AcidicGroupCountDescriptor,0
KappaShapeIndicesDescriptor,"15.879017013232515,6.2456747404844295,3.2"
AromaticAtomsCountDescriptor,16
AromaticBondsCountDescriptor,17
FragmentComplexityDescriptor,669.06
HBondAcceptorCountDescriptor,1
HybridizationRatioDescriptor,0.0
AutocorrelationDescriptorMass,"25.646814213245676,25.324643839927948,38.64928767985589,42.42003264679453,38.8574489032955"
PetitjeanShapeIndexDescriptor,"1.0,NaN"
RotatableBondsCountDescriptor,1
AutocorrelationDescriptorCharge,"0.48966362068337543,-0.1077425379302764,-0.06674206052952676,-0.25667297828941715,0.22485213610313615"
EccentricConnectivityIndexDescriptor,355
AutocorrelationDescriptorPolarizability,"1280.6550824599876,1531.375171209123,2205.5961766153123,2257.039951273465,1828.3710756035086"
