DLiP-ID,P0009C
DLiP-Mol-ID,24376
Vendor-ID,
Standard Inchi(RDKit),"InChI=1S/C21H24N2O5/c1-13(2)8-14(10-23-20(24)16-4-3-7-22-11-16)9-15-5-6-17-19(28-12-27-17)18(15)21(25)26/h3-7,11,13-14H,8-10,12H2,1-2H3,(H,23,24)(H,25,26)/t14-/m0/s1"
Standard Inchi Key(RDKit),LRIOQCGZQZMXSL-AWEZNQCLSA-N
Canonical SMILES(RDKit),CC(C)C[C@H](CNC(=O)c1cccnc1)Cc1ccc2c(c1C(=O)O)OCO2
SMILES(SDF),
MW(SDF),
MW(RDKit),384.432
MW Monoisotopic(RDKit),384.168521868
MolLogP(RDKit),3.1433
XLogP(SDF),
XLogP(CDK),3.448
ALogP(SDF),
Num H Acceptors(SDF),
nHAcceptors(SDF),
HBA(RDKit),5
HBA Lipinski(RDKit),7
Num H Donors(SDF),
nHDonors(SDF),
HBD(RDKit),2
HBD Lipinski(RDKit),2
PSA(SDF),
PSA(RDKit),97.75
RO3 Pass,
Num RO5 Violations,0
Num Lipinski RO5 Violations,0
nBonds(SDF),
nRigidBonds(SDF),
nRotatableBonds(SDF),
nRotatableBonds(RDKit),8
nRings(SDF),
nRings(RDKit),3
Aromatic Rings(RDKit),2
nAtoms(SDF),
Heavy Atoms(RDKit),28
QED Weighted(RDKit),0.725588578917452
Molecular Formula(SDF),
PPI Type(SDF),
PDB ID(SDF),
Receptor Chain(SDF),
Protein Name Receptor(SDF),
Peptide Chain(SDF),
Protein Name Peptide(SDF),
ELM ID(SDF),
Motif Sequence(SDF),
Physical Form Apperance(SDF),
Quantity of Sample mg(SDF),
Box Num(SDF),
Box Position(SDF),
fCsp3(SDF),
nCarbons(SDF),
nHetAtoms(SDF),
nHalide(SDF),
Year(SDF),
No(SDF),
Target Pref Name,INTEGRASE/LEDGF
Common Target Pref Name,INTEGRASE/LEDGF
RDKit Descriptors
Ipc,2381089.6473951647
qed,0.7255885789174519
Chi0,20.0956473593183
Chi1,13.452397498181156
TPSA,97.75000000000001
Chi0n,15.974649631118568
Chi0v,15.974649631118568
Chi1n,9.283352447162157
Chi1v,9.283352447162157
Chi2n,7.290049530524738
Chi2v,7.290049530524738
Chi3n,4.627763349542757
Chi3v,4.627763349542757
Chi4n,3.470408122739388
Chi4v,3.470408122739388
MolMR,102.74350000000008
MolWt,384.4320000000002
fr_SH,0
Kappa1,19.665522247451868
Kappa2,8.73217007182389
Kappa3,4.597423576766392
fr_ArN,0
fr_COO,1
fr_C_O,2
fr_C_S,0
fr_NH0,1
fr_NH1,1
fr_NH2,0
fr_N_O,0
fr_azo,0
BertzCT,851.3744888211266
MolLogP,3.143300000000001
NOCount,7
fr_Ar_N,1
fr_COO2,1
fr_urea,0
BalabanJ,1.7593983721129105
SMR_VSA1,24.169327670584448
SMR_VSA2,0.0
SMR_VSA3,10.30076712495354
SMR_VSA4,11.835812092322787
SMR_VSA5,26.689117645233267
SMR_VSA6,13.337698712012402
SMR_VSA7,53.34950989216358
SMR_VSA8,0.0
SMR_VSA9,11.49902366656781
fr_Al_OH,0
fr_Ar_NH,0
fr_Ar_OH,0
fr_HOCCN,0
fr_Imine,0
fr_amide,1
fr_azide,0
fr_diazo,0
fr_ester,0
fr_ether,2
fr_furan,0
fr_imide,0
fr_nitro,0
fr_oxime,0
fr_quatN,0
LabuteASA,163.2459658918497
NHOHCount,2
PEOE_VSA1,19.897041906447136
PEOE_VSA2,9.77851570501903
PEOE_VSA3,4.794537184071822
PEOE_VSA4,0.0
PEOE_VSA5,0.0
PEOE_VSA6,19.913841467842857
PEOE_VSA7,48.44000803525663
PEOE_VSA8,18.93844354913873
PEOE_VSA9,5.563451491696996
RingCount,3
SMR_VSA10,11.876485017303356
fr_Al_COO,0
fr_Ar_COO,1
fr_ketone,0
fr_lactam,0
fr_phenol,0
ExactMolWt,384.16852186799986
NumHDonors,2
PEOE_VSA10,5.563451491696996
PEOE_VSA11,11.49902366656781
PEOE_VSA12,6.792942306099827
PEOE_VSA13,5.907179729351506
PEOE_VSA14,5.969305287951849
SlogP_VSA1,14.790514511606428
SlogP_VSA2,35.304689645103664
SlogP_VSA3,6.4208216229260096
SlogP_VSA4,11.835812092322787
SlogP_VSA5,46.54772486554189
SlogP_VSA6,36.6591554170726
SlogP_VSA7,0.0
SlogP_VSA8,0.0
SlogP_VSA9,0.0
fr_amidine,0
fr_aniline,0
fr_benzene,1
fr_epoxide,0
fr_guanido,0
fr_halogen,0
fr_hdrzine,0
fr_hdrzone,0
fr_isocyan,0
fr_lactone,0
fr_methoxy,0
fr_nitrile,0
fr_nitroso,0
fr_oxazole,0
fr_sulfide,0
fr_sulfone,0
EState_VSA1,5.969305287951849
EState_VSA2,29.930991406593627
EState_VSA3,35.75989889167787
EState_VSA4,6.4208216229260096
EState_VSA5,6.196843571613076
EState_VSA6,30.462311845459517
EState_VSA7,0.0
EState_VSA8,24.148241524334786
EState_VSA9,9.473725907600098
SlogP_VSA10,0.0
SlogP_VSA11,11.49902366656781
SlogP_VSA12,0.0
VSA_EState1,0.0
VSA_EState2,0.0
VSA_EState3,0.0
VSA_EState4,0.0
VSA_EState5,0.0
VSA_EState6,0.0
VSA_EState7,0.0
VSA_EState8,0.0
VSA_EState9,68.83333333333334
fr_aldehyde,0
fr_barbitur,0
fr_bicyclic,1
fr_priamide,0
fr_pyridine,1
fr_thiazole,0
fr_thiocyan,0
EState_VSA10,14.69560176298435
EState_VSA11,0.0
FractionCSP3,0.38095238095238093
VSA_EState10,0.0
fr_C_O_noCOO,1
fr_Nhpyrrole,0
fr_imidazole,0
fr_phos_acid,0
fr_piperdine,0
fr_piperzine,0
fr_sulfonamd,0
fr_tetrazole,0
fr_thiophene,0
HallKierAlpha,-3.09
NumHAcceptors,5
fr_morpholine,0
fr_nitro_arom,0
fr_phos_ester,0
HeavyAtomCount,28
HeavyAtomMolWt,360.2400000000001
MaxEStateIndex,12.334114302771411
MinEStateIndex,-1.0416273632705806
NumHeteroatoms,7
fr_aryl_methyl,0
fr_isothiocyan,0
fr_Al_OH_noTert,0
fr_alkyl_halide,0
fr_allylic_oxid,0
fr_prisulfonamd,0
FpDensityMorgan1,1.25
FpDensityMorgan2,2.0714285714285716
FpDensityMorgan3,2.75
MaxPartialCharge,0.33941704395088723
MinPartialCharge,-0.4775306083275698
NumAromaticRings,2
fr_unbrch_alkane,0
MaxAbsEStateIndex,12.334114302771411
MinAbsEStateIndex,0.02347007291701475
NumAliphaticRings,1
NumRotatableBonds,8
NumSaturatedRings,0
fr_Ndealkylation1,0
fr_Ndealkylation2,0
fr_benzodiazepine,0
fr_ketone_Topliss,0
fr_term_acetylene,0
fr_alkyl_carbamate,0
fr_dihydropyridine,0
MaxAbsPartialCharge,0.4775306083275698
MinAbsPartialCharge,0.33941704395088723
NumRadicalElectrons,0
NumValenceElectrons,148
fr_para_hydroxylation,0
NumAromaticCarbocycles,1
fr_nitro_arom_nonortho,0
fr_phenol_noOrthoHbond,0
NumAliphaticCarbocycles,0
NumAromaticHeterocycles,1
NumSaturatedCarbocycles,0
NumAliphaticHeterocycles,1
NumSaturatedHeterocycles,0
Mordred Descriptors
MW,384.16852186800054
MZ,0.6538461538461535
Mi,1.127151589075028
Mm,0.6155127030990821
Mp,0.6596387839705206
Mv,0.6267664673002553
SZ,33.999999999999986
Si,58.61188263190146
Sm,32.00666056115227
Sp,34.30121676646707
Sv,32.591856299613276
nB,0
nC,21
nF,0
nH,24
nI,0
nN,2
nO,5
nP,0
nS,0
nX,0
ABC,21.55795186170291
AMW,7.387856189769241
IC0,1.548758826408428
IC1,3.786790198827112
IC2,4.979097891134805
IC3,5.209867121904036
IC4,5.209867121904036
IC5,5.209867121904036
MID,56.564959811808606
Mpe,0.9776018099547511
Mse,1.012185556613816
NdO,2
NdS,0
NsF,0
NsI,0
NtN,0
SMR,102.74350000000008
SdO,24.158155770461487
SdS,0
Spe,50.83529411764706
SsF,0
SsI,0
Sse,52.63364894391843
StN,0
fMF,0.38461538461538464
nBr,0
nCl,0
AMID,2.0201771361360215
BIC0,0.2601121537942368
BIC1,0.6359867900595075
BIC2,0.8362334111236731
BIC3,0.8749908216522213
BIC4,0.8749908216522213
BIC5,0.8749908216522213
CIC0,4.1516808917326635
CIC1,1.9136495193139798
CIC2,0.7213418270062864
CIC3,0.4905725962370555
CIC4,0.4905725962370555
CIC5,0.4905725962370555
GGI1,5.5
GGI2,2.88888888888889
GGI3,2.0625
GGI4,1.3855555555555559
GGI5,1.080277777777778
GGI6,0.6154648526077098
GGI7,0.5312854308390024
GGI8,0.39833711262282684
GGI9,0.2646913580246914
JGI1,0.18333333333333335
JGI2,0.0704607046070461
JGI3,0.05030487804878049
JGI4,0.032989417989418
JGI5,0.028428362573099407
JGI6,0.017584710074505988
JGI7,0.013981195548394795
JGI8,0.011064919795078527
JGI9,0.008823045267489714
MIC0,14.593784136375888
MIC1,35.67526131769336
MIC2,40.416030548462594
MIC3,41.22522285615491
MIC4,41.22522285615491
MIC5,41.22522285615491
MPC2,41
MPC3,52
MPC4,68
MPC5,78
MPC6,81
MPC7,90
MPC8,93
MPC9,87
Mare,0.991846153846154
NaaN,1
NaaO,0
NaaS,0
NdNH,0
NdSe,0
NddC,0
NdsN,0
NsBr,0
NsCl,0
NsLi,0
NsOH,1
NsSH,0
NssO,2
NssS,0
NtCH,0
NtsC,0
RNCG,0.16114254181242743
RPCG,0.11453616635855053
SIC0,0.27169111559581177
SIC1,0.6642979114007683
SIC2,0.873458564133099
SIC3,0.9139412711135501
SIC4,0.9139412711135501
SIC5,0.9139412711135501
SaaN,3.9614143510640765
SaaO,0
SaaS,0
Sare,51.57600000000001
SdNH,0
SdSe,0
SddC,0
SdsN,0
SsBr,0
SsCl,0
SsLi,0
SsOH,9.679158685405945
SsSH,0
SssO,10.663801417118204
SssS,0
StCH,0
StsC,0
TIC0,80.53545897323825
TIC1,196.9130903390098
TIC2,258.9130903390099
TIC3,270.9130903390099
TIC4,270.9130903390099
TIC5,270.9130903390099
Vabc,357.7557561764778
WPol,41
apol,57.28303199999998
bpol,30.994967999999997
nRot,8
ABCGG,18.025765092410367
ATS0Z,1198.0
ATS0d,166.0
ATS0i,8450.441681104476
ATS0m,4726.164180000002
ATS0p,74.87362971637597
ATS0s,261.75
ATS0v,11208.447034343404
ATS1Z,1335.0
ATS1d,207.0
ATS1i,7888.65082632125
ATS1m,5055.720514
ATS1p,95.478695106
ATS1s,177.6388888888889
ATS1v,14143.154537973736
ATS2Z,1940.0
ATS2d,329.0
ATS2i,14460.080208968791
ATS2m,7204.158405
ATS2p,142.68542904248997
ATS2s,318.7777777777777
ATS2v,20502.88211254311
ATS3Z,2061.0
ATS3d,362.0
ATS3i,19083.71833513998
ATS3m,7431.606520999999
ATS3p,167.34324373013098
ATS3s,346.0
ATS3v,22964.993187292173
ATS4Z,2194.0
ATS4d,379.0
ATS4i,23421.738336583065
ATS4m,7890.472141999999
ATS4p,169.79748939996
ATS4s,437.30555555555554
ATS4v,23208.5165560825
ATS5Z,2109.0
ATS5d,354.0
ATS5i,21978.76546927888
ATS5m,7397.167665999998
ATS5p,168.58265616867797
ATS5s,437.61111111111114
ATS5v,22893.00079782295
ATS6Z,1926.0
ATS6d,368.0
ATS6i,24695.33147372171
ATS6m,6613.371078999999
ATS6p,168.41828183596002
ATS6s,405.72222222222223
ATS6v,22340.579714357144
ATS7Z,2035.0
ATS7d,347.0
ATS7i,21413.656985384427
ATS7m,7169.866334
ATS7p,165.67031607522497
ATS7s,413.9722222222223
ATS7v,22526.58989084782
ATS8Z,2004.0
ATS8d,337.0
ATS8i,21966.23179955598
ATS8m,6979.793788000001
ATS8p,159.68530831322502
ATS8s,445.83333333333337
ATS8v,21861.990610107612
C1SP1,0
C1SP2,4
C1SP3,3
C2SP1,0
C2SP2,6
C2SP3,2
C3SP2,3
C3SP3,2
C4SP3,0
FCSP3,0.38095238095238093
GGI10,0.15682073257830834
JGI10,0.007128215117195833
JGT10,0.4240987823543422
Kier1,22.68
Kier2,10.85782272456871
Kier3,6.25
MAXdO,12.334114302771411
MID_C,43.24629846342519
MID_N,4.016134180471717
MID_O,9.302527167911702
MID_X,0.0
MID_h,13.318661348383419
MINdO,11.824041467690076
MPC10,89
MWC01,30.0
MWC02,4.962844630259907
MWC03,5.796057750765372
MWC04,6.668228248417403
MWC05,7.523481312573497
MWC06,8.40178233990491
MWC07,9.267193183568965
MWC08,10.148901272496065
MWC09,11.020610784963102
MWC10,11.905014848925067
NaaCH,6
NaaNH,0
NaaSe,0
NaaaC,0
NaasC,5
NaasN,0
NdCH2,0
NddsN,0
NdsCH,0
NdssC,2
NdssS,0
NsCH3,2
NsNH2,0
NsNH3,0
NsPH2,0
NsSeH,0
NssBH,0
NssBe,0
NssNH,1
NssPH,0
NssSe,0
NsssB,0
NsssN,0
NsssP,0
SLogP,3.143300000000001
SRW02,4.110873864173311
SRW03,0.0
SRW04,5.41610040220442
SRW05,2.3978952727983707
SRW06,6.904750769961838
SRW07,4.59511985013459
SRW08,8.486527777105353
SRW09,6.6052979209482015
SRW10,10.123466100507182
SaaCH,10.072398986787931
SaaNH,0
SaaSe,0
SaaaC,0
SaasC,2.0551876411183434
SaasN,0
SdCH2,0
SddsN,0
SdsCH,0
SdssC,-1.2305154648074912
SdssS,0
SsCH3,4.209700596287898
SsNH2,0
SsNH3,0
SsPH2,0
SsSeH,0
SssBH,0
SssBe,0
SssNH,2.9433727796674223
SssPH,0
SssSe,0
SsssB,0
SsssN,0
SsssP,0
VE1_A,3.8524600630917822
VE1_D,5.217709338873375
VE2_A,0.13758785939613508
VE2_D,0.18634676210262052
VE3_A,2.3783313388481337
VE3_D,2.6816778987936725
VR1_A,856.2247291214635
VR1_D,169.92764999585697
VR2_A,30.579454611480838
VR2_D,6.068844642709178
VR3_A,7.782152292887276
VR3_D,6.164992175383369
WPath,2134
Xc-3d,1.9286019040237095
Xc-4d,0.0
Xc-5d,0.3979200997710532
Xc-6d,0.0
Xp-0d,20.0956473593183
Xp-1d,13.452397498181156
Xp-2d,12.1976360797415
Xp-3d,9.360283892928107
Xp-4d,8.07879111990737
Xp-5d,6.030665475999402
Xp-6d,4.012712748247316
Xp-7d,2.9683169105166836
ZMIC0,94.44463668310212
ZMIC1,40.37339641404543
ZMIC2,27.26665826780978
ZMIC3,25.285635353497607
ZMIC4,25.285635353497607
ZMIC5,25.285635353497607
nAcid,1
nAtom,52
nBase,0
nRing,3
piPC1,3.6635616461296463
piPC2,4.189654742026425
piPC3,4.695924549256556
piPC4,5.212214667494625
piPC5,5.648093568795613
piPC6,5.719286661192166
piPC7,5.956403918790009
piPC8,6.008659610997081
piPC9,5.993103827752974
AATS0Z,23.03846153846154
AATS0d,3.1923076923076925
AATS0i,162.50849386739375
AATS0m,90.88777269230772
AATS0p,1.4398774945456918
AATS0s,5.033653846153846
AATS0v,215.54705835275777
AATS1Z,24.72222222222222
AATS1d,3.8333333333333335
AATS1i,146.08612641335648
AATS1m,93.62445396296296
AATS1p,1.7681239834444444
AATS1s,3.289609053497943
AATS1v,261.91026922173586
AATS2Z,20.638297872340427
AATS2d,3.5
AATS2i,153.8306405209446
AATS2m,76.6399830319149
AATS2p,1.5179300961967017
AATS2s,3.3912529550827415
AATS2v,218.11576715471392
AATS3Z,16.75609756097561
AATS3d,2.9430894308943087
AATS3i,155.1521815865039
AATS3m,60.41956521138211
AATS3p,1.3605141766677316
AATS3s,2.813008130081301
AATS3v,186.70726168530223
AATS4Z,15.23611111111111
AATS4d,2.6319444444444446
AATS4i,162.65096067071573
AATS4m,54.79494543055554
AATS4p,1.1791492319441668
AATS4s,3.036844135802469
AATS4v,161.17025386168405
AATS5Z,15.282608695652174
AATS5d,2.5652173913043477
AATS5i,159.26641644404984
AATS5m,53.6026642463768
AATS5p,1.2216134504976666
AATS5s,3.17109500805153
AATS5v,165.89131012915183
AATS6Z,12.84
AATS6d,2.453333333333333
AATS6i,164.63554315814474
AATS6m,44.08914052666666
AATS6p,1.1227885455730668
AATS6s,2.704814814814815
AATS6v,148.93719809571428
AATS7Z,15.186567164179104
AATS7d,2.58955223880597
AATS7i,159.80341033868976
AATS7m,53.50646517910448
AATS7p,1.2363456423524253
AATS7s,3.089344941956883
AATS7v,168.10887978244642
AATS8Z,14.735294117647058
AATS8d,2.4779411764705883
AATS8i,161.51641029085278
AATS8m,51.32201314705883
AATS8p,1.1741566787737134
AATS8s,3.278186274509804
AATS8v,160.7499309566736
AMID_C,1.5445106594080424
AMID_N,0.1434333635882756
AMID_O,0.33223311313970366
AMID_X,0.0
AMID_h,0.47566647672797924
ATS0dv,412.0
ATS0pe,330.36369999999994
ATS0se,406.7558239999999
ATS1dv,387.0
ATS1pe,353.6355
ATS1se,422.92780799999997
ATS2dv,562.0
ATS2pe,603.8783000000001
ATS2se,734.590148
ATS3dv,531.0
ATS3pe,754.7535
ATS3se,931.9074919999998
ATS4dv,544.0
ATS4pe,882.1579
ATS4se,1101.0080639999999
ATS5dv,441.0
ATS5pe,861.0087
ATS5se,1067.677888
ATS6dv,359.0
ATS6pe,911.4269999999999
ATS6se,1145.462436
ATS7dv,418.0
ATS7pe,832.0123000000001
ATS7se,1033.647032
ATS8dv,414.0
ATS8pe,851.7230999999998
ATS8se,1059.293536
ATSC0Z,397.6923076923078
ATSC0c,1.4832785206090893
ATSC0d,30.3076923076923
ATSC0i,73.83890419651581
ATSC0m,1884.0879756923077
ATSC0p,11.770826733433228
ATSC0s,96.01869658119656
ATSC0v,2557.0628779478284
ATSC1Z,12.319526627218952
ATSC1c,-0.8472918874173132
ATSC1d,10.295857988165679
ATSC1i,-6.921897744672654
ATSC1m,59.715033857988196
ATSC1p,-0.36331540604066
ATSC1s,-5.819095167652858
ATSC1v,30.772735544227547
ATSC2Z,36.402366863905314
ATSC2c,0.09925030092708045
ATSC2d,0.8284023668639033
ATSC2i,11.769767486455585
ATSC2m,168.19351986390535
ATSC2p,1.4718904525079306
ATSC2s,30.12699293228139
ATSC2v,220.14236196547589
ATSC3Z,-4.349112426035507
ATSC3c,-0.2283821335136627
ATSC3d,-0.34319526627219
ATSC3i,-38.38664640803888
ATSC3m,-34.22158250295849
ATSC3p,-4.968181841638523
ATSC3s,3.385262573964495
ATSC3v,-674.5095780666708
ATSC4Z,185.0828402366864
ATSC4c,0.38389229261639485
ATSC4d,-4.4674556213017755
ATSC4i,16.136323373411116
ATSC4m,868.4292683905326
ATSC4p,1.8032426666208985
ATSC4s,25.94128040762656
ATSC4v,775.8423864789075
ATSC5Z,-117.79881656804734
ATSC5c,0.04918611054461658
ATSC5d,-6.355029585798816
ATSC5i,-38.34658892453314
ATSC5m,-573.0437517988163
ATSC5p,-5.406172413625265
ATSC5s,-12.811369986850753
ATSC5v,-1177.3869018303417
ATSC6Z,-45.49704142011832
ATSC6c,-0.513927310380568
ATSC6d,0.18934911242603647
ATSC6i,24.151379840105754
ATSC6m,-192.02559595858
ATSC6p,3.492281315558755
ATSC6s,-45.13512902695595
ATSC6v,528.0826674380158
ATSC7Z,-72.89940828402362
ATSC7c,0.6161043835374166
ATSC7d,-10.8698224852071
ATSC7i,-3.3255910678575935
ATSC7m,-345.7002185917159
ATSC7p,-1.1444671822974024
ATSC7s,-21.229803583168962
ATSC7v,-419.20562917708924
ATSC8Z,-131.9644970414201
ATSC8c,-0.39169786184163147
ATSC8d,-10.804733727810651
ATSC8i,-10.117903171559213
ATSC8m,-618.4415678106509
ATSC8p,-2.2317519815977573
ATSC8s,-34.17176199868507
ATSC8v,-595.9365115494099
AXp-0d,0.717701691404225
AXp-1d,0.44841324993937187
AXp-2d,0.29750331901808535
AXp-3d,0.18000545947938668
AXp-4d,0.11880575176334368
AXp-5d,0.07731622405127438
AXp-6d,0.049539663558608844
AXp-7d,0.03298129900574093
GATS1Z,0.7919997850848912
GATS1c,1.5481105848547363
GATS1d,0.8569514946418502
GATS1i,1.2978110091040729
GATS1m,0.7981339230089717
GATS1p,1.160247200578063
GATS1s,0.6739058540924499
GATS1v,1.011475846871661
GATS2Z,0.8512942919461705
GATS2c,0.9154072785393265
GATS2d,1.2441543363214174
GATS2i,1.0193905993161103
GATS2m,0.8557426345978041
GATS2p,0.9843403590872777
GATS2s,0.4737783331157304
GATS2v,0.9501642172670101
GATS3Z,0.898200217011841
GATS3c,0.7847951174150476
GATS3d,1.0876253559489912
GATS3i,1.263034044337196
GATS3m,0.9076543305791719
GATS3p,1.2292541569404456
GATS3s,0.675748446970247
GATS3v,1.140816547075318
GATS4Z,0.8117404094132815
GATS4c,0.7581891391682065
GATS4d,1.1101417089678514
GATS4i,0.8962446030782463
GATS4m,0.8149027156397356
GATS4p,0.9153338554456627
GATS4s,0.8234103582628176
GATS4v,0.8811559346450174
GATS5Z,1.0784227567067528
GATS5c,0.9499223624583425
GATS5d,1.0486647539174576
GATS5i,1.182440832576342
GATS5m,1.0817409502121569
GATS5p,1.1683369914507957
GATS5s,1.133176800918973
GATS5v,1.1571997786406
GATS6Z,1.040025145067698
GATS6c,1.0453185152881201
GATS6d,0.9984263959390866
GATS6i,0.8382128552477922
GATS6m,1.0358682108317476
GATS6p,0.8459865329816374
GATS6s,1.2092436591431293
GATS6v,0.9067321908837662
GATS7Z,1.0407524755333581
GATS7c,0.8479699416985329
GATS7d,1.1804303356314876
GATS7i,0.9977369327398561
GATS7m,1.041319873191267
GATS7p,1.0347911865152322
GATS7s,1.1148132005441482
GATS7v,1.0521631363439075
GATS8Z,1.128699226305609
GATS8c,1.1510216677859695
GATS8d,1.1568845177664977
GATS8i,1.0141742902911344
GATS8m,1.1249926345841992
GATS8p,1.042529052363327
GATS8s,1.3478277801576664
GATS8v,1.054119827994082
MATS1Z,0.029830217064259652
MATS1c,-0.5500724881169411
MATS1d,0.3271291596164693
MATS1i,-0.0902712632868562
MATS1m,0.030520531248649552
MATS1p,-0.029722574957057542
MATS1s,-0.05835918757413969
MATS1v,0.011588688277359462
MATS2Z,0.05063582863492322
MATS2c,0.03701558475134054
MATS2d,0.015120423371854378
MATS2i,0.08817757083643894
MATS2m,0.04938369383749829
MATS2p,0.06917417867407866
MATS2s,0.17357032206852444
MATS2v,0.04762529781239475
MATS3Z,-0.004623295749398504
MATS3c,-0.06509350397830282
MATS3d,-0.004787255994387366
MATS3i,-0.21978252652938862
MATS3m,-0.0076788669543117
MATS3p,-0.1784385758649318
MATS3s,0.014905096282349156
MATS3v,-0.11151799326793554
MATS4Z,0.16805824199441213
MATS4c,0.09346037875393248
MATS4d,-0.05322899041173155
MATS4i,0.07891511562946021
MATS4m,0.16644629235780908
MATS4p,0.055320749994296
MATS4s,0.09756104722501936
MATS4v,0.10956527844686445
MATS5Z,-0.1116138255823732
MATS5c,0.012495223566876884
MATS5d,-0.0790112557934231
MATS5i,-0.19568870180468306
MATS5m,-0.11460692518032699
MATS5p,-0.17306417738082694
MATS5s,-0.05027638283535884
MATS5v,-0.17350102701751183
MATS6Z,-0.03965957446808508
MATS6c,-0.12011329303510525
MATS6d,0.002165820642978015
MATS6i,0.11338844252465304
MATS6m,-0.03533214697216054
MATS6p,0.10285237818413791
MATS6s,-0.16295622921847563
MATS6v,0.07159333453391675
MATS7Z,-0.07113369323594786
MATS7c,0.16118704602126668
MATS7d,-0.1391772103947269
MATS7i,-0.017477614153704645
MATS7m,-0.07120279167606912
MATS7p,-0.03773070517373907
MATS7s,-0.08580028197178305
MATS7v,-0.06361861991168902
MATS8Z,-0.12687450221868238
MATS8c,-0.10097013301735322
MATS8d,-0.13630934607345482
MATS8i,-0.05239257107457115
MATS8m,-0.12550526060828013
MATS8p,-0.07249422266293352
MATS8s,-0.13607426647716284
MATS8v,-0.08910929798027892
MAXaaN,3.9614143510640765
MAXsOH,9.679158685405945
MAXssO,5.370516544510433
MINaaN,3.9614143510640765
MINsOH,9.679158685405945
MINssO,5.293284872607772
NddssS,0
NdssSe,0
NdsssP,0
NsAsH2,0
NsGeH3,0
NsPbH3,0
NsSiH3,0
NsSnH3,0
NssAsH,0
NssCH2,4
NssNH2,0
NsssAs,0
NsssCH,2
NsssNH,0
NssssB,0
NssssC,0
NssssN,0
Radius,7
SM1_Dt,0.0
SddssS,0
SdssSe,0
SdsssP,0
SpAD_A,35.51007956151508
SpAD_D,314.5138659088033
SsAsH2,0
SsGeH3,0
SsPbH3,0
SsSiH3,0
SsSnH3,0
SssAsH,0
SssCH2,1.8329960870263617
SssNH2,0
SsssAs,0
SsssCH,0.48766248320315775
SsssNH,0
SssssB,0
SssssC,0
SssssN,0
TMPC10,737
TMWC10,133.6941143718743
TSRW10,76.64003195783327
VE1_Dt,5.210748749601818
VE2_Dt,0.18609816962863635
VE3_Dt,2.6803429765556652
VR1_Dt,169.31515450568895
VR2_Dt,6.046969803774606
VR3_Dt,6.161381215047175
Xc-3dv,1.0668990258187023
Xc-4dv,0.0
Xc-5dv,0.07872263988978961
Xc-6dv,0.0
Xch-3d,0.0
Xch-4d,0.0
Xch-5d,0.11785113019775792
Xch-6d,0.3089923432488318
Xch-7d,0.3944572179148025
Xp-0dv,15.974649631118568
Xp-1dv,9.283352447162157
Xp-2dv,7.290049530524738
Xp-3dv,4.627763349542756
Xp-4dv,3.4704081227393875
Xp-5dv,2.1470064195901526
Xp-6dv,1.2869345997318797
Xp-7dv,0.8147670072954702
Xpc-4d,3.8450515124450972
Xpc-5d,6.418968871865116
Xpc-6d,9.279290500391953
n3Ring,0
n4Ring,0
n5Ring,1
n6Ring,2
n7Ring,0
n8Ring,0
n9Ring,0
nARing,1
nBonds,54
nFRing,1
nHBAcc,5
nHBDon,2
nHRing,2
nSpiro,0
naRing,2
piPC10,6.171374343778449
AATS0dv,7.923076923076923
AATS0pe,6.353148076923076
AATS0se,7.822227384615383
AATS1dv,7.166666666666667
AATS1pe,6.548805555555555
AATS1se,7.831996444444444
AATS2dv,5.9787234042553195
AATS2pe,6.424237234042554
AATS2se,7.814788808510638
AATS3dv,4.317073170731708
AATS3pe,6.136207317073171
AATS3se,7.576483674796746
AATS4dv,3.7777777777777777
AATS4pe,6.126096527777778
AATS4se,7.645889333333333
AATS5dv,3.1956521739130435
AATS5pe,6.239193478260869
AATS5se,7.736796289855072
AATS6dv,2.3933333333333335
AATS6pe,6.076179999999999
AATS6se,7.63641624
AATS7dv,3.1194029850746268
AATS7pe,6.209047014925374
AATS7se,7.713783820895523
AATS8dv,3.0441176470588234
AATS8pe,6.262669852941175
AATS8se,7.788923058823529
AATSC0Z,7.647928994082842
AATSC0c,0.028524586934790177
AATSC0d,0.5828402366863904
AATSC0i,1.4199789268560734
AATSC0m,36.232461071005915
AATSC0p,0.22636205256602362
AATSC0s,1.8465133957922417
AATSC0v,49.17428611438132
AATSC1Z,0.22813938198553615
AATSC1c,-0.015690590507728024
AATSC1d,0.19066403681788294
AATSC1i,-0.12818329156801211
AATSC1m,1.1058339603331147
AATSC1p,-0.006728063074827036
AATSC1s,-0.10776102162320107
AATSC1v,0.5698654730412509
AATSC2Z,0.3872592219564395
AATSC2c,0.001055854265181707
AATSC2d,0.008812791136850035
AATSC2i,0.12521029240910198
AATSC2m,1.7892927645096315
AATSC2p,0.015658409069233305
AATSC2s,0.32049992481150413
AATSC2v,2.341940020909318
AATSC3Z,-0.03535863761004478
AATSC3c,-0.001856765313119209
AATSC3d,-0.002790205416847073
AATSC3i,-0.3120865561629177
AATSC3m,-0.27822424799153245
AATSC3p,-0.04039172228974409
AATSC3s,0.027522459950930854
AATSC3v,-5.483817707859112
AATSC4Z,1.2852975016436554
AATSC4c,0.0026659186987249644
AATSC4d,-0.03102399737015122
AATSC4i,0.11205780120424386
AATSC4m,6.030758808267588
AATSC4p,0.012522518518200684
AATSC4s,0.18014778060851777
AATSC4v,5.387794350547969
AATSC5Z,-0.8536146128119373
AATSC5c,0.00035642109090301867
AATSC5d,-0.04605093902752765
AATSC5i,-0.277873832786472
AATSC5m,-4.152490955063886
AATSC5p,-0.039175162417574384
AATSC5s,-0.09283601439746922
AATSC5v,-8.531789143698129
AATSC6Z,-0.3033136094674555
AATSC6c,-0.003426182069203787
AATSC6d,0.0012623274161735764
AATSC6i,0.16100919893403837
AATSC6m,-1.2801706397238666
AATSC6p,0.023281875437058366
AATSC6s,-0.30090086017970635
AATSC6v,3.520551116253439
AATSC7Z,-0.5440254349554001
AATSC7c,0.004597793906995646
AATSC7d,-0.08111807824781418
AATSC7i,-0.02481784378998204
AATSC7m,-2.5798523775501185
AATSC7p,-0.008540799867891063
AATSC7s,-0.15843137002364896
AATSC7v,-3.128400217739472
AATSC8Z,-0.9703271841280889
AATSC8c,-0.00288013133707082
AATSC8d,-0.0794465715280195
AATSC8i,-0.07439634684970009
AATSC8m,-4.547364469195962
AATSC8p,-0.01640994104115998
AATSC8s,-0.2512629558726843
AATSC8v,-4.381886114333897
ATS0are,327.5097999999999
ATS1are,346.154
ATS2are,594.6610000000001
ATS3are,742.3679999999999
ATS4are,873.0229
ATS5are,851.1919999999999
ATS6are,902.99
ATS7are,822.568
ATS8are,843.44
ATSC0dv,219.69230769230768
ATSC0pe,7.2110673076923035
ATSC0se,5.0346889230769225
ATSC1dv,67.47337278106508
ATSC1pe,-0.24001797337278127
ATSC1se,-0.3427061893491143
ATSC2dv,63.47928994082839
ATSC2pe,1.4257514053254443
ATSC2se,1.2664231005917133
ATSC3dv,70.49704142011834
ATSC3pe,0.41860040680473276
ATSC3se,-0.02436756804733202
ATSC4dv,74.62130177514793
ATSC4pe,3.2549943786982225
ATSC4se,1.8823992899408315
ATSC5dv,-56.33727810650886
ATSC5pe,-0.33758631656804616
ATSC5se,0.11365047337278068
ATSC6dv,-95.8816568047337
ATSC6pe,-3.0062230029585795
ATSC6se,-2.1515766627218897
ATSC7dv,-92.20710059171597
ATSC7pe,-0.7693638313609452
ATSC7se,-0.4187074556213013
ATSC8dv,-129.19526627218931
ATSC8pe,-2.881851035502957
ATSC8se,-2.0028019526627245
AXp-0dv,0.5705232011113774
AXp-1dv,0.3094450815720719
AXp-2dv,0.17780608611035945
AXp-3dv,0.0889954490296684
AXp-4dv,0.051035413569696875
AXp-5dv,0.02752572332807888
AXp-6dv,0.015888081478171355
AXp-7dv,0.009052966747727447
BertzCT,851.3744888211266
ECIndex,616
ETA_eta,26.254295656918835
GATS1dv,0.4986772486772488
GATS1pe,0.7493731960858482
GATS1se,0.80531891526365
GATS2dv,0.770516717325228
GATS2pe,0.7495831685116903
GATS2se,0.7315338353856958
GATS3dv,0.7115272938443671
GATS3pe,0.6921467877364738
GATS3se,0.6827951581587063
GATS4dv,0.8229786706349207
GATS4pe,0.7502899967242305
GATS4se,0.7447194468786673
GATS5dv,1.0244565217391304
GATS5pe,0.9849992170502966
GATS5se,0.9685180046009996
GATS6dv,1.119702380952381
GATS6pe,1.1118971239454312
GATS6se,1.085863941849833
GATS7dv,1.1321295309168442
GATS7pe,1.0029252617638682
GATS7se,1.0007293137717055
GATS8dv,1.2853203781512605
GATS8pe,1.230850215547416
GATS8se,1.2578008982787048
LogEE_A,4.247766452035398
LogEE_D,157.25693295440163
MATS1dv,0.29575163398692805
MATS1pe,-0.032051901464969834
MATS1se,-0.06554791617983091
MATS2dv,0.15984266046844264
MATS2pe,0.109375423875211
MATS2se,0.1391495069272805
MATS3dv,0.1356607683723896
MATS3pe,0.0245413432051544
MATS3se,-0.002046151458897899
MATS4dv,0.12265600684718332
MATS4pe,0.16300147905959483
MATS4se,0.135014359284361
MATS5dv,-0.09662850647505376
MATS5pe,-0.017640445262713633
MATS5se,0.008505950756405306
MATS6dv,-0.151297852474323
MATS6pe,-0.14452192209891052
MATS6se,-0.14814816191021948
MATS7dv,-0.16287261173125966
MATS7pe,-0.041402900014343165
MATS7se,-0.03227279633828918
MATS8dv,-0.22485170538803753
MATS8pe,-0.15280459499824578
MATS8se,-0.15210020497682916
MAXaaCH,1.7710619803476946
MAXaasC,0.6787284790459395
MAXdssC,-0.1888881015369106
MAXsCH3,2.104850298143949
MAXssNH,2.9433727796674223
MDEC-11,0.4999999999999999
MDEC-12,3.2864238185692565
MDEC-13,3.712192764358249
MDEC-22,9.494512836663878
MDEC-23,21.400983172569873
MDEC-33,10.111553722591045
MDEN-22,0.25
MDEO-11,0.5503212081491045
MDEO-12,1.0441610774680714
MDEO-22,0.4999999999999999
MINaaCH,1.5209874621463726
MINaasC,0.14105743235974155
MINdssC,-1.0416273632705806
MINsCH3,2.104850298143949
MINssNH,2.9433727796674223
NddssSe,0
NssGeH2,0
NssPbH2,0
NssSiH2,0
NssSnH2,0
NsssGeH,0
NsssPbH,0
NsssSiH,0
NsssSnH,0
NsssdAs,0
NssssBe,0
NssssGe,0
NssssPb,0
NssssSi,0
NssssSn,0
NsssssP,0
SM1_DzZ,1.5357142857142858
SM1_Dzi,1.3161701003068016
SM1_Dzm,1.5313282524578438
SM1_Dzp,-6.447834958059397
SM1_Dzv,-2.633621646776986
SddssSe,0
SpAD_Dt,535.152442651444
SpAbs_A,35.51007956151508
SpAbs_D,314.51386590880344
SpMAD_A,1.268217127196967
SpMAD_D,11.232638068171548
SpMax_A,2.4569555084010752
SpMax_D,157.25693295440163
SssGeH2,0
SssPbH2,0
SssSiH2,0
SssSnH2,0
SsssGeH,0
SsssPbH,0
SsssSiH,0
SsssSnH,0
SsssdAs,0
SssssBe,0
SssssGe,0
SssssPb,0
SssssSi,0
SssssSn,0
SsssssP,0
TopoPSA,97.75000000000001
TpiPC10,7.892860533106631
VAdjMat,5.906890595608519
VE1_DzZ,5.225654932870376
VE1_Dzi,5.22488389297505
VE1_Dzm,5.225646852554862
VE1_Dzp,5.204648428285874
VE1_Dzv,5.217355868496012
VE2_DzZ,0.18663053331679916
VE2_Dzi,0.18660299617768034
VE2_Dzm,0.1866302447341022
VE2_Dzp,0.18588030101020978
VE2_Dzv,0.18633413816057187
VE3_DzZ,2.6831995531807786
VE3_Dzi,2.6830519933449515
VE3_Dzm,2.6831980069015344
VE3_Dzp,2.6791715719689138
VE3_Dzv,2.6816101521393922
VR1_DzZ,168.84533690394161
VR1_Dzi,169.06510420209415
VR1_Dzm,168.846815536665
VR1_Dzp,171.5280335513285
VR1_Dzv,170.0278896126455
VR2_DzZ,6.0301906037122
VR2_Dzi,6.038039435789076
VR2_Dzm,6.03024341202375
VR2_Dzp,6.126001198261732
VR2_Dzv,6.072424629023054
VR3_DzZ,6.158602546835065
VR3_Dzi,6.159903289886504
VR3_Dzm,6.15861130411718
VR3_Dzp,6.17436613136956
VR3_Dzv,6.165581897320591
Xch-3dv,0.0
Xch-4dv,0.0
Xch-5dv,0.02946278254943948
Xch-6dv,0.07742026979404502
Xch-7dv,0.08763849476157623
Xpc-4dv,1.5364403186117215
Xpc-5dv,2.255777816245646
Xpc-6dv,2.556952121797758
Zagreb1,142.0
Zagreb2,164.0
fragCpx,144.07
n10Ring,0
n11Ring,0
n12Ring,0
n3ARing,0
n3HRing,0
n3aRing,0
n4ARing,0
n4FRing,0
n4HRing,0
n4aRing,0
n5ARing,1
n5FRing,0
n5HRing,1
n5aRing,0
n6ARing,0
n6FRing,0
n6HRing,1
n6aRing,2
n7ARing,0
n7FRing,0
n7HRing,0
n7aRing,0
n8ARing,0
n8FRing,0
n8HRing,0
n8aRing,0
n9ARing,0
n9FRing,1
n9HRing,0
n9aRing,0
nAHRing,1
nBondsA,12
nBondsD,2
nBondsM,14
nBondsO,30
nBondsS,40
nBondsT,0
nFARing,1
nFHRing,1
nFaRing,0
nHetero,7
naHRing,1
AATS0are,6.298265384615383
AATS1are,6.410259259259259
AATS2are,6.32618085106383
AATS3are,6.03551219512195
AATS4are,6.062659027777778
AATS5are,6.168057971014492
AATS6are,6.019933333333333
AATS7are,6.138567164179104
AATS8are,6.201764705882353
AATSC0dv,4.224852071005917
AATSC0pe,0.13867437130177507
AATSC0se,0.09682094082840235
AATSC1dv,1.249506903353057
AATSC1pe,-0.004444777284681135
AATSC1se,-0.006346410913872487
AATSC2dv,0.6753115951151956
AATSC2pe,0.015167568141760046
AATSC2se,0.013472586176507588
AATSC3dv,0.5731466782123442
AATSC3pe,0.003403255339875876
AATSC3se,-0.0001981103093279026
AATSC4dv,0.5182034845496384
AATSC4pe,0.02260412762984877
AATSC4se,0.013072217291255774
AATSC5dv,-0.40824114569933956
AATSC5pe,-0.0024462776562901895
AATSC5se,0.0008235541548752223
AATSC6dv,-0.6392110453648913
AATSC6pe,-0.02004148668639053
AATSC6se,-0.01434384441814593
AATSC7dv,-0.688112690982955
AATSC7pe,-0.005741521129559292
AATSC7se,-0.003124682504636577
AATSC8dv,-0.9499651931778627
AATSC8pe,-0.021190081143404097
AATSC8se,-0.014726484946049445
AETA_eta,0.9376534163185298
ATSC0are,7.788192307692306
ATSC1are,-0.3741573964497047
ATSC2are,1.6705177514792897
ATSC3are,0.3001797337278107
ATSC4are,3.309248224852071
ATSC5are,-0.1667757396449699
ATSC6are,-3.4028855029585783
ATSC7are,-0.6433263313609467
ATSC8are,-3.106414497041419
BCUTZ-1h,8.029610276141105
BCUTZ-1l,5.686508878418431
BCUTc-1h,0.495618524339816
BCUTc-1l,-0.4863291061203521
BCUTd-1h,3.2718037208139497
BCUTd-1l,0.9726692573054128
BCUTi-1h,14.548027795911358
BCUTi-1l,10.947043917389252
BCUTm-1h,16.01529060469652
BCUTm-1l,11.698304835327686
BCUTp-1h,1.9942200181378649
BCUTp-1l,0.7414700746932993
BCUTs-1h,7.009375304754402
BCUTs-1l,1.2081776685924752
BCUTv-1h,20.899520778432382
BCUTv-1l,14.700526040037635
BalabanJ,1.5715248640701613
Diameter,13
ETA_beta,32.75
GATS1are,0.7716471131786723
GATS2are,0.7461698597198685
GATS3are,0.6855349531504432
GATS4are,0.7505142050177867
GATS5are,0.9768015705964285
GATS6are,1.11144687470678
GATS7are,0.9933297712668304
GATS8are,1.238511886830656
HybRatio,0.38095238095238093
Lipinski,True
LogEE_Dt,267.576221325722
MATS1are,-0.04626230335168429
MATS2are,0.11865605861237548
MATS3are,0.016294571098091567
MATS4are,0.15343821213024103
MATS5are,-0.0080690139440855
MATS6are,-0.15146864994510095
MATS7are,-0.03205480992856875
MATS8are,-0.15250608517767208
MAXssCH2,0.8480363441672963
MAXsssCH,0.40516909695977144
MINssCH2,0.02347007291701475
MINsssCH,0.08249338624338631
NsssssAs,0
RotRatio,0.26666666666666666
SM1_Dzpe,1.6159730722154224
SM1_Dzse,1.5229999873188609
SMR_VSA1,24.169327670584448
SMR_VSA2,0.0
SMR_VSA3,10.30076712495354
SMR_VSA4,11.835812092322787
SMR_VSA5,26.689117645233267
SMR_VSA6,13.337698712012402
SMR_VSA7,53.34950989216358
SMR_VSA8,0.0
SMR_VSA9,11.49902366656781
SpAD_DzZ,265.30508723035354
SpAD_Dzi,262.49405084922284
SpAD_Dzm,265.3430636129334
SpAD_Dzp,334.96669192618754
SpAD_Dzv,306.34614045454174
SpAbs_Dt,535.1524426514438
SpDiam_A,4.8581318817330175
SpDiam_D,229.683900870628
SpMAD_Dt,19.11258723755157
SpMax_Dt,267.576221325722
SsssssAs,0
VE1_Dzpe,5.22577731834576
VE1_Dzse,5.225634533432281
VE2_Dzpe,0.18663490422663429
VE2_Dzse,0.1866298047654386
VE3_Dzpe,2.683222973028403
VE3_Dzse,2.683195649463795
VMcGowan,289.08000000000067
VR1_Dzpe,168.83416437413933
VR1_Dzse,168.84754021342073
VR2_Dzpe,6.029791584790691
VR2_Dzse,6.030269293336454
VR3_Dzpe,6.158536374445187
VR3_Dzse,6.158615596026378
mZagreb1,9.5
mZagreb2,6.2222222222222205
n10ARing,0
n10FRing,0
n10HRing,0
n10aRing,0
n11ARing,0
n11FRing,0
n11HRing,0
n11aRing,0
n12ARing,0
n12FRing,0
n12HRing,0
n12aRing,0
n3AHRing,0
n3aHRing,0
n4AHRing,0
n4FARing,0
n4FHRing,0
n4FaRing,0
n4aHRing,0
n5AHRing,1
n5FARing,0
n5FHRing,0
n5FaRing,0
n5aHRing,0
n6AHRing,0
n6FARing,0
n6FHRing,0
n6FaRing,0
n6aHRing,1
n7AHRing,0
n7FARing,0
n7FHRing,0
n7FaRing,0
n7aHRing,0
n8AHRing,0
n8FARing,0
n8FHRing,0
n8FaRing,0
n8aHRing,0
n9AHRing,0
n9FARing,1
n9FHRing,1
n9FaRing,0
n9aHRing,0
nBondsKD,8
nBondsKS,46
nFAHRing,1
nFaHRing,0
nG12Ring,0
AATSC0are,0.14977292899408282
AATSC1are,-0.006928840674994531
AATSC2are,0.01777146544126904
AATSC3are,0.002440485640063502
AATSC4are,0.022980890450361603
AATSC5are,-0.0012085198524997818
AATSC6are,-0.022685903353057188
AATSC7are,-0.004800942771350349
AATSC8are,-0.022841283066481022
AETA_beta,1.1696428571428572
BCUTdv-1h,6.023738482699238
BCUTdv-1l,0.9889093798987388
BCUTpe-1h,3.5017226094091467
BCUTpe-1l,2.2348430837926423
BCUTse-1h,3.714624514904122
BCUTse-1l,2.430895448511723
ETA_alpha,12.966666666666669
ETA_dBeta,-2.75
ETA_eta_B,0.46181606419193955
ETA_eta_F,25.52785942798789
ETA_eta_L,7.029667953237109
ETA_eta_R,51.78215508490673
ETA_psi_1,0.5350756533700142
LabuteASA,163.2459658918497
LogEE_DzZ,132.70739055395228
LogEE_Dzi,131.2894127319072
LogEE_Dzm,132.72622210119735
LogEE_Dzp,166.74750773989413
LogEE_Dzv,152.8908964794019
PEOE_VSA1,19.897041906447136
PEOE_VSA2,9.77851570501903
PEOE_VSA3,4.794537184071822
PEOE_VSA4,0.0
PEOE_VSA5,0.0
PEOE_VSA6,19.913841467842857
PEOE_VSA7,48.44000803525663
PEOE_VSA8,18.93844354913873
PEOE_VSA9,5.563451491696996
SM1_Dzare,1.7999069334574216
SpAD_Dzpe,264.05234169366787
SpAD_Dzse,265.4889859105804
SpAbs_DzZ,263.9311220454837
SpAbs_Dzi,261.3659050489598
SpAbs_Dzm,263.9729858613862
SpAbs_Dzp,339.9428504378478
SpAbs_Dzv,308.41541460558085
SpDiam_Dt,381.23737206500937
SpMAD_DzZ,9.47518168679834
SpMAD_Dzi,9.374787530329387
SpMAD_Dzm,9.476537986176194
SpMAD_Dzp,11.963096140220983
SpMAD_Dzv,10.940933587662204
SpMax_DzZ,132.70739055395228
SpMax_Dzi,131.2894127319072
SpMax_Dzm,132.72622210119735
SpMax_Dzp,166.74750773989413
SpMax_Dzv,152.8908964794019
VE1_Dzare,5.226082295617575
VE2_Dzare,0.18664579627205624
VE3_Dzare,2.6832813314991757
VR1_Dzare,168.78542123501546
VR2_Dzare,6.02805075839341
VR3_Dzare,6.158247628522022
n10AHRing,0
n10FARing,0
n10FHRing,0
n10FaRing,0
n10aHRing,0
n11AHRing,0
n11FARing,0
n11FHRing,0
n11FaRing,0
n11aHRing,0
n12AHRing,0
n12FARing,0
n12FHRing,0
n12FaRing,0
n12aHRing,0
n4FAHRing,0
n4FaHRing,0
n5FAHRing,0
n5FaHRing,0
n6FAHRing,0
n6FaHRing,0
n7FAHRing,0
n7FaHRing,0
n8FAHRing,0
n8FaHRing,0
n9FAHRing,1
n9FaHRing,0
nAromAtom,12
nAromBond,12
nG12ARing,0
nG12FRing,0
nG12HRing,0
nG12aRing,0
AETA_alpha,0.46309523809523817
AETA_dBeta,-0.09821428571428571
AETA_eta_B,0.016493430863997842
AETA_eta_F,0.9117092652852818
AETA_eta_L,0.25105956975846816
AETA_eta_R,1.8493626816038116
BCUTare-1h,3.5556356196789864
BCUTare-1l,2.185141772215256
ETA_beta_s,17.75
ETA_dPsi_A,0.1789243466299858
ETA_dPsi_B,0.0
ETA_eta_BR,0.7198160641919396
ETA_eta_FL,6.422729544944048
ETA_eta_RL,13.452397498181156
LogEE_Dzpe,132.08388417084163
LogEE_Dzse,132.79888581198017
PEOE_VSA10,5.563451491696996
PEOE_VSA11,11.49902366656781
PEOE_VSA12,6.792942306099827
PEOE_VSA13,5.907179729351506
SlogP_VSA1,14.790514511606428
SlogP_VSA2,35.304689645103664
SlogP_VSA3,6.4208216229260096
SlogP_VSA4,11.835812092322787
SlogP_VSA5,46.54772486554189
SlogP_VSA6,36.6591554170726
SlogP_VSA7,0.0
SlogP_VSA8,0.0
SlogP_VSA9,0.0
SpAD_Dzare,262.0120815932552
SpAbs_Dzpe,262.6137731106172
SpAbs_Dzse,264.1254869717644
SpDiam_DzZ,196.77028594737885
SpDiam_Dzi,193.80972504906674
SpDiam_Dzm,196.7966393892537
SpDiam_Dzp,244.83028638354352
SpDiam_Dzv,226.50200244099025
SpMAD_Dzpe,9.430440774773853
SpMAD_Dzse,9.481749496806444
SpMax_Dzpe,132.08388417084163
SpMax_Dzse,132.79888581198017
n10FAHRing,0
n10FaHRing,0
n11FAHRing,0
n11FaHRing,0
n12FAHRing,0
n12FaHRing,0
nG12AHRing,0
nG12FARing,0
nG12FHRing,0
nG12FaRing,0
nG12aHRing,0
nHeavyAtom,28
AETA_beta_s,0.6339285714285714
AETA_eta_BR,0.025707716578283555
AETA_eta_FL,0.22938319803371598
AETA_eta_RL,0.48044276779218414
DetourIndex,3616
EState_VSA1,5.969305287951849
EState_VSA2,29.930991406593627
EState_VSA3,35.75989889167787
EState_VSA4,6.4208216229260096
EState_VSA5,6.196843571613076
EState_VSA6,30.462311845459517
EState_VSA7,0.0
EState_VSA8,24.148241524334786
EState_VSA9,9.473725907600098
ETA_beta_ns,15.0
ETA_shape_p,0.1542416452442159
ETA_shape_x,0.0
ETA_shape_y,0.3470437017994858
GhoseFilter,True
LogEE_Dzare,131.07032318710822
SlogP_VSA10,0.0
SlogP_VSA11,11.49902366656781
SpAbs_Dzare,260.41725307409456
SpDiam_Dzpe,195.78108997937684
SpDiam_Dzse,196.91386199275553
SpMAD_Dzare,9.357574342616257
SpMax_Dzare,131.07032318710822
TopoPSA(NO),97.75000000000001
VSA_EState1,0.0
VSA_EState2,0.0
VSA_EState3,0.0
VSA_EState4,0.0
VSA_EState5,0.0
VSA_EState6,0.0
VSA_EState7,0.0
VSA_EState8,0.0
VSA_EState9,68.83333333333334
nBridgehead,0
nG12FAHRing,0
nG12FaHRing,0
AETA_beta_ns,0.5357142857142857
EState_VSA10,14.69560176298435
ETA_dAlpha_A,0.0
ETA_dAlpha_B,0.036904761904761836
FilterItLogS,-4.781763354322577
SpDiam_Dzare,194.27086974626107
ETA_beta_ns_d,0.0
ETA_epsilon_1,0.6044871794871796
ETA_epsilon_2,0.86547619047619
ETA_epsilon_3,0.43999999999999984
ETA_epsilon_4,0.5553763440860212
ETA_epsilon_5,0.8277777777777774
AETA_beta_ns_d,0.0
ETA_dEpsilon_A,0.16448717948717972
ETA_dEpsilon_B,0.04911083540115835
ETA_dEpsilon_C,-0.11537634408602138
ETA_dEpsilon_D,0.037698412698412564
PetitjeanIndex,0.46153846153846156
TopoShapeIndex,0.8571428571428571
CDK Descriptors
FMFDescriptor,0.7142857142857143
MDEDescriptor,"0.4999999999999999,3.2864238185692565,3.712192764358249,0.0,9.494512836663878,21.400983172569873,0.0,10.111553722591045,0.0,0.0,0.5503212081491045,1.0441610774680714,0.4999999999999999,0.0,0.0,0.0,0.25,0.0,0.0"
APolDescriptor,59.17303199999997
BCUTDescriptor,"11.996648123836563,15.999759066944545,-0.33797579627145063,0.29368531621589494,4.57874395355708,10.781866258166023"
BPolDescriptor,33.964968
TPSADescriptor,97.75000000000001
ALOGPDescriptor,"1.6160999999999972,2.611779209999991,101.4025"
XLogPDescriptor,3.4480000000000004
VAdjMaDescriptor,5.906890595608519
WeightDescriptor,384.1685220599999
ChiPathDescriptor,"20.0956473593183,13.452397498181156,12.1976360797415,9.3602838929281,8.07879111990737,6.030665475999404,4.012712748247318,2.9683169105166844,15.974649631118568,9.283352447162157,7.290049530524737,4.6277633495427555,3.470408122739389,2.1470064195901553,1.2869345997318795,0.81476700729547"
ChiChainDescriptor,"0.0,0.0,0.11785113019775793,0.3089923432488318,0.3944572179148025,0.0,0.0,0.029462782549439483,0.07742026979404502,0.08763849476157623"
AtomCountDescriptor,52
BondCountDescriptor,30
SmallRingDescriptor,"3,2,2,2,0,0,1,2,0,0,0"
ChiClusterDescriptor,"1.9286019040237092,0.0,0.3979200997710532,0.0,1.0668990258187023,0.0,0.07872263988978963,0.0"
RuleOfFiveDescriptor,0
CarbonTypesDescriptor,"0,0,4,6,3,3,2,2,0"
ZagrebIndexDescriptor,142.0
LargestChainDescriptor,14
MannholdLogPDescriptor,3.0
WeightedPathDescriptor,"56.56495981180856,2.02017713613602,19.63732269676683,13.605054335823404,6.032268360943431"
FractionalPSADescriptor,0.25444562577860896
WienerNumbersDescriptor,"2134.0,41.0"
AminoAcidCountDescriptor,"0,0,0,0,0,0,0,0,0,0,0,0,0,0,0,0,0,0,0,0"
ChiPathClusterDescriptor,"3.8450515124450972,6.4189688718651166,8.34251282472758,1.536440318611722,2.255777816245648,2.35413829266853"
FractionalCSP3Descriptor,0.38095238095238093
KierHallSmartsDescriptor,"0,0,0,0,0,0,2,0,4,0,0,6,2,0,0,2,5,0,0,0,0,0,0,1,0,0,0,0,1,0,0,0,0,1,2,2,0,0,0,0,0,0,0,0,0,0,0,0,0,0,0,0,0,0,0,0,0,0,0,0,0,0,0,0,0,0,0,0,0,0,0,0,0,0,0,0,0,0,0"
BasicGroupCountDescriptor,0
HBondDonorCountDescriptor,2
LargestPiSystemDescriptor,11
PetitjeanNumberDescriptor,0.46153846153846156
AcidicGroupCountDescriptor,1
KappaShapeIndicesDescriptor,"22.68,10.85782272456871,6.25"
AromaticAtomsCountDescriptor,12
AromaticBondsCountDescriptor,12
FragmentComplexityDescriptor,2160.07
HBondAcceptorCountDescriptor,5
HybridizationRatioDescriptor,0.38095238095238093
AutocorrelationDescriptorMass,"32.59230578025769,32.98937157264973,46.09177124079824,45.98219532467344,48.94602949455709"
PetitjeanShapeIndexDescriptor,"0.8571428571428571,NaN"
RotatableBondsCountDescriptor,9
AutocorrelationDescriptorCharge,"0.7596879673711824,-0.4709666818354871,0.16253956813100565,-0.1982260327329615,0.22158417041052003"
EccentricConnectivityIndexDescriptor,616
AutocorrelationDescriptorPolarizability,"1727.4598213379031,1992.8201519975405,2694.1898998375523,2723.881347407913,2622.354103696286"
