DLiP-ID,C003E0
DLiP-Mol-ID,33894
Vendor-ID,
Standard Inchi(RDKit),"InChI=1S/C18H17NO2/c1-19-7-6-12-9-15-18(21-10-20-15)17-13-5-3-2-4-11(13)8-14(19)16(12)17/h2-5,9,14H,6-8,10H2,1H3/t14-/m1/s1"
Standard Inchi Key(RDKit),JCTYWRARKVGOBK-CQSZACIVSA-N
Canonical SMILES(RDKit),CN1CCc2cc3c(c4c2[C@H]1Cc1ccccc1-4)OCO3
SMILES(SDF),
MW(SDF),
MW(RDKit),279.339
MW Monoisotopic(RDKit),279.125928784
MolLogP(RDKit),3.1674
XLogP(SDF),
XLogP(CDK),2.997
ALogP(SDF),
Num H Acceptors(SDF),
nHAcceptors(SDF),
HBA(RDKit),3
HBA Lipinski(RDKit),3
Num H Donors(SDF),
nHDonors(SDF),
HBD(RDKit),0
HBD Lipinski(RDKit),0
PSA(SDF),
PSA(RDKit),21.7
RO3 Pass,
Num RO5 Violations,0
Num Lipinski RO5 Violations,0
nBonds(SDF),
nRigidBonds(SDF),
nRotatableBonds(SDF),
nRotatableBonds(RDKit),0
nRings(SDF),
nRings(RDKit),5
Aromatic Rings(RDKit),2
nAtoms(SDF),
Heavy Atoms(RDKit),21
QED Weighted(RDKit),0.739111496852469
Molecular Formula(SDF),
PPI Type(SDF),
PDB ID(SDF),
Receptor Chain(SDF),
Protein Name Receptor(SDF),
Peptide Chain(SDF),
Protein Name Peptide(SDF),
ELM ID(SDF),
Motif Sequence(SDF),
Physical Form Apperance(SDF),
Quantity of Sample mg(SDF),
Box Num(SDF),
Box Position(SDF),
fCsp3(SDF),
nCarbons(SDF),
nHetAtoms(SDF),
nHalide(SDF),
Year(SDF),
No(SDF),
Target Pref Name,Runt-related transcription factor 1/Core-binding factor subunit beta
Common Target Pref Name,Runt-related transcription factor 1/Core-binding factor subunit beta
RDKit Descriptors
Ipc,189981.413340032
qed,0.7391114968524692
Chi0,13.97432701575866
Chi1,10.326499840494925
TPSA,21.700000000000003
Chi0n,12.056238916311631
Chi0v,12.056238916311631
Chi1n,7.565969555541922
Chi1v,7.565969555541922
Chi2n,6.1658289055892315
Chi2v,6.1658289055892315
Chi3n,5.088256019702279
Chi3v,5.088256019702279
Chi4n,4.046277193395456
Chi4v,4.046277193395456
MolMR,80.78000000000004
MolWt,279.33900000000006
fr_SH,0
Kappa1,11.637051039697543
Kappa2,4.013888888888889
Kappa3,1.469387755102041
fr_ArN,0
fr_COO,0
fr_C_O,0
fr_C_S,0
fr_NH0,1
fr_NH1,0
fr_NH2,0
fr_N_O,0
fr_azo,0
BertzCT,753.1238129946599
MolLogP,3.1674000000000015
NOCount,3
fr_Ar_N,0
fr_COO2,0
fr_urea,0
BalabanJ,1.886845881821467
SMR_VSA1,9.473725907600098
SMR_VSA2,0.0
SMR_VSA3,4.899909730850478
SMR_VSA4,0.0
SMR_VSA5,18.88348407499998
SMR_VSA6,20.38537069468959
SMR_VSA7,47.02218981739904
SMR_VSA8,0.0
SMR_VSA9,22.6259266499618
fr_Al_OH,0
fr_Ar_NH,0
fr_Ar_OH,0
fr_HOCCN,0
fr_Imine,0
fr_amide,0
fr_azide,0
fr_diazo,0
fr_ester,0
fr_ether,2
fr_furan,0
fr_imide,0
fr_nitro,0
fr_oxime,0
fr_quatN,0
LabuteASA,123.64758068057012
NHOHCount,0
PEOE_VSA1,9.473725907600098
PEOE_VSA2,4.899909730850478
PEOE_VSA3,0.0
PEOE_VSA4,0.0
PEOE_VSA5,0.0
PEOE_VSA6,24.26546827384644
PEOE_VSA7,48.209488263778795
PEOE_VSA8,18.150048726757532
PEOE_VSA9,0.0
RingCount,5
SMR_VSA10,0.0
fr_Al_COO,0
fr_Ar_COO,0
fr_ketone,0
fr_lactam,0
fr_phenol,0
ExactMolWt,279.125928784
NumHDonors,0
PEOE_VSA10,0.0
PEOE_VSA11,11.49902366656781
PEOE_VSA12,6.792942306099827
PEOE_VSA13,0.0
PEOE_VSA14,0.0
SlogP_VSA1,9.473725907600098
SlogP_VSA2,25.285280425540073
SlogP_VSA3,12.841643245852019
SlogP_VSA4,0.0
SlogP_VSA5,22.732195304238946
SlogP_VSA6,30.33183534230805
SlogP_VSA7,0.0
SlogP_VSA8,11.126902983393991
SlogP_VSA9,0.0
fr_amidine,0
fr_aniline,0
fr_benzene,2
fr_epoxide,0
fr_guanido,0
fr_halogen,0
fr_hdrzine,0
fr_hdrzone,0
fr_isocyan,0
fr_lactone,0
fr_methoxy,0
fr_nitrile,0
fr_nitroso,0
fr_oxazole,0
fr_sulfide,0
fr_sulfone,0
EState_VSA1,0.0
EState_VSA2,0.0
EState_VSA3,12.834783135247788
EState_VSA4,30.885423318332403
EState_VSA5,27.817257458484978
EState_VSA6,0.0
EState_VSA7,0.0
EState_VSA8,42.279417055835715
EState_VSA9,9.473725907600098
SlogP_VSA10,0.0
SlogP_VSA11,11.49902366656781
SlogP_VSA12,0.0
VSA_EState1,0.0
VSA_EState2,0.0
VSA_EState3,0.0
VSA_EState4,0.0
VSA_EState5,0.0
VSA_EState6,0.0
VSA_EState7,0.0
VSA_EState8,0.0
VSA_EState9,40.0
fr_aldehyde,0
fr_barbitur,0
fr_bicyclic,4
fr_priamide,0
fr_pyridine,0
fr_thiazole,0
fr_thiocyan,0
EState_VSA10,0.0
EState_VSA11,0.0
FractionCSP3,0.3333333333333333
VSA_EState10,0.0
fr_C_O_noCOO,0
fr_Nhpyrrole,0
fr_imidazole,0
fr_phos_acid,0
fr_piperdine,0
fr_piperzine,0
fr_sulfonamd,0
fr_tetrazole,0
fr_thiophene,0
HallKierAlpha,-1.9999999999999996
NumHAcceptors,3
fr_morpholine,0
fr_nitro_arom,0
fr_phos_ester,0
HeavyAtomCount,21
HeavyAtomMolWt,262.2029999999999
MaxEStateIndex,5.8201426681783826
MinEStateIndex,0.3411701625094481
NumHeteroatoms,3
fr_aryl_methyl,0
fr_isothiocyan,0
fr_Al_OH_noTert,0
fr_alkyl_halide,0
fr_allylic_oxid,0
fr_prisulfonamd,0
FpDensityMorgan1,1.1428571428571428
FpDensityMorgan2,2.0476190476190474
FpDensityMorgan3,3.0
MaxPartialCharge,0.2308353985590921
MinPartialCharge,-0.45355922424653866
NumAromaticRings,2
fr_unbrch_alkane,0
MaxAbsEStateIndex,5.8201426681783826
MinAbsEStateIndex,0.3411701625094481
NumAliphaticRings,3
NumRotatableBonds,0
NumSaturatedRings,0
fr_Ndealkylation1,1
fr_Ndealkylation2,0
fr_benzodiazepine,0
fr_ketone_Topliss,0
fr_term_acetylene,0
fr_alkyl_carbamate,0
fr_dihydropyridine,0
MaxAbsPartialCharge,0.45355922424653866
MinAbsPartialCharge,0.2308353985590921
NumRadicalElectrons,0
NumValenceElectrons,106
fr_para_hydroxylation,0
NumAromaticCarbocycles,2
fr_nitro_arom_nonortho,0
fr_phenol_noOrthoHbond,0
NumAliphaticCarbocycles,1
NumAromaticHeterocycles,0
NumSaturatedCarbocycles,0
NumAliphaticHeterocycles,2
NumSaturatedHeterocycles,0
Mordred Descriptors
MW,279.12592878400045
MZ,0.649122807017544
Mi,1.1115650630043046
Mm,0.6120245038539233
Mp,0.6949177592184055
Mv,0.6524499501858655
SZ,24.66666666666667
Si,42.23947239416357
Sm,23.256931146449084
Sp,26.40687485029941
Sv,24.79309810706289
nB,0
nC,18
nF,0
nH,17
nI,0
nN,1
nO,2
nP,0
nS,0
nX,0
ABC,17.463538413245825
AMW,7.345419178526328
IC0,1.3914665048326016
IC1,3.1691454487148754
IC2,4.396229408796209
IC3,4.85964100022876
IC4,4.9122725791761255
IC5,4.9122725791761255
MID,45.00516005431237
Mpe,0.9620227038183691
Mse,0.9966075056541577
NdO,0
NdS,0
NsF,0
NsI,0
NtN,0
SMR,80.78000000000004
SdO,0
SdS,0
Spe,36.55686274509802
SsF,0
SsI,0
Sse,37.87108521485799
StN,0
fMF,0.5263157894736842
nBr,0
nCl,0
AMID,2.1431028597291606
BIC0,0.24914518309709852
BIC1,0.5674425653360539
BIC2,0.7871546869345225
BIC3,0.8701295665998224
BIC4,0.8795533682709293
BIC5,0.8795533682709293
CIC0,3.8564610086109834
CIC1,2.07878206472871
CIC2,0.8516981046473759
CIC3,0.3882865132148252
CIC4,0.33565493426745974
CIC5,0.33565493426745974
GGI1,3.0
GGI2,2.4444444444444455
GGI3,1.5
GGI4,2.007777777777778
GGI5,0.7777777777777778
GGI6,0.34122448979591835
GGI7,0.08333333333333333
GGI8,0.0
GGI9,0.0
JGI1,0.12
JGI2,0.06432748538011698
JGI3,0.03658536585365854
JGI4,0.051481481481481475
JGI5,0.022222222222222227
JGI6,0.01421768707482993
JGI7,0.010416666666666666
JGI8,0.0
JGI9,0.0
MIC0,12.167910920219127
MIC1,29.217533003787267
MIC2,36.35103630203697
MIC3,38.18626044935886
MIC4,38.23931308093782
MIC5,38.23931308093782
MPC2,38
MPC3,58
MPC4,88
MPC5,128
MPC6,160
MPC7,203
MPC8,248
MPC9,284
Mare,0.973368421052632
NaaN,0
NaaO,0
NaaS,0
NdNH,0
NdSe,0
NddC,0
NdsN,0
NsBr,0
NsCl,0
NsLi,0
NsOH,0
NsSH,0
NssO,2
NssS,0
NtCH,0
NtsC,0
RNCG,0.2853249794720112
RPCG,0.14521390335451678
SIC0,0.26514590784039793
SIC1,0.6038851414385
SIC2,0.8377077231982366
SIC3,0.9260114564806481
SIC4,0.9360404781873197
SIC5,0.9360404781873197
SaaN,0
SaaO,0
SaaS,0
Sare,36.988000000000014
SdNH,0
SdSe,0
SddC,0
SdsN,0
SsBr,0
SsCl,0
SsLi,0
SsOH,0
SsSH,0
SssO,11.492541099773241
SssS,0
StCH,0
StsC,0
TIC0,52.87572718363886
TIC1,120.42752705116527
TIC2,167.05671753425594
TIC3,184.66635800869287
TIC4,186.66635800869278
TIC5,186.66635800869278
Vabc,249.06035905271457
WPol,41
apol,44.09948099999998
bpol,22.236518999999994
nRot,0
ABCGG,13.389282767702126
ATS0Z,842.0
ATS0d,143.0
ATS0i,6008.041128447233
ATS0m,3322.1593169999996
ATS0p,60.25502738243301
ATS0s,99.72222222222223
ATS0v,8827.823613964149
ATS1Z,1068.0
ATS1d,191.0
ATS1i,5989.730013089298
ATS1m,4075.944860999999
ATS1p,79.99881327000001
ATS1s,114.6388888888889
ATS1v,11747.775861486203
ATS2Z,1675.0
ATS2d,330.0
ATS2i,11683.33376392844
ATS2m,6279.952505999998
ATS2p,129.32873489794298
ATS2s,202.36111111111114
ATS2v,18687.490324217233
ATS3Z,1863.0
ATS3d,389.0
ATS3i,14819.30513764219
ATS3m,6840.709832999999
ATS3p,160.707522969641
ATS3s,229.5277777777778
ATS3v,22210.779561912303
ATS4Z,1891.0
ATS4d,391.0
ATS4i,17641.293250514485
ATS4m,6805.213891
ATS4p,168.60488165843302
ATS4s,255.7777777777778
ATS4v,22641.518939852085
ATS5Z,1769.0
ATS5d,358.0
ATS5i,18986.676558530417
ATS5m,6311.765254999999
ATS5p,153.42962628462098
ATS5s,266.6666666666667
ATS5v,20495.460112505043
ATS6Z,1378.0
ATS6d,261.0
ATS6i,15252.76954617949
ATS6m,4694.650056
ATS6p,122.47725331848999
ATS6s,238.33333333333334
ATS6v,16197.082769162356
ATS7Z,691.0
ATS7d,164.0
ATS7i,13794.841543690081
ATS7m,1994.465856
ATS7p,83.73484018698
ATS7s,172.33333333333334
ATS7v,9782.944638155066
ATS8Z,180.0
ATS8d,73.0
ATS8i,8980.88231772157
ATS8m,335.09952000000004
ATS8p,36.859119479772
ATS8s,79.0
ATS8v,3493.1316939782873
C1SP1,0
C1SP2,0
C1SP3,1
C2SP1,0
C2SP2,7
C2SP3,3
C3SP2,5
C3SP3,0
C4SP3,0
FCSP3,0.3333333333333333
GGI10,0.0
JGI10,0.0
JGT10,0.3192509086789758
Kier1,13.44
Kier2,5.0
Kier3,1.9262782401902496
MID_C,38.72006113643783
MID_N,2.166271665647189
MID_O,4.118827252227367
MID_X,0.0
MID_h,6.2850989178745555
MPC10,284
MWC01,25.0
MWC02,4.844187086458591
MWC03,5.765191102784844
MWC04,6.705639094860003
MWC05,7.64826303090192
MWC06,8.597297435657898
MWC07,9.546598299920646
MWC08,10.498387745089026
MWC09,11.449911115026719
MWC10,12.402621676774048
NaaCH,5
NaaNH,0
NaaSe,0
NaaaC,0
NaasC,7
NaasN,0
NdCH2,0
NddsN,0
NdsCH,0
NdssC,0
NdssS,0
NsCH3,1
NsNH2,0
NsNH3,0
NsPH2,0
NsSeH,0
NssBH,0
NssBe,0
NssNH,0
NssPH,0
NssSe,0
NsssB,0
NsssN,1
NsssP,0
SLogP,3.1674000000000015
SRW02,3.9318256327243257
SRW03,0.0
SRW04,5.313205979041787
SRW05,2.3978952727983707
SRW06,6.918695219020472
SRW07,4.59511985013459
SRW08,8.636752426473876
SRW09,6.6052979209482015
SRW10,10.41843467126129
SaaCH,10.920446900982617
SaaNH,0
SaaSe,0
SaaaC,0
SaasC,8.780702947845807
SaasN,0
SdCH2,0
SddsN,0
SdsCH,0
SdssC,0
SdssS,0
SsCH3,2.2320469576719577
SsNH2,0
SsNH3,0
SsPH2,0
SsSeH,0
SssBH,0
SssBe,0
SssNH,0
SssPH,0
SssSe,0
SsssB,0
SsssN,2.476165910808768
SsssP,0
VE1_A,4.200872227619927
VE1_D,4.52889229668401
VE2_A,0.20004153464856794
VE2_D,0.2156615379373338
VE3_A,2.1772295217004367
VE3_D,2.252414728204614
VR1_A,136.60000440274263
VR1_D,122.15628694932423
VR2_A,6.504762114416316
VR2_D,5.816966045205915
VR3_A,5.658994324096979
VR3_D,5.547238610198481
WPath,755
Xc-3d,1.3661727730816011
Xc-4d,0.0
Xc-5d,0.4609831644334389
Xc-6d,0.0
Xp-0d,13.97432701575866
Xp-1d,10.326499840494925
Xp-2d,9.667902720431949
Xp-3d,9.061796215547256
Xp-4d,8.403994411207945
Xp-5d,7.626620644936907
Xp-6d,6.031133155123556
Xp-7d,4.925677991365802
ZMIC0,68.51790385838483
ZMIC1,40.88913644950694
ZMIC2,25.677245606632294
ZMIC3,21.747248676269937
ZMIC4,21.5763051229308
ZMIC5,21.5763051229308
nAcid,0
nAtom,38
nBase,1
nRing,5
piPC1,3.4657359027997265
piPC2,4.110873864173311
piPC3,4.774912960575186
piPC4,5.438079308923196
piPC5,6.072468331261069
piPC6,6.456278954350285
piPC7,6.905408778101013
piPC8,7.321415878783462
piPC9,7.663114056740808
AATS0Z,22.157894736842106
AATS0d,3.763157894736842
AATS0i,158.1063454854535
AATS0m,87.42524518421051
AATS0p,1.5856586153271846
AATS0s,2.624269005847953
AATS0v,232.31114773589866
AATS1Z,25.428571428571427
AATS1d,4.5476190476190474
AATS1i,142.612619359269
AATS1m,97.04630621428569
AATS1p,1.9047336492857145
AATS1s,2.729497354497355
AATS1v,279.7089490830048
AATS2Z,21.753246753246753
AATS2d,4.285714285714286
AATS2i,151.73160732374598
AATS2m,81.55782475324672
AATS2p,1.6795939597135452
AATS2s,2.6280663780663787
AATS2v,242.69467953528874
AATS3Z,18.818181818181817
AATS3d,3.9292929292929295
AATS3i,149.68995088527464
AATS3m,69.09807912121211
AATS3p,1.6233083128246564
AATS3s,2.318462401795735
AATS3v,224.35130870618488
AATS4Z,16.301724137931036
AATS4d,3.3706896551724137
AATS4i,152.08011422857314
AATS4m,58.665636991379316
AATS4p,1.4534903591244226
AATS4s,2.2049808429118776
AATS4v,195.18550810217315
AATS5Z,14.741666666666667
AATS5d,2.9833333333333334
AATS5i,158.22230465442013
AATS5m,52.59804379166666
AATS5p,1.2785802190385083
AATS5s,2.2222222222222223
AATS5v,170.79550093754202
AATS6Z,14.206185567010309
AATS6d,2.6907216494845363
AATS6i,157.24504686782979
AATS6m,48.39845418556701
AATS6p,1.262652096066907
AATS6s,2.457044673539519
AATS6v,166.98023473363253
AATS7Z,8.226190476190476
AATS7d,1.9523809523809523
AATS7i,164.2243040915486
AATS7m,23.743641142857143
AATS7p,0.9968433355592856
AATS7s,2.051587301587302
AATS7v,116.46362664470317
AATS8Z,3.4615384615384617
AATS8d,1.4038461538461537
AATS8i,172.70927534079945
AATS8m,6.444221538461539
AATS8p,0.7088292207648461
AATS8s,1.5192307692307692
AATS8v,67.17560949958245
AMID_C,1.843812435068468
AMID_N,0.1031557936022471
AMID_O,0.19613463105844603
AMID_X,0.0
AMID_h,0.2992904246606931
ATS0dv,280.0
ATS0pe,232.23380000000003
ATS0se,286.84824399999997
ATS1dv,311.0
ATS1pe,270.759
ATS1se,323.1767399999999
ATS2dv,487.0
ATS2pe,492.9526000000001
ATS2se,597.1898159999998
ATS3dv,495.0
ATS3pe,606.4185000000001
ATS3se,741.5471639999998
ATS4dv,472.0
ATS4pe,695.3199999999998
ATS4se,860.079876
ATS5dv,396.0
ATS5pe,717.9551000000001
ATS5se,896.8454119999999
ATS6dv,235.0
ATS6pe,599.6971
ATS6se,743.9766160000001
ATS7dv,56.0
ATS7pe,490.3330000000001
ATS7se,625.286544
ATS8dv,0.0
ATS8pe,277.992
ATS8se,368.354304
ATSC0Z,265.57894736842104
ATSC0c,0.6951531184494486
ATSC0d,24.86842105263157
ATSC0i,54.8024375047287
ATSC0m,1268.7309769736844
ATSC0p,9.077021475344552
ATSC0s,14.222222222222221
ATSC0v,1976.9059497985922
ATSC1Z,30.360110803324076
ATSC1c,-0.28698224744734596
ATSC1d,13.013850415512461
ATSC1i,-7.836620499223381
ATSC1m,142.63198400277042
ATSC1p,-0.4269761888327921
ATSC1s,0.1388888888888894
ATSC1v,49.41655696993037
ATSC2Z,27.116343490304697
ATSC2c,-0.1585422461111305
ATSC2d,6.924515235457067
ATSC2i,31.575834204922028
ATSC2m,139.11849500069286
ATSC2p,4.15235420088754
ATSC2s,1.3611111111111125
ATSC2v,673.1114771886412
ATSC3Z,-31.481994459833818
ATSC3c,0.03052746611493103
ATSC3d,-3.2098337950138474
ATSC3i,-1.78709529069579
ATSC3m,-151.037973326177
ATSC3p,-1.0173175050235945
ATSC3s,-0.4722222222222217
ATSC3v,-213.7704779958552
ATSC4Z,-18.2409972299169
ATSC4c,0.02510292495564817
ATSC4d,-6.545706371191135
ATSC4i,-34.73414901739106
ATSC4m,-100.62653318282531
ATSC4p,-4.653941113420737
ATSC4s,1.0277777777777777
ATSC4v,-716.6548991894609
ATSC5Z,76.22437673130194
ATSC5c,0.15507843220266904
ATSC5d,-18.29501385041551
ATSC5i,-5.033460678055358
ATSC5m,357.47185503047075
ATSC5p,-0.3021892751355352
ATSC5s,4.416666666666667
ATSC5v,204.91989899352023
ATSC6Z,-219.66204986149583
ATSC6c,-0.018523722804739434
ATSC6d,-24.585180055401665
ATSC6i,-28.804909390756738
ATSC6m,-1050.9962623275621
ATSC6p,-5.8036006803089375
ATSC6s,-7.416666666666667
ATSC6v,-1526.2043364721076
ATSC7Z,-196.38504155124647
ATSC7c,-0.18520187525600115
ATSC7d,-3.3144044321329673
ATSC7i,-9.866134759835933
ATSC7m,-930.6382859418284
ATSC7p,-2.88938126418154
ATSC7s,-9.666666666666668
ATSC7v,-1008.4358896341076
ATSC8Z,65.20775623268702
ATSC8c,0.02719348912724626
ATSC8d,14.2590027700831
ATSC8i,10.357647719555887
ATSC8m,315.9675067728527
ATSC8p,2.502395478876187
ATSC8s,-0.5
ATSC8v,562.7446614517271
AXp-0d,0.6654441436075553
AXp-1d,0.413059993619797
AXp-2d,0.254418492642946
AXp-3d,0.15623786578529753
AXp-4d,0.09549993649099937
AXp-5d,0.05958297378856959
AXp-6d,0.037694582219522224
AXp-7d,0.024264423602787202
GATS1Z,0.7363965800351056
GATS1c,1.3791116680229156
GATS1d,0.5490803728898969
GATS1i,1.1841430942291273
GATS1m,0.7407716861686091
GATS1p,1.0237933661734484
GATS1s,0.8104073660714285
GATS1v,0.900020485319175
GATS2Z,0.8874754852757231
GATS2c,1.3265960829011922
GATS2d,1.0337524908953484
GATS2i,0.7887691246572478
GATS2m,0.8809091230904957
GATS2p,0.7233678737616909
GATS2s,0.9784014813311688
GATS2v,0.7415484370180496
GATS3Z,0.9259739687801519
GATS3c,0.6908835640375545
GATS3d,1.2398589065255736
GATS3i,1.0365792327889636
GATS3m,0.9307125473331042
GATS3p,1.0250978555690022
GATS3s,0.6938229955808081
GATS3v,1.0055270870459874
GATS4Z,0.9343932373884402
GATS4c,0.669273317285386
GATS4d,1.1415252691114763
GATS4i,1.1766632411679239
GATS4m,0.9421269788913349
GATS4p,1.1591046949644965
GATS4s,0.7254596578663792
GATS4v,1.1057308875619116
GATS5Z,0.9020858105430043
GATS5c,0.8999600151370954
GATS5d,1.270855379188713
GATS5i,0.9918057234405274
GATS5m,0.9032415082196231
GATS5p,0.9827200830719383
GATS5s,0.8915771484375
GATS5v,0.9468716968442652
GATS6Z,1.3386044269013733
GATS6c,1.427859355345025
GATS6d,1.2040691648939077
GATS6i,1.1700179349343995
GATS6m,1.332925863251443
GATS6p,1.2006995696885685
GATS6s,1.5473783827319585
GATS6v,1.2323697207131308
GATS7Z,1.3940119944133025
GATS7c,1.3277647593671773
GATS7d,0.7173469387755105
GATS7i,0.999970795344698
GATS7m,1.3873028603959743
GATS7p,1.104679510917471
GATS7s,1.5597330729166667
GATS7v,1.2126756563148222
GATS8Z,0.9323607427055703
GATS8c,0.7230252098492018
GATS8d,0.3004273504273505
GATS8i,0.7098175790716829
GATS8m,0.9310400955879112
GATS8p,0.7917917861223256
GATS8s,1.0131084735576923
GATS8v,0.870360071741147
MATS1Z,0.10342940188362297
MATS1c,-0.37351570170967274
MATS1d,0.473469387755102
MATS1i,-0.12937883810663972
MATS1m,0.10171422300583803
MATS1p,-0.042559312098759995
MATS1s,0.008835565476190509
MATS1v,0.022616259622995454
MATS2Z,0.050388375001930275
MATS2c,-0.11255308488792637
MATS2d,0.13741496598639466
MATS2i,0.28434646208334946
MATS2m,0.05411382073562835
MATS2p,0.22575839079406637
MATS2s,0.04723011363636369
MATS2v,0.1680327204641098
MATS3Z,-0.04550058652317871
MATS3c,0.016856161535134154
MATS3d,-0.04954304954304951
MATS3i,-0.012516884273380545
MATS3m,-0.0456946134617372
MATS3p,-0.043019123402914625
MATS3s,-0.012744633838383826
MATS3v,-0.04150592737841042
MATS4Z,-0.022499897494772235
MATS4c,0.011829583655715953
MATS4d,-0.08622514139755519
MATS4i,-0.20762631453035138
MATS4m,-0.025981760449438025
MATS4p,-0.16795894122389343
MATS4s,0.02367322198275862
MATS4v,-0.11875438996135564
MATS5Z,0.09088717135685032
MATS5c,0.07064367388158815
MATS5d,-0.232962962962963
MATS5i,-0.029085005837194665
MATS5m,0.08922255609275394
MATS5p,-0.010542364664390501
MATS5s,0.09833984375000002
MATS5v,0.03282467805540229
MATS6Z,-0.32402106802979597
MATS6c,-0.010439018336703326
MATS6d,-0.38729067801232764
MATS6i,-0.20591050338431485
MATS6m,-0.32452151164637
MATS6p,-0.2504759441652017
MATS6s,-0.20429284793814437
MATS6v,-0.30243951786891676
MATS7Z,-0.3345176754808145
MATS7c,-0.12052280064272018
MATS7d,-0.06029226505416989
MATS7i,-0.0814425715751837
MATS7m,-0.3318300268199991
MATS7p,-0.1440010967950816
MATS7s,-0.3074776785714286
MATS7v,-0.2307632228100118
MATS8Z,0.1794262020183543
MATS8c,0.028586745285375987
MATS8d,0.41900691900691905
MATS8i,0.13811521168096633
MATS8m,0.18199234988589588
MATS8p,0.20146185884278062
MATS8s,-0.02569110576923077
MATS8v,0.20802025681113798
MAXssO,5.8201426681783826
MINssO,5.67239843159486
NddssS,0
NdssSe,0
NdsssP,0
NsAsH2,0
NsGeH3,0
NsPbH3,0
NsSiH3,0
NsSnH3,0
NssAsH,0
NssCH2,4
NssNH2,0
NsssAs,0
NsssCH,1
NsssNH,0
NssssB,0
NssssC,0
NssssN,0
Radius,4
SM1_Dt,0.0
SddssS,0
SdssSe,0
SdsssP,0
SpAD_A,29.091821633807584
SpAD_D,147.55544745067678
SsAsH2,0
SsGeH3,0
SsPbH3,0
SsSiH3,0
SsSnH3,0
SssAsH,0
SssCH2,3.6322165532879818
SssNH2,0
SsssAs,0
SsssCH,0.46587962962962925
SsssNH,0
SssssB,0
SssssC,0
SssssN,0
TMPC10,1537
TMWC10,123.4580965874737
TSRW10,69.8172269724029
VE1_Dt,4.578463904320309
VE2_Dt,0.21802209068191947
VE3_Dt,2.26330089452917
VR1_Dt,115.47467499750059
VR2_Dt,5.498794047500028
VR3_Dt,5.490988586558436
Xc-3dv,0.7947795926887828
Xc-4dv,0.0
Xc-5dv,0.20716734227451572
Xc-6dv,0.0
Xch-3d,0.0
Xch-4d,0.0
Xch-5d,0.11785113019775792
Xch-6d,0.38098544629150227
Xch-7d,0.7393493181651244
Xp-0dv,12.056238916311631
Xp-1dv,7.565969555541922
Xp-2dv,6.165828905589232
Xp-3dv,5.0882560197022775
Xp-4dv,4.046277193395455
Xp-5dv,3.2672420658717085
Xp-6dv,2.230671770062546
Xp-7dv,1.5505673937785744
Xpc-4d,3.9337643903589288
Xpc-5d,7.29803713600658
Xpc-6d,13.295114379108075
n3Ring,0
n4Ring,0
n5Ring,1
n6Ring,4
n7Ring,0
n8Ring,0
n9Ring,0
nARing,3
nBonds,42
nFRing,1
nHBAcc,3
nHBDon,0
nHRing,2
nSpiro,0
naRing,2
piPC10,7.87545476732784
AATS0dv,7.368421052631579
AATS0pe,6.111415789473685
AATS0se,7.5486379999999995
AATS1dv,7.404761904761905
AATS1pe,6.446642857142858
AATS1se,7.694684285714283
AATS2dv,6.324675324675325
AATS2pe,6.401981818181819
AATS2se,7.755711896103894
AATS3dv,5.0
AATS3pe,6.125439393939395
AATS3se,7.4903753939393924
AATS4dv,4.068965517241379
AATS4pe,5.994137931034481
AATS4se,7.414481689655172
AATS5dv,3.3
AATS5pe,5.982959166666668
AATS5se,7.473711766666666
AATS6dv,2.422680412371134
AATS6pe,6.182444329896907
AATS6se,7.669862020618559
AATS7dv,0.6666666666666666
AATS7pe,5.83729761904762
AATS7se,7.443887428571429
AATS8dv,0.0
AATS8pe,5.346
AATS8se,7.083736615384615
AATSC0Z,6.988919667590028
AATSC0c,0.018293503117090753
AATSC0d,0.6544321329639887
AATSC0i,1.4421694080191763
AATSC0m,33.38765728878117
AATSC0p,0.23886898619327768
AATSC0s,0.3742690058479532
AATSC0v,52.02384078417348
AATSC1Z,0.7228597810315256
AATSC1c,-0.006832910653508237
AATSC1d,0.30985358132172525
AATSC1i,-0.18658620236246146
AATSC1m,3.3959996191135815
AATSC1p,-0.010166099734114097
AATSC1s,0.003306878306878319
AATSC1v,1.1765846897602468
AATSC2Z,0.3521603050688922
AATSC2c,-0.002058990209235461
AATSC2d,0.08992876929165022
AATSC2i,0.4100757688950913
AATSC2m,1.8067337013076994
AATSC2p,0.05392667793360442
AATSC2s,0.017676767676767693
AATSC2v,8.741707495956378
AATSC3Z,-0.31799994403872545
AATSC3c,0.0003083582435851619
AATSC3d,-0.03242256358599846
AATSC3i,-0.01805146758278576
AATSC3m,-1.525636094203808
AATSC3p,-0.010275934394177722
AATSC3s,-0.004769921436588098
AATSC3v,-2.1592977575338907
AATSC4Z,-0.15724997611997327
AATSC4c,0.0002164045254797256
AATSC4d,-0.056428503199923576
AATSC4i,-0.29943231911544016
AATSC4m,-0.8674701136450458
AATSC4p,-0.040120182012247735
AATSC4s,0.00886015325670498
AATSC4v,-6.178059475771215
AATSC5Z,0.6352031394275162
AATSC5c,0.0012923202683555754
AATSC5d,-0.1524584487534626
AATSC5i,-0.04194550565046132
AATSC5m,2.9789321252539227
AATSC5p,-0.002518243959462793
AATSC5s,0.03680555555555556
AATSC5v,1.707665824946002
AATSC6Z,-2.2645572150669673
AATSC6c,-0.00019096621448184983
AATSC6d,-0.25345546448867695
AATSC6i,-0.296957828770688
AATSC6m,-10.835013013686208
AATSC6p,-0.05983093484854575
AATSC6s,-0.07646048109965636
AATSC6v,-15.734065324454717
AATSC7Z,-2.337917161324363
AATSC7c,-0.002204784229238109
AATSC7d,-0.03945719562063056
AATSC7i,-0.11745398523614206
AATSC7m,-11.079027213593195
AATSC7p,-0.03439739600216119
AATSC7s,-0.11507936507936509
AATSC7v,-12.005189162310804
AATSC8Z,1.253995312167058
AATSC8c,0.000522951713985505
AATSC8d,0.2742115917323673
AATSC8i,0.19918553306838244
AATSC8m,6.076298207170244
AATSC8p,0.048122989978388216
AATSC8s,-0.009615384615384616
AATSC8v,10.822012720225521
ATS0are,228.7049
ATS1are,264.025
ATS2are,483.97900000000004
ATS3are,593.301
ATS4are,681.4299999999998
ATS5are,707.188
ATS6are,591.7530000000002
ATS7are,485.56200000000007
ATS8are,276.32
ATSC0dv,143.57894736842107
ATSC0pe,3.5504210526315774
ATSC0se,2.2495062105263157
ATSC1dv,52.518005540166214
ATSC1pe,0.3047977839335184
ATSC1se,0.025611556786703474
ATSC2dv,16.905817174515263
ATSC2pe,-0.1734531855955666
ATSC2se,0.08003394182825496
ATSC3dv,-0.3240997229916749
ATSC3pe,-0.3881811634349023
ATSC3se,-0.2099179695290858
ATSC4dv,20.65373961218837
ATSC4pe,0.5521146814404428
ATSC4se,0.22291535734072007
ATSC5dv,-31.512465373961227
ATSC5pe,1.066186149584486
ATSC5se,0.37910649307479205
ATSC6dv,-150.03047091412742
ATSC6pe,-1.9979747922437638
ATSC6se,-0.8383504847645424
ATSC7dv,-87.70083102493078
ATSC7pe,-2.4689781163434885
ATSC7se,-1.1473855180055395
ATSC8dv,50.26038781163433
ATSC8pe,0.3048554016620475
ATSC8se,0.02829718559556786
AXp-0dv,0.5741066150624586
AXp-1dv,0.3026387822216769
AXp-2dv,0.16225865541024295
AXp-3dv,0.08772855206383237
AXp-4dv,0.04598042265222108
AXp-5dv,0.025525328639622723
AXp-6dv,0.013941698562890912
AXp-7dv,0.007638263023539775
BertzCT,753.1238129946599
ECIndex,294
ETA_eta,17.394528449957345
GATS1dv,0.5276672252478702
GATS1pe,0.7408054959064477
GATS1se,0.8425985691509786
GATS2dv,1.0240983356819133
GATS2pe,1.1482173900990054
GATS2se,1.1863447443007848
GATS3dv,0.9227668917918184
GATS3pe,0.7595337585286885
GATS3se,0.6932602295658111
GATS4dv,0.8464044645565778
GATS4pe,0.6859281151694897
GATS4se,0.645242418444626
GATS5dv,1.096290017106549
GATS5pe,0.9076821318449998
GATS5se,0.9479156166311552
GATS6dv,1.4571889077002145
GATS6pe,1.5270694969271448
GATS6se,1.591608339913467
GATS7dv,1.2470739945538332
GATS7pe,1.5101268920061721
GATS7se,1.4719410668592308
GATS8dv,0.6690235168057748
GATS8pe,0.8618013601625625
GATS8se,0.7885095948920384
LogEE_A,4.044345063897409
LogEE_D,73.77772372533835
MATS1dv,0.3309419075548108
MATS1pe,0.07767231533130328
MATS1se,0.010301087764871696
MATS2dv,0.058108313973416696
MATS2pe,-0.024109893486394255
MATS2se,0.017558195575696427
MATS3dv,-0.0008664356171687151
MATS3pe,-0.04196652402647238
MATS3se,-0.03581878271135221
MATS4dv,0.04712306603296593
MATS4pe,0.05094188874610101
MATS4se,0.032462233724240536
MATS5dv,-0.06950146627565984
MATS5pe,0.09509452795319548
MATS5se,0.05336744077963493
MATS6dv,-0.40935544335943397
MATS6pe,-0.22045604244626565
MATS6se,-0.14599913597339817
MATS7dv,-0.2763231392263651
MATS7pe,-0.3145876658351086
MATS7se,-0.2307419072481757
MATS8dv,0.25580870742161055
MATS8pe,0.06274719084467326
MATS8se,0.00919255632807037
MAXaaCH,2.2456292517006804
MAXaasC,1.4645370370370372
MAXsCH3,2.2320469576719577
MAXsssN,2.476165910808768
MDEC-12,1.9893859869521129
MDEC-13,2.032530992618459
MDEC-22,9.683464701946631
MDEC-23,23.788598247977376
MDEC-33,13.76640469452392
MDEO-22,0.4999999999999999
MINaaCH,2.118349159108088
MINaasC,0.9201445578231294
MINsCH3,2.2320469576719577
MINsssN,2.476165910808768
NddssSe,0
NssGeH2,0
NssPbH2,0
NssSiH2,0
NssSnH2,0
NsssGeH,0
NsssPbH,0
NsssSiH,0
NsssSnH,0
NsssdAs,0
NssssBe,0
NssssGe,0
NssssPb,0
NssssSi,0
NssssSn,0
NsssssP,0
SM1_DzZ,0.6428571428571429
SM1_Dzi,0.5715179572142502
SM1_Dzm,0.641031336679575
SM1_Dzp,-2.682770346860122
SM1_Dzv,-1.1173135843594801
SddssSe,0
SpAD_Dt,674.4119259102476
SpAbs_A,29.091821633807584
SpAbs_D,147.55544745067678
SpMAD_A,1.385324839705123
SpMAD_D,7.026449878603656
SpMax_A,2.5935964327131424
SpMax_D,73.77772372533835
SssGeH2,0
SssPbH2,0
SssSiH2,0
SssSnH2,0
SsssGeH,0
SsssPbH,0
SsssSiH,0
SsssSnH,0
SsssdAs,0
SssssBe,0
SssssGe,0
SssssPb,0
SssssSi,0
SssssSn,0
SsssssP,0
TopoPSA,21.700000000000003
TpiPC10,9.081847159239404
VAdjMat,5.643856189774724
VE1_DzZ,4.527694695254406
VE1_Dzi,4.528386919244721
VE1_Dzm,4.527670678979969
VE1_Dzp,4.46949196506144
VE1_Dzv,4.496757288252579
VE2_DzZ,0.21560450929782887
VE2_Dzi,0.2156374723449867
VE2_Dzm,0.2156033656657128
VE2_Dzp,0.21283295071721145
VE2_Dzv,0.214131299440599
VE3_DzZ,2.252150257397311
VE3_Dzi,2.2523031323428184
VE3_Dzm,2.2521449530780604
VE3_Dzp,2.2392120925470387
VE3_Dzv,2.245293879136256
VR1_DzZ,122.34455575187155
VR1_Dzi,122.2977929876349
VR1_Dzm,122.3470194228182
VR1_Dzp,126.95679059789542
VR1_Dzv,124.99211819180654
VR2_DzZ,5.8259312262795975
VR2_Dzi,5.823704427982615
VR2_Dzm,5.826048543943724
VR2_Dzp,6.0455614570426395
VR2_Dzv,5.952005628181264
VR3_DzZ,5.548778636299633
VR3_Dzi,5.548396341369527
VR3_Dzm,5.548798773249137
VR3_Dzp,5.585784141783462
VR3_Dzv,5.570188025578115
Xch-3dv,0.0
Xch-4dv,0.0
Xch-5dv,0.02946278254943948
Xch-6dv,0.13535208977305418
Xch-7dv,0.26845654779462735
Xpc-4dv,2.0114174666027984
Xpc-5dv,3.1784312424747836
Xpc-6dv,5.082584437108093
Zagreb1,126.0
Zagreb2,159.0
fragCpx,205.03
n10Ring,0
n11Ring,0
n12Ring,0
n3ARing,0
n3HRing,0
n3aRing,0
n4ARing,0
n4FRing,0
n4HRing,0
n4aRing,0
n5ARing,1
n5FRing,0
n5HRing,1
n5aRing,0
n6ARing,2
n6FRing,0
n6HRing,1
n6aRing,2
n7ARing,0
n7FRing,0
n7HRing,0
n7aRing,0
n8ARing,0
n8FRing,0
n8HRing,0
n8aRing,0
n9ARing,0
n9FRing,0
n9HRing,0
n9aRing,0
nAHRing,2
nBondsA,12
nBondsD,0
nBondsM,12
nBondsO,25
nBondsS,30
nBondsT,0
nFARing,1
nFHRing,1
nFaRing,0
nHetero,3
naHRing,0
AATS0are,6.01855
AATS1are,6.286309523809523
AATS2are,6.285441558441559
AATS3are,5.992939393939395
AATS4are,5.8743965517241366
AATS5are,5.893233333333333
AATS6are,6.100546391752579
AATS7are,5.780500000000001
AATS8are,5.313846153846153
AATSC0dv,3.7783933518005544
AATSC0pe,0.09343213296398888
AATSC0se,0.05919753185595568
AATSC1dv,1.2504287033372907
AATSC1pe,0.007257090093655201
AATSC1se,0.0006097989711119874
AATSC2dv,0.21955606720149692
AATSC2pe,-0.0022526387739683976
AATSC2se,0.0010394018419253891
AATSC3dv,-0.0032737345756734836
AATSC3pe,-0.003921021852877801
AATSC3se,-0.0021203835305968264
AATSC4dv,0.178049479415417
AATSC4pe,0.004759609322762438
AATSC4se,0.0019216841150062076
AATSC5dv,-0.26260387811634356
AATSC5pe,0.008884884579870717
AATSC5se,0.003159220775623267
AATSC6dv,-1.5467058857126539
AATSC6pe,-0.020597678270554268
AATSC6se,-0.008642788502727242
AATSC7dv,-1.044057512201557
AATSC7pe,-0.029392596623136768
AATSC7se,-0.01365935140482785
AATSC8dv,0.9665459194545064
AATSC8pe,0.005862603878116298
AATSC8se,0.0005441766460686127
AETA_eta,0.8283108785693974
ATSC0are,3.6864552631578924
ATSC1are,0.22678891966758613
ATSC2are,-0.16612777008310864
ATSC3are,-0.40827029085872735
ATSC4are,0.5511049861495856
ATSC5are,0.9861570637119115
ATSC6are,-1.7782463296398925
ATSC7are,-2.345324792243763
ATSC8are,0.21892437673130913
BCUTZ-1h,8.016471738714118
BCUTZ-1l,5.666336724676403
BCUTc-1h,0.49223621526962297
BCUTc-1l,-0.48652098077320777
BCUTd-1h,3.3025474202435965
BCUTd-1l,0.9939263180683251
BCUTi-1h,14.543905578259082
BCUTi-1l,10.926864263224491
BCUTm-1h,16.0076771165679
BCUTm-1l,11.677702809706203
BCUTp-1h,2.0170257619505607
BCUTp-1l,0.7708605206685936
BCUTs-1h,3.5170294181531934
BCUTs-1l,1.240202703330619
BCUTv-1h,20.924653374053058
BCUTv-1l,14.706123430772044
BalabanJ,1.5373611297636032
Diameter,7
ETA_beta,26.25
GATS1are,0.7772142265836466
GATS2are,1.1898166479846357
GATS3are,0.7427341077402861
GATS4are,0.6618885188105956
GATS5are,0.917249478234571
GATS6are,1.5437181606455823
GATS7are,1.4959943028589417
GATS8are,0.8261010640275275
HybRatio,0.3333333333333333
Lipinski,True
LogEE_Dt,337.2059629551238
MATS1are,0.055660508615956984
MATS2are,-0.022239557362087117
MATS3are,-0.042509618976957285
MATS4are,0.048972353962562394
MATS5are,0.08471093445683933
MATS6are,-0.18897084950619344
MATS7are,-0.28780500166684114
MATS8are,0.04339756946989971
MAXssCH2,1.1100370842781557
MAXsssCH,0.46587962962962925
MINssCH2,0.3411701625094481
MINsssCH,0.46587962962962925
NsssssAs,0
RotRatio,0.0
SM1_Dzpe,0.6786260709914321
SM1_Dzse,0.6372525935499613
SMR_VSA1,9.473725907600098
SMR_VSA2,0.0
SMR_VSA3,4.899909730850478
SMR_VSA4,0.0
SMR_VSA5,18.88348407499998
SMR_VSA6,20.38537069468959
SMR_VSA7,47.02218981739904
SMR_VSA8,0.0
SMR_VSA9,22.6259266499618
SpAD_DzZ,115.70590355486928
SpAD_Dzi,115.4898426709359
SpAD_Dzm,115.72288814586614
SpAD_Dzp,150.2093718335541
SpAD_Dzv,134.15891519069334
SpAbs_Dt,674.4119259102476
SpDiam_A,5.16594038923645
SpDiam_D,97.79909390119862
SpMAD_Dt,32.1148536147737
SpMax_Dt,337.2059629551238
SsssssAs,0
VE1_Dzpe,4.528406232402673
VE1_Dzse,4.5275882728547545
VE2_Dzpe,0.2156383920191749
VE2_Dzse,0.2155994415645121
VE3_Dzpe,2.252307397242685
VE3_Dzse,2.2521267523561033
VMcGowan,206.09999999999974
VR1_Dzpe,122.2766586205763
VR1_Dzse,122.3547286424663
VR2_Dzpe,5.822698029551252
VR2_Dzse,5.826415649641253
VR3_Dzpe,5.548223515737313
VR3_Dzse,5.548861782358894
mZagreb1,4.75
mZagreb2,4.388888888888888
n10ARing,0
n10FRing,0
n10HRing,0
n10aRing,0
n11ARing,0
n11FRing,0
n11HRing,0
n11aRing,0
n12ARing,0
n12FRing,0
n12HRing,0
n12aRing,0
n3AHRing,0
n3aHRing,0
n4AHRing,0
n4FARing,0
n4FHRing,0
n4FaRing,0
n4aHRing,0
n5AHRing,1
n5FARing,0
n5FHRing,0
n5FaRing,0
n5aHRing,0
n6AHRing,1
n6FARing,0
n6FHRing,0
n6FaRing,0
n6aHRing,0
n7AHRing,0
n7FARing,0
n7FHRing,0
n7FaRing,0
n7aHRing,0
n8AHRing,0
n8FARing,0
n8FHRing,0
n8FaRing,0
n8aHRing,0
n9AHRing,0
n9FARing,0
n9FHRing,0
n9FaRing,0
n9aHRing,0
nBondsKD,6
nBondsKS,36
nFAHRing,1
nFaHRing,0
nG12Ring,0
AATSC0are,0.09701198060941822
AATSC1are,0.005399736182561575
AATSC2are,-0.0021575035075728395
AATSC3are,-0.004123942331906337
AATSC4are,0.004750905053013669
AATSC5are,0.008217975530932595
AATSC6are,-0.01833243638804013
AATSC7are,-0.027920533240997174
AATSC8are,0.004210084167909791
AETA_beta,1.25
BCUTdv-1h,6.011532057431654
BCUTdv-1l,0.9969650453525025
BCUTpe-1h,3.476457998778451
BCUTpe-1l,2.2156363235928094
BCUTse-1h,3.689733936060532
BCUTse-1l,2.411628645027957
ETA_alpha,10.066666666666668
ETA_dBeta,-2.25
ETA_eta_B,0.08771372187817406
ETA_eta_F,16.62055098947501
ETA_eta_L,5.2413898874662985
ETA_eta_R,34.015079439432355
ETA_psi_1,0.6052104208416836
LabuteASA,123.64758068057012
LogEE_DzZ,57.88356402233259
LogEE_Dzi,57.77213647628768
LogEE_Dzm,57.89196937467972
LogEE_Dzp,74.3377410304416
LogEE_Dzv,66.7602251426725
PEOE_VSA1,9.473725907600098
PEOE_VSA2,4.899909730850478
PEOE_VSA3,0.0
PEOE_VSA4,0.0
PEOE_VSA5,0.0
PEOE_VSA6,24.26546827384644
PEOE_VSA7,48.209488263778795
PEOE_VSA8,18.150048726757532
PEOE_VSA9,0.0
SM1_Dzare,0.7570963238715681
SpAD_Dzpe,115.29113081241388
SpAD_Dzse,115.76896605125424
SpAbs_DzZ,115.12427090180807
SpAbs_Dzi,114.97275499536113
SpAbs_Dzm,115.14290741267989
SpAbs_Dzp,151.3582524077434
SpAbs_Dzv,134.6377638697046
SpDiam_Dt,374.58008832356813
SpMAD_DzZ,5.509804931184251
SpMAD_Dzi,5.499516317663614
SpMAD_Dzm,5.510613721231721
SpMAD_Dzp,7.152827230169242
SpMAD_Dzv,6.388519770985397
SpMax_DzZ,57.88356402233259
SpMax_Dzi,57.77213647628768
SpMax_Dzm,57.89196937467972
SpMax_Dzp,74.3377410304416
SpMax_Dzv,66.7602251426725
VE1_Dzare,4.529585727233444
VE2_Dzare,0.21569455843968782
VE3_Dzare,2.2525678291005833
VR1_Dzare,122.15831293655025
VR2_Dzare,5.817062520788107
VR3_Dzare,5.547255195267298
n10AHRing,0
n10FARing,0
n10FHRing,0
n10FaRing,0
n10aHRing,0
n11AHRing,0
n11FARing,0
n11FHRing,0
n11FaRing,0
n11aHRing,0
n12AHRing,0
n12FARing,0
n12FHRing,0
n12FaRing,0
n12aHRing,0
n4FAHRing,0
n4FaHRing,0
n5FAHRing,0
n5FaHRing,0
n6FAHRing,0
n6FaHRing,0
n7FAHRing,0
n7FaHRing,0
n8FAHRing,0
n8FaHRing,0
n9FAHRing,0
n9FaHRing,0
nAromAtom,12
nAromBond,12
nG12ARing,0
nG12FRing,1
nG12HRing,0
nG12aRing,0
AETA_alpha,0.47936507936507944
AETA_dBeta,-0.10714285714285714
AETA_eta_B,0.004176843898960669
AETA_eta_F,0.7914548090226196
AETA_eta_L,0.2495899946412523
AETA_eta_R,1.619765687592017
BCUTare-1h,3.532456843945222
BCUTare-1l,2.1657706773922807
ETA_beta_s,14.25
ETA_dPsi_A,0.10878957915831633
ETA_dPsi_B,0.0
ETA_eta_BR,0.517713721878174
ETA_eta_FL,5.085109953028623
ETA_eta_RL,10.326499840494922
LogEE_Dzpe,57.677880933397006
LogEE_Dzse,57.91482838722474
PEOE_VSA10,0.0
PEOE_VSA11,11.49902366656781
PEOE_VSA12,6.792942306099827
PEOE_VSA13,0.0
SlogP_VSA1,9.473725907600098
SlogP_VSA2,25.285280425540073
SlogP_VSA3,12.841643245852019
SlogP_VSA4,0.0
SlogP_VSA5,22.732195304238946
SlogP_VSA6,30.33183534230805
SlogP_VSA7,0.0
SlogP_VSA8,11.126902983393991
SlogP_VSA9,0.0
SpAD_Dzare,114.43097236789552
SpAbs_Dzpe,114.67713579580266
SpAbs_Dzse,115.19240418089956
SpDiam_DzZ,76.70123253909975
SpDiam_Dzi,76.5127172128713
SpDiam_Dzm,76.71036138845255
SpDiam_Dzp,96.26282430451678
SpDiam_Dzv,86.63528005283479
SpMAD_Dzpe,5.490053848210185
SpMAD_Dzse,5.512807907202583
SpMax_Dzpe,57.677880933397006
SpMax_Dzse,57.91482838722474
n10FAHRing,0
n10FaHRing,0
n11FAHRing,0
n11FaHRing,0
n12FAHRing,0
n12FaHRing,0
nG12AHRing,0
nG12FARing,1
nG12FHRing,1
nG12FaRing,0
nG12aHRing,0
nHeavyAtom,21
AETA_beta_s,0.6785714285714286
AETA_eta_BR,0.024653034375151144
AETA_eta_FL,0.242148093001363
AETA_eta_RL,0.49173808764261534
DetourIndex,3534
EState_VSA1,0.0
EState_VSA2,0.0
EState_VSA3,12.834783135247788
EState_VSA4,30.885423318332403
EState_VSA5,27.817257458484978
EState_VSA6,0.0
EState_VSA7,0.0
EState_VSA8,42.279417055835715
EState_VSA9,9.473725907600098
ETA_beta_ns,12.0
ETA_shape_p,0.04966887417218542
ETA_shape_x,0.0
ETA_shape_y,0.43708609271523174
GhoseFilter,True
LogEE_Dzare,57.25153838984641
SlogP_VSA10,0.0
SlogP_VSA11,11.49902366656781
SpAbs_Dzare,113.74598045582127
SpDiam_Dzpe,76.47123451970486
SpDiam_Dzse,76.7360913572219
SpMAD_Dzare,5.449093922280739
SpMax_Dzare,57.25153838984641
TopoPSA(NO),21.700000000000003
VSA_EState1,0.0
VSA_EState2,0.0
VSA_EState3,0.0
VSA_EState4,0.0
VSA_EState5,0.0
VSA_EState6,0.0
VSA_EState7,0.0
VSA_EState8,0.0
VSA_EState9,40.0
nBridgehead,0
nG12FAHRing,1
nG12FaHRing,0
AETA_beta_ns,0.5714285714285714
EState_VSA10,0.0
ETA_dAlpha_A,0.0
ETA_dAlpha_B,0.02063492063492056
FilterItLogS,-4.502966355882972
SpDiam_Dzare,75.99516041906948
ETA_beta_ns_d,0.0
ETA_epsilon_1,0.5719298245614037
ETA_epsilon_2,0.7920634920634919
ETA_epsilon_3,0.45272727272727303
ETA_epsilon_4,0.506666666666667
ETA_epsilon_5,0.7920634920634919
AETA_beta_ns_d,0.0
ETA_dEpsilon_A,0.1192025518341307
ETA_dEpsilon_B,0.06526315789473669
ETA_dEpsilon_C,-0.05393939393939401
ETA_dEpsilon_D,0.0
PetitjeanIndex,0.42857142857142855
TopoShapeIndex,0.75
CDK Descriptors
FMFDescriptor,0.9523809523809523
MDEDescriptor,"0.0,1.9893859869521129,2.032530992618459,0.0,9.683464701946631,23.788598247977376,0.0,13.76640469452392,0.0,0.0,0.0,0.0,0.4999999999999999,0.0,0.0,0.0,0.0,0.0,0.0"
APolDescriptor,45.719480999999995
BCUTDescriptor,"11.996662995622428,15.99779049604575,-0.3379086991267436,0.159476673391143,6.117395703252505,11.596771244187728"
BPolDescriptor,24.396518999999994
TPSADescriptor,21.700000000000003
ALOGPDescriptor,"3.0438000000000005,9.264718440000003,81.6004"
XLogPDescriptor,2.997
VAdjMaDescriptor,5.643856189774724
WeightDescriptor,279.12592892
ChiPathDescriptor,"13.97432701575866,10.326499840494924,9.667902720431949,9.061796215547254,8.403994411207943,7.626620644936907,6.031133155123557,4.9256779913658,12.056238916311631,7.565969555541921,6.165828905589232,5.0882560197022775,4.046277193395456,3.2672420658717107,2.230671770062545,1.5505673937785738"
ChiChainDescriptor,"0.0,0.0,0.11785113019775793,0.3809854462915022,0.7393493181651244,0.0,0.0,0.029462782549439483,0.13535208977305418,0.26845654779462735"
AtomCountDescriptor,38
BondCountDescriptor,25
SmallRingDescriptor,"5,2,1,2,0,0,1,4,0,0,0"
ChiClusterDescriptor,"1.3661727730816011,0.0,0.4609831644334389,0.0,0.7947795926887828,0.0,0.2071673422745157,0.0"
RuleOfFiveDescriptor,0
CarbonTypesDescriptor,"0,0,0,7,5,1,3,0,0"
ZagrebIndexDescriptor,126.0
LargestChainDescriptor,8
MannholdLogPDescriptor,3.11
WeightedPathDescriptor,"45.00516005431244,2.1431028597291637,9.570197835749113,6.237654504454735,3.332543331294376"
FractionalPSADescriptor,0.07774268798302654
WienerNumbersDescriptor,"755.0,41.0"
AminoAcidCountDescriptor,"0,0,0,0,0,0,0,0,0,0,0,0,0,0,0,0,0,0,0,0"
ChiPathClusterDescriptor,"3.9337643903589297,7.298037136006579,12.127883044528751,2.011417466602799,3.1784312424747854,4.648243038432363"
FractionalCSP3Descriptor,0.3333333333333333
KierHallSmartsDescriptor,"0,0,0,0,0,0,1,0,4,0,0,5,1,0,0,0,7,0,0,0,0,0,0,0,0,0,0,0,0,1,0,0,0,0,0,2,0,0,0,0,0,0,0,0,0,0,0,0,0,0,0,0,0,0,0,0,0,0,0,0,0,0,0,0,0,0,0,0,0,0,0,0,0,0,0,0,0,0,0"
BasicGroupCountDescriptor,1
HBondDonorCountDescriptor,0
LargestPiSystemDescriptor,14
PetitjeanNumberDescriptor,0.42857142857142855
AcidicGroupCountDescriptor,0
KappaShapeIndicesDescriptor,"13.44,5.0,1.9262782401902496"
AromaticAtomsCountDescriptor,12
AromaticBondsCountDescriptor,12
FragmentComplexityDescriptor,1344.03
HBondAcceptorCountDescriptor,1
HybridizationRatioDescriptor,0.3333333333333333
AutocorrelationDescriptorMass,"22.90891837235837,26.82691370807159,40.60138274361253,43.15900568520415,41.98937157264972"
PetitjeanShapeIndexDescriptor,"0.75,NaN"
RotatableBondsCountDescriptor,0
AutocorrelationDescriptorCharge,"0.3985423851171522,-0.29669675203805634,0.07352878004248448,0.04270653421423866,-0.039748658200383556"
EccentricConnectivityIndexDescriptor,294
AutocorrelationDescriptorPolarizability,"1734.268488559937,2180.697951494995,3386.610682501709,3642.9219960900873,3200.1952800366194"
