DLiP-ID,J100A4
DLiP-Mol-ID,37066
Vendor-ID,
Standard Inchi(RDKit),"InChI=1S/C25H27N5O4/c1-4-30(5-2)19-11-9-18(10-12-19)27-25(31)23-17(3)28-34-24(23)21-16-20(33-29-21)13-15-32-22-8-6-7-14-26-22/h6-12,14,16H,4-5,13,15H2,1-3H3,(H,27,31)"
Standard Inchi Key(RDKit),ZDLZHWNYANWWBR-UHFFFAOYSA-N
Canonical SMILES(RDKit),CCN(CC)c1ccc(NC(=O)c2c(C)noc2-c2cc(CCOc3ccccn3)on2)cc1
SMILES(SDF),
MW(SDF),
MW(RDKit),461.522
MW Monoisotopic(RDKit),461.206304344
MolLogP(RDKit),4.75302
XLogP(SDF),
XLogP(CDK),4.731
ALogP(SDF),
Num H Acceptors(SDF),
nHAcceptors(SDF),
HBA(RDKit),8
HBA Lipinski(RDKit),9
Num H Donors(SDF),
nHDonors(SDF),
HBD(RDKit),1
HBD Lipinski(RDKit),1
PSA(SDF),
PSA(RDKit),106.52
RO3 Pass,
Num RO5 Violations,0
Num Lipinski RO5 Violations,0
nBonds(SDF),
nRigidBonds(SDF),
nRotatableBonds(SDF),
nRotatableBonds(RDKit),10
nRings(SDF),
nRings(RDKit),4
Aromatic Rings(RDKit),4
nAtoms(SDF),
Heavy Atoms(RDKit),34
QED Weighted(RDKit),0.36047452116488
Molecular Formula(SDF),
PPI Type(SDF),
PDB ID(SDF),
Receptor Chain(SDF),
Protein Name Receptor(SDF),
Peptide Chain(SDF),
Protein Name Peptide(SDF),
ELM ID(SDF),
Motif Sequence(SDF),
Physical Form Apperance(SDF),
Quantity of Sample mg(SDF),
Box Num(SDF),
Box Position(SDF),
fCsp3(SDF),
nCarbons(SDF),
nHetAtoms(SDF),
nHalide(SDF),
Year(SDF),
No(SDF),
Target Pref Name,GATA4/NKX2-5
Common Target Pref Name,GATA4/NKX2-5
RDKit Descriptors
Ipc,75107268.83076672
qed,0.36047452116488066
Chi0,23.9156383156272
Chi1,16.58404999576855
TPSA,106.52000000000001
Chi0n,19.446427091308106
Chi0v,19.446427091308106
Chi1n,11.210561261770131
Chi1v,11.210561261770131
Chi2n,7.5902986699900765
Chi2v,7.5902986699900765
Chi3n,5.371305780719603
Chi3v,5.371305780719603
Chi4n,3.576359091673489
Chi4v,3.576359091673489
MolMR,128.1292
MolWt,461.5220000000002
fr_SH,0
Kappa1,23.032831937184216
Kappa2,10.651001605409359
Kappa3,5.252587519412491
fr_ArN,0
fr_COO,0
fr_C_O,1
fr_C_S,0
fr_NH0,4
fr_NH1,1
fr_NH2,0
fr_N_O,0
fr_azo,0
BertzCT,1213.854080977998
MolLogP,4.753020000000004
NOCount,9
fr_Ar_N,3
fr_COO2,0
fr_urea,0
BalabanJ,1.4311205372415936
SMR_VSA1,18.577590011818568
SMR_VSA2,0.0
SMR_VSA3,15.2973050351981
SMR_VSA4,0.0
SMR_VSA5,27.19203322199788
SMR_VSA6,29.91309311119488
SMR_VSA7,71.74540702472586
SMR_VSA8,0.0
SMR_VSA9,17.334163750158275
fr_Al_OH,0
fr_Ar_NH,0
fr_Ar_OH,0
fr_HOCCN,0
fr_Imine,0
fr_amide,1
fr_azide,0
fr_diazo,0
fr_ester,0
fr_ether,1
fr_furan,0
fr_imide,0
fr_nitro,0
fr_oxime,0
fr_quatN,0
LabuteASA,197.25730091875576
NHOHCount,1
PEOE_VSA1,23.999751162603552
PEOE_VSA2,4.794537184071822
PEOE_VSA3,4.9839785209472085
PEOE_VSA4,0.0
PEOE_VSA5,0.0
PEOE_VSA6,16.379693582712502
PEOE_VSA7,51.10304694137992
PEOE_VSA8,49.214684692654586
PEOE_VSA9,12.300809959361379
RingCount,4
SMR_VSA10,17.28195227871863
fr_Al_COO,0
fr_Ar_COO,0
fr_ketone,0
fr_lactam,0
fr_phenol,0
ExactMolWt,461.206304344
NumHDonors,1
PEOE_VSA10,11.323698910571437
PEOE_VSA11,5.693927994848461
PEOE_VSA12,11.640235755309813
PEOE_VSA13,5.907179729351506
PEOE_VSA14,0.0
SlogP_VSA1,14.953561288656857
SlogP_VSA2,40.90087954088767
SlogP_VSA3,6.4208216229260096
SlogP_VSA4,6.923737199690624
SlogP_VSA5,35.65963848887297
SlogP_VSA6,63.77396999325265
SlogP_VSA7,0.0
SlogP_VSA8,11.454175413722904
SlogP_VSA9,0.0
fr_amidine,0
fr_aniline,2
fr_benzene,1
fr_epoxide,0
fr_guanido,0
fr_halogen,0
fr_hdrzine,0
fr_hdrzone,0
fr_isocyan,0
fr_lactone,0
fr_methoxy,0
fr_nitrile,0
fr_nitroso,0
fr_oxazole,0
fr_sulfide,0
fr_sulfone,0
EState_VSA1,0.0
EState_VSA2,11.667427148225947
EState_VSA3,47.30663309882621
EState_VSA4,18.776899086508713
EState_VSA5,0.0
EState_VSA6,25.25331490822692
EState_VSA7,36.39820241076966
EState_VSA8,39.361477769436156
EState_VSA9,13.783052827746744
SlogP_VSA10,11.374772549367124
SlogP_VSA11,5.879988336435371
SlogP_VSA12,0.0
VSA_EState1,0.0
VSA_EState2,0.0
VSA_EState3,0.0
VSA_EState4,0.0
VSA_EState5,0.0
VSA_EState6,0.0
VSA_EState7,0.0
VSA_EState8,10.827413893034349
VSA_EState9,65.17258610696567
fr_aldehyde,0
fr_barbitur,0
fr_bicyclic,0
fr_priamide,0
fr_pyridine,1
fr_thiazole,0
fr_thiocyan,0
EState_VSA10,4.794537184071822
EState_VSA11,0.0
FractionCSP3,0.28
VSA_EState10,0.0
fr_C_O_noCOO,1
fr_Nhpyrrole,0
fr_imidazole,0
fr_phos_acid,0
fr_piperdine,0
fr_piperzine,0
fr_sulfonamd,0
fr_tetrazole,0
fr_thiophene,0
HallKierAlpha,-4.14
NumHAcceptors,8
fr_morpholine,0
fr_nitro_arom,0
fr_phos_ester,0
HeavyAtomCount,34
HeavyAtomMolWt,434.3060000000002
MaxEStateIndex,13.050177823700238
MinEStateIndex,-0.32650510490160367
NumHeteroatoms,9
fr_aryl_methyl,1
fr_isothiocyan,0
fr_Al_OH_noTert,0
fr_alkyl_halide,0
fr_allylic_oxid,0
fr_prisulfonamd,0
FpDensityMorgan1,1.0588235294117647
FpDensityMorgan2,1.8529411764705883
FpDensityMorgan3,2.5588235294117645
MaxPartialCharge,0.2611322008865658
MinPartialCharge,-0.4771818500087309
NumAromaticRings,4
fr_unbrch_alkane,0
MaxAbsEStateIndex,13.050177823700238
MinAbsEStateIndex,0.25963488211323726
NumAliphaticRings,0
NumRotatableBonds,10
NumSaturatedRings,0
fr_Ndealkylation1,0
fr_Ndealkylation2,0
fr_benzodiazepine,0
fr_ketone_Topliss,0
fr_term_acetylene,0
fr_alkyl_carbamate,0
fr_dihydropyridine,0
MaxAbsPartialCharge,0.4771818500087309
MinAbsPartialCharge,0.2611322008865658
NumRadicalElectrons,0
NumValenceElectrons,176
fr_para_hydroxylation,0
NumAromaticCarbocycles,1
fr_nitro_arom_nonortho,0
fr_phenol_noOrthoHbond,0
NumAliphaticCarbocycles,0
NumAromaticHeterocycles,3
NumSaturatedCarbocycles,0
NumAliphaticHeterocycles,0
NumSaturatedHeterocycles,0
Mordred Descriptors
MW,461.2063043440007
MZ,0.6666666666666666
Mi,1.1294696032761555
Mm,0.6299171115002505
Mp,0.6720468342004516
Mv,0.6387490098200493
SZ,40.666666666666664
Si,68.89764579984549
Sm,38.42494380151528
Sp,40.99485688622755
Sv,38.96368959902301
nB,0
nC,25
nF,0
nH,27
nI,0
nN,5
nO,4
nP,0
nS,0
nX,0
ABC,26.179529930785197
AMW,7.560759087606569
IC0,1.6014257346576637
IC1,3.7665374471655655
IC2,4.877218280079435
IC3,5.270660903030255
IC4,5.336234673522058
IC5,5.336234673522058
MID,69.39906463090935
Mpe,0.9778849244615879
Mse,1.0102324692846825
NdO,1
NdS,0
NsF,0
NsI,0
NtN,0
SMR,128.1292
SdO,13.050177823700238
SdS,0
Spe,59.65098039215686
SsF,0
SsI,0
Sse,61.62418062636563
StN,0
fMF,0.4426229508196721
nBr,0
nCl,0
AMID,2.0411489597326278
BIC0,0.25709942996112045
BIC1,0.6046953097081894
BIC2,0.7830085482374438
BIC3,0.8461734343098457
BIC4,0.8567009153219126
BIC5,0.8567009153219126
CIC0,4.329311602905223
CIC1,2.164199890397321
CIC2,1.0535190574834514
CIC3,0.6600764345326313
CIC4,0.5945026640408289
CIC5,0.5945026640408289
GGI1,6.0
GGI2,3.555555555555557
GGI3,2.1597222222222223
GGI4,1.5633333333333335
GGI5,1.0555555555555554
GGI6,0.7986394557823129
GGI7,0.3568594104308389
GGI8,0.3709057697152935
GGI9,0.2659413580246914
JGI1,0.16216216216216212
JGI2,0.07111111111111114
JGI3,0.043194444444444445
JGI4,0.03190476190476191
JGI5,0.02398989898989899
JGI6,0.019015225137674112
JGI7,0.008921485260770974
JGI8,0.010024480262575498
JGI9,0.0075983245149911826
MIC0,15.126468651438941
MIC1,36.36103991222865
MIC2,42.36660619180582
MIC3,43.48470455246156
MIC4,43.5508029131173
MIC5,43.5508029131173
MPC2,50
MPC3,66
MPC4,84
MPC5,93
MPC6,99
MPC7,113
MPC8,123
MPC9,131
Mare,0.9918032786885247
NaaN,3
NaaO,2
NaaS,0
NdNH,0
NdSe,0
NddC,0
NdsN,0
NsBr,0
NsCl,0
NsLi,0
NsOH,0
NsSH,0
NssO,1
NssS,0
NtCH,0
NtsC,0
RNCG,0.1649021747466887
RPCG,0.0902407914756104
SIC0,0.27002135544173944
SIC1,0.635087550296629
SIC2,0.8223628871892726
SIC3,0.8887024670015354
SIC4,0.8997590636369124
SIC5,0.8997590636369124
SaaN,12.14318182349718
SaaO,10.827413893034349
SaaS,0
Sare,60.50000000000001
SdNH,0
SdSe,0
SddC,0
SdsN,0
SsBr,0
SsCl,0
SsLi,0
SsOH,0
SsSH,0
SssO,5.5929394132391845
SssS,0
StCH,0
StsC,0
TIC0,97.68696981411749
TIC1,229.7587842770995
TIC2,297.51031508484556
TIC3,321.51031508484556
TIC4,325.5103150848455
TIC5,325.5103150848455
Vabc,409.073916122609
WPol,50
apol,68.46141099999998
bpol,36.58258900000001
nRot,10
ABCGG,20.114794898799378
ATS0Z,1428.0
ATS0d,201.0
ATS0i,9960.640964164724
ATS0m,5638.889002000003
ATS0p,90.34986443092298
ATS0s,232.0
ATS0v,13509.317617334207
ATS1Z,1649.0
ATS1d,248.0
ATS1i,9477.002627986707
ATS1m,6281.608509000003
ATS1p,113.24662436000006
ATS1s,213.11111111111111
ATS1v,16825.629943721033
ATS2Z,2330.0
ATS2d,383.0
ATS2i,16855.042091184234
ATS2m,8739.709386000006
ATS2p,161.13860901503708
ATS2s,333.58333333333326
ATS2v,23525.980978966396
ATS3Z,2429.0
ATS3d,409.0
ATS3i,20999.48631971748
ATS3m,8903.612293999999
ATS3p,175.073738863829
ATS3s,385.3055555555555
ATS3v,25171.877510019425
ATS4Z,2551.0
ATS4d,405.0
ATS4i,21604.58062854259
ATS4m,9237.041029
ATS4p,183.88455142618795
ATS4s,463.3611111111111
ATS4v,25960.101835518755
ATS5Z,2318.0
ATS5d,397.0
ATS5i,24041.585527260224
ATS5m,8241.826875999997
ATS5p,185.500443118621
ATS5s,446.52777777777766
ATS5v,25202.235686811317
ATS6Z,2150.0
ATS6d,372.0
ATS6i,22748.95863509461
ATS6m,7750.61025
ATS6p,168.59285930426205
ATS6s,394.3888888888888
ATS6v,22936.243100572658
ATS7Z,2048.0
ATS7d,355.0
ATS7i,19515.874019234034
ATS7m,7391.898471999999
ATS7p,151.044302880678
ATS7s,352.11111111111103
ATS7v,21180.330005384392
ATS8Z,1908.0
ATS8d,316.0
ATS8i,17351.852184506035
ATS8m,6869.982425000001
ATS8p,138.29815533903692
ATS8s,333.47222222222223
ATS8v,19676.814987829955
C1SP1,0
C1SP2,3
C1SP3,6
C2SP1,0
C2SP2,14
C2SP3,1
C3SP2,1
C3SP3,0
C4SP3,0
FCSP3,0.28
GGI10,0.24589939802061014
JGI10,0.007025697086303148
JGT10,0.38494759087469355
Kier1,27.04601899196494
Kier2,13.5168
Kier3,7.287419651056014
MAXdO,13.050177823700238
MID_C,51.21953232424927
MID_N,10.263996942103265
MID_O,7.915535364556813
MID_X,0.0
MID_h,18.17953230666008
MINdO,13.050177823700238
MPC10,145
MWC01,37.0
MWC02,5.1647859739235145
MWC03,6.008813185442595
MWC04,6.874198495453294
MWC05,7.732369222284388
MWC06,8.604654467186231
MWC07,9.470625553571013
MWC08,10.347371770548238
MWC09,11.219104588559038
MWC10,12.099439097688393
NaaCH,9
NaaNH,0
NaaSe,0
NaaaC,0
NaasC,8
NaasN,0
NdCH2,0
NddsN,0
NdsCH,0
NdssC,1
NdssS,0
NsCH3,3
NsNH2,0
NsNH3,0
NsPH2,0
NsSeH,0
NssBH,0
NssBe,0
NssNH,1
NssPH,0
NssSe,0
NsssB,0
NsssN,1
NsssP,0
SLogP,4.753020000000004
SRW02,4.31748811353631
SRW03,0.0
SRW04,5.616771097666572
SRW05,3.044522437723423
SRW06,7.102499355774649
SRW07,5.351858133476067
SRW08,8.670257567143075
SRW09,7.40184157874383
SRW10,10.282095206474409
SaaCH,16.578809396268095
SaaNH,0
SaaSe,0
SaaaC,0
SaasC,4.362091804803143
SaasN,0
SdCH2,0
SddsN,0
SdsCH,0
SdssC,-0.32650510490160367
SdssS,0
SsCH3,5.934075978555439
SsNH2,0
SsNH3,0
SsPH2,0
SsSeH,0
SssBH,0
SssBe,0
SssNH,2.9139584701044074
SssPH,0
SssSe,0
SsssB,0
SsssN,2.233546112890038
SsssP,0
VE1_A,4.21235208571854
VE1_D,5.725263466215256
VE2_A,0.12389270840348647
VE2_D,0.16839010194750753
VE3_A,2.661796613501571
VE3_D,2.9686640003031255
VR1_A,1106.7191657870774
VR1_D,232.47844913705785
VR2_A,32.55056369961992
VR2_D,6.837601445207584
VR3_A,8.232930642703575
VR3_D,6.672572960469747
WPath,4151
Xc-3d,1.830970831085892
Xc-4d,0.0
Xc-5d,0.3538704765036392
Xc-6d,0.0
Xp-0d,23.9156383156272
Xp-1d,16.58404999576855
Xp-2d,14.240304104836415
Xp-3d,12.212589450862817
Xp-4d,10.264332697587083
Xp-5d,7.232507531076937
Xp-6d,4.8072102154849885
Xp-7d,3.6449285135101888
ZMIC0,111.76516116209912
ZMIC1,51.629332425394786
ZMIC2,31.753633155618076
ZMIC3,28.16779647275284
ZMIC4,27.91004320471593
ZMIC5,27.91004320471593
nAcid,0
nAtom,61
nBase,0
nRing,4
piPC1,3.912023005428146
piPC2,4.483002552013883
piPC3,5.051457288616511
piPC4,5.610844478996932
piPC5,5.96966617964657
piPC6,6.170786818873342
piPC7,6.506997822473216
piPC8,6.820527969589875
piPC9,7.038097999440804
AATS0Z,23.40983606557377
AATS0d,3.2950819672131146
AATS0i,163.28919613384795
AATS0m,92.44080331147545
AATS0p,1.481145318539721
AATS0s,3.80327868852459
AATS0v,221.464223234987
AATS1Z,25.765625
AATS1d,3.875
AATS1i,148.0781660622923
AATS1m,98.15013295312505
AATS1p,1.7694785056250009
AATS1s,3.329861111111111
AATS1v,262.90046787064114
AATS2Z,21.574074074074073
AATS2d,3.5462962962962963
AATS2i,156.06520454800216
AATS2m,80.92323505555561
AATS2p,1.4920241575466395
AATS2s,3.0887345679012337
AATS2v,217.83315721265183
AATS3Z,18.684615384615384
AATS3d,3.146153846153846
AATS3i,161.53451015167292
AATS3m,68.48932533846153
AATS3p,1.3467210681833
AATS3s,2.9638888888888886
AATS3v,193.62982700014942
AATS4Z,18.75735294117647
AATS4d,2.9779411764705883
AATS4i,158.85721050398962
AATS4m,67.91941933088235
AATS4p,1.3520922898984409
AATS4s,3.4070669934640523
AATS4v,190.88310173175554
AATS5Z,15.557046979865772
AATS5d,2.664429530201342
AATS5i,161.35292300174646
AATS5m,55.31427433557045
AATS5p,1.2449694169034966
AATS5s,2.9968307233407896
AATS5v,169.1425213879954
AATS6Z,15.357142857142858
AATS6d,2.657142857142857
AATS6i,162.4925616792472
AATS6m,55.36150178571428
AATS6p,1.2042347093161574
AATS6s,2.8170634920634914
AATS6v,163.83030786123328
AATS7Z,17.066666666666666
AATS7d,2.9583333333333335
AATS7i,162.63228349361694
AATS7m,61.59915393333333
AATS7p,1.25870252400565
AATS7s,2.9342592592592585
AATS7v,176.50275004486994
AATS8Z,17.83177570093458
AATS8d,2.953271028037383
AATS8i,162.1668428458508
AATS8m,64.20544322429907
AATS8p,1.2925061246638965
AATS8s,3.1165628245067496
AATS8v,183.89546717598088
AMID_C,1.506456833066155
AMID_N,0.3018822630030372
AMID_O,0.2328098636634357
AMID_X,0.0
AMID_h,0.5346921266664729
ATS0dv,504.0
ATS0pe,386.78489999999994
ATS0se,474.3264719999998
ATS1dv,528.0
ATS1pe,423.6437
ATS1se,504.1358039999997
ATS2dv,706.0
ATS2pe,696.8792
ATS2se,844.3265759999998
ATS3dv,654.0
ATS3pe,832.6226000000001
ATS3se,1019.4279440000003
ATS4dv,699.0
ATS4pe,881.6017000000002
ATS4se,1075.24386
ATS5dv,622.0
ATS5pe,922.2125
ATS5se,1143.142096
ATS6dv,578.0
ATS6pe,853.7753000000001
ATS6se,1064.1171439999998
ATS7dv,552.0
ATS7pe,760.9403000000003
ATS7se,937.470816
ATS8dv,521.0
ATS8pe,689.0960999999998
ATS8se,843.7195160000001
ATSC0Z,452.0
ATSC0c,1.2071446033304365
ATSC0d,33.77049180327868
ATSC0i,93.78354327616684
ATSC0m,2147.043813737704
ATSC0p,13.514375970088224
ATSC0s,58.08196721311474
ATSC0v,2968.8212796331113
ATSC1Z,37.0
ATSC1c,-0.43191319905869663
ATSC1d,16.142434829346936
ATSC1i,-14.252858573239003
ATSC1m,168.52115258667078
ATSC1p,-1.1501996936638612
ATSC1s,1.311997969482517
ATSC1v,-91.10203436656612
ATSC2Z,102.0
ATSC2c,0.07875727505937455
ATSC2d,5.193227626981988
ATSC2i,-26.35670088028308
ATSC2m,479.23669115291636
ATSC2p,-0.9891635683298465
ATSC2s,9.995588103556397
ATSC2v,202.31466668962588
ATSC3Z,21.0
ATSC3c,-0.5367964348418965
ATSC3d,-9.494490728298844
ATSC3i,11.888498545962877
ATSC3m,114.70869216554716
ATSC3p,2.2897913065060034
ATSC3s,-6.9811505270387295
ATSC3v,585.0192158587653
ATSC4Z,-109.0
ATSC4c,0.3112487595215855
ATSC4d,-10.291588282719704
ATSC4i,-13.304912743320973
ATSC4m,-540.7483109725874
ATSC4p,-4.412644930727543
ATSC4s,19.79585087640717
ATSC4v,-1172.3200827743183
ATSC5Z,-14.0
ATSC5c,-0.08148645867302227
ATSC5d,10.724536414942218
ATSC5i,7.067236103755013
ATSC5m,-74.8583550314432
ATSC5p,-1.5617747358921341
ATSC5s,-3.874623010540776
ATSC5v,-319.2775784688773
ATSC6Z,182.0
ATSC6c,0.010601782869779518
ATSC6d,4.100510615425962
ATSC6i,-8.1436371631491
ATSC6m,856.794244175759
ATSC6p,1.3412975964478988
ATSC6s,10.913882170264863
ATSC6v,695.5325589682417
ATSC7Z,4.0
ATSC7c,0.18056352079522947
ATSC7d,-4.810803547433488
ATSC7i,-4.950480278697681
ATSC7m,21.907607794678913
ATSC7p,0.43739112526859786
ATSC7s,1.105601839409954
ATSC7v,80.31899488862771
ATSC8Z,-92.0
ATSC8c,-0.4523162965385566
ATSC8d,1.6812684762160703
ATSC8i,-6.5755623278049375
ATSC8m,-433.00564021203945
ATSC8p,-2.013809752164452
ATSC8s,-18.013086386574695
ATSC8v,-406.767981261543
AXp-0d,0.7034011269302117
AXp-1d,0.448217567453204
AXp-2d,0.2848060820967283
AXp-3d,0.18503923410398207
AXp-4d,0.1221944368760367
AXp-5d,0.07776889818362298
AXp-6d,0.04855767894429281
AXp-7d,0.032256004544337954
GATS1Z,0.7435702433628318
GATS1c,1.4037152744987347
GATS1d,0.6385012135922332
GATS1i,1.3442605423662444
GATS1m,0.7510333521555435
GATS1p,1.1523675713155024
GATS1s,0.6055110135007998
GATS1v,1.0027484513515432
GATS2Z,0.7872418879056047
GATS2c,1.155166874868614
GATS2d,1.1104368932038837
GATS2i,1.257613376010925
GATS2m,0.789932667979896
GATS2p,1.049313674218674
GATS2s,0.6296975779053116
GATS2v,0.9270266310435447
GATS3Z,0.9577944179714092
GATS3c,1.5031298114931608
GATS3d,1.2710231516056762
GATS3i,0.9877573367814046
GATS3m,0.9524859634333348
GATS3p,0.8817482459427677
GATS3s,1.0172405682566563
GATS3v,0.8529892724165413
GATS4Z,1.0780517959396148
GATS4c,1.0840218940861668
GATS4d,1.1365648201027987
GATS4i,1.099778672432997
GATS4m,1.079952132296206
GATS4p,1.1317518505708606
GATS4s,1.0285920041174812
GATS4v,1.1241551923923163
GATS5Z,0.995575221238938
GATS5c,0.899287817286693
GATS5d,0.8346908190525838
GATS5i,0.9372585346727044
GATS5m,0.9974503867659473
GATS5p,1.0411883890123586
GATS5s,1.3733195430255711
GATS5v,1.0370017899382564
GATS6Z,0.8201643489254109
GATS6c,0.7721894305748473
GATS6d,0.9644937586685162
GATS6i,0.9744198332597686
GATS6m,0.822866130022922
GATS6p,0.9511491094009171
GATS6s,1.0181629100977112
GATS6v,0.9077587996287252
GATS7Z,0.9983407079646017
GATS7c,1.0015890273442092
GATS7d,1.1252427184466023
GATS7i,1.0241842920976518
GATS7m,0.9949841604680825
GATS7p,0.9443126831424972
GATS7s,0.8243857214538842
GATS7v,0.9410431096179266
GATS8Z,1.1066082209908197
GATS8c,1.4070649274735867
GATS8d,0.954768169857545
GATS8i,1.0847165515543595
GATS8m,1.1021760731622436
GATS8p,1.0311579756572253
GATS8s,1.402438488248075
GATS8v,1.008690951291137
MATS1Z,0.07802129424778761
MATS1c,-0.34102564574041583
MATS1d,0.455597694174757
MATS1i,-0.14485223476377984
MATS1m,0.07481064081293737
MATS1p,-0.08111984493030285
MATS1s,0.02152988482767273
MATS1v,-0.02924784563534388
MATS2Z,0.1274582104228122
MATS2c,0.03684999759370459
MATS2d,0.0868572455951096
MATS2i,-0.15873419372724523
MATS2m,0.12607101039767926
MATS2p,-0.04134073514784245
MATS2s,0.09720153284340892
MATS2v,0.03849013134759787
MATS3Z,0.02180054458815521
MATS3c,-0.20865884944212365
MATS3d,-0.13192307692307695
MATS3i,0.05948217696674178
MATS3m,0.025069282479426278
MATS3p,0.0795035256165606
MATS3s,-0.05639909922297731
MATS3v,0.09246397503123321
MATS4Z,-0.10816306611140031
MATS4c,0.1156483014839745
MATS4d,-0.1366897487150201
MATS4i,-0.06363210940718476
MATS4m,-0.11296533414055576
MATS4p,-0.14645152979955284
MATS4s,0.15287053409189436
MATS4v,-0.17711407578960006
MATS5Z,-0.012680406248143969
MATS5c,-0.027635651897300377
MATS5d,0.1300123802697596
MATS5i,0.030850807094038427
MATS5m,-0.014273909507920474
MATS5p,-0.04731141780157856
MATS5s,-0.027310628997573874
MATS5v,-0.044027896135191966
MATS6Z,0.1754424778761062
MATS6c,0.0038266734885443214
MATS6d,0.052905686546463264
MATS6i,-0.03783498602957508
MATS6m,0.17387511596945868
MATS6p,0.04324450684664275
MATS6s,0.08187281874834798
MATS6v,0.10207871864867805
MATS7Z,0.004498525073746313
MATS7c,0.07603600774174739
MATS7d,-0.07241504854368938
MATS7i,-0.02683300346480763
MATS7m,0.005186837466647495
MATS7p,0.016452146156827132
MATS7s,0.009676226466376047
MATS7v,0.013752536295066148
MATS8Z,-0.11603672152840956
MATS8c,-0.2136136473349
MATS8d,0.028382179475546675
MATS8i,-0.03997167236841621
MATS8m,-0.11497375189003102
MATS8p,-0.08495100090404964
MATS8s,-0.1768043198104053
MATS8v,-0.07811038226151513
MAXaaN,4.114246630350815
MAXaaO,5.4258771383004785
MAXssO,5.5929394132391845
MINaaN,3.9690828519788797
MINaaO,5.40153675473387
MINssO,5.5929394132391845
NddssS,0
NdssSe,0
NdsssP,0
NsAsH2,0
NsGeH3,0
NsPbH3,0
NsSiH3,0
NsSnH3,0
NssAsH,0
NssCH2,4
NssNH2,0
NsssAs,0
NsssCH,0
NsssNH,0
NssssB,0
NssssC,0
NssssN,0
Radius,10
SM1_Dt,0.0
SddssS,0
SdssSe,0
SdsssP,0
SpAD_A,44.467860717216624
SpAD_D,509.90150825695054
SsAsH2,0
SsGeH3,0
SsPbH3,0
SsSiH3,0
SsSnH3,0
SssAsH,0
SssCH2,2.6903103888095314
SssNH2,0
SsssAs,0
SsssCH,0
SsssNH,0
SssssB,0
SssssC,0
SssssN,0
TMPC10,975
TMWC10,148.5213623546567
TSRW10,85.78733349053833
VE1_Dt,5.7449810481221935
VE2_Dt,0.16897003082712334
VE3_Dt,2.972102044070082
VR1_Dt,230.06350691341564
VR2_Dt,6.766573732747519
VR3_Dt,6.662130819446874
Xc-3dv,0.7466254863888677
Xc-4dv,0.0
Xc-5dv,0.10391032441510355
Xc-6dv,0.0
Xch-3d,0.0
Xch-4d,0.0
Xch-5d,0.21407617506269555
Xch-6d,0.5441062770026583
Xch-7d,0.6902340030291907
Xp-0dv,19.446427091308106
Xp-1dv,11.210561261770131
Xp-2dv,7.590298669990077
Xp-3dv,5.371305780719601
Xp-4dv,3.5763590916734875
Xp-5dv,1.9990733834982655
Xp-6dv,1.0771917933722186
Xp-7dv,0.6732137138448251
Xpc-4d,4.529622667615257
Xpc-5d,7.601468769756045
Xpc-6d,10.223141700084643
n3Ring,0
n4Ring,0
n5Ring,2
n6Ring,2
n7Ring,0
n8Ring,0
n9Ring,0
nARing,0
nBonds,64
nFRing,0
nHBAcc,8
nHBDon,1
nHRing,3
nSpiro,0
naRing,4
piPC10,7.324356071240196
AATS0dv,8.262295081967213
AATS0pe,6.340736065573769
AATS0se,7.775843803278685
AATS1dv,8.25
AATS1pe,6.6194328125
AATS1se,7.877121937499996
AATS2dv,6.537037037037037
AATS2pe,6.4525851851851845
AATS2se,7.817838666666665
AATS3dv,5.030769230769231
AATS3pe,6.404789230769232
AATS3se,7.841753415384617
AATS4dv,5.139705882352941
AATS4pe,6.482365441176472
AATS4se,7.906204852941177
AATS5dv,4.174496644295302
AATS5pe,6.189345637583893
AATS5se,7.672094604026846
AATS6dv,4.128571428571429
AATS6pe,6.098395000000001
AATS6se,7.600836742857141
AATS7dv,4.6
AATS7pe,6.34116916666667
AATS7se,7.8122568
AATS8dv,4.869158878504673
AATS8pe,6.440150467289717
AATS8se,7.885229121495328
AATSC0Z,7.409836065573771
AATSC0c,0.019789255792302236
AATSC0d,0.55361461972588
AATSC0i,1.5374351356748661
AATSC0m,35.19743956947056
AATSC0p,0.2215471470506266
AATSC0s,0.9521633969363071
AATSC0v,48.66920130546084
AATSC1Z,0.578125
AATSC1c,-0.006748643735292135
AATSC1d,0.25222554420854587
AATSC1i,-0.22270091520685942
AATSC1m,2.633143009166731
AATSC1p,-0.01797187021349783
AATSC1s,0.02049996827316433
AATSC1v,-1.4234692869775956
AATSC2Z,0.9444444444444444
AATSC2c,0.0007292340283275421
AATSC2d,0.04808544099057396
AATSC2i,-0.24404352666928777
AATSC2m,4.437376769934411
AATSC2p,-0.00915892192898006
AATSC2s,0.09255174169959626
AATSC2v,1.8732839508298693
AATSC3Z,0.16153846153846155
AATSC3c,-0.004129203344937666
AATSC3d,-0.07303454406383726
AATSC3i,0.09144998881509905
AATSC3m,0.8823745551195935
AATSC3p,0.017613779280815412
AATSC3s,-0.05370115790029792
AATSC3v,4.500147814298194
AATSC4Z,-0.8014705882352942
AATSC4c,0.0022885938200116578
AATSC4d,-0.07567344325529195
AATSC4i,-0.09783024075971303
AATSC4m,-3.9760905218572606
AATSC4p,-0.03244591860829076
AATSC4s,0.14555772703240566
AATSC4v,-8.620000608634694
AATSC5Z,-0.09395973154362416
AATSC5c,-0.0005468889843826999
AATSC5d,0.07197675446269945
AATSC5i,0.0474311147903021
AATSC5m,-0.5024050673251221
AATSC5p,-0.010481709636859961
AATSC5s,-0.026004181278797153
AATSC5v,-2.1428025400595794
AATSC6Z,1.3
AATSC6c,7.572702049842513e-05
AATSC6d,0.02928936153875687
AATSC6i,-0.05816883687963643
AATSC6m,6.119958886969707
AATSC6p,0.009580697117484991
AATSC6s,0.0779563012161776
AATSC6v,4.968089706916012
AATSC7Z,0.03333333333333333
AATSC7c,0.0015046960066269122
AATSC7d,-0.04009002956194573
AATSC7i,-0.04125400232248067
AATSC7m,0.18256339828899096
AATSC7p,0.0036449260439049822
AATSC7s,0.009213348661749617
AATSC7v,0.6693249574052309
AATSC8Z,-0.8598130841121495
AATSC8c,-0.004227255107836977
AATSC8d,0.01571278949734645
AATSC8i,-0.06145385353088727
AATSC8m,-4.046781684224668
AATSC8p,-0.0188206518893874
AATSC8s,-0.16834660174368873
AATSC8v,-3.8015699183321776
ATS0are,383.05449999999996
ATS1are,415.319
ATS2are,686.4549999999999
ATS3are,823.199
ATS4are,871.8808
ATS5are,911.7057999999997
ATS6are,844.1840000000002
ATS7are,753.4109
ATS8are,682.0000000000002
ATSC0dv,260.0
ATSC0pe,7.482406557377046
ATSC0se,4.8935474098360645
ATSC1dv,120.0
ATSC1pe,1.0542406611126156
ATSC1se,0.5822881601719928
ATSC2dv,84.0
ATSC2pe,1.1866801934963829
ATSC2se,0.2811369137328633
ATSC3dv,-34.0
ATSC3pe,-1.7410156140822224
ATSC3se,-1.4880035947326045
ATSC4dv,-17.0
ATSC4pe,1.5094280032249605
ATSC4se,1.8547049879064685
ATSC5dv,56.0
ATSC5pe,0.7185921795216319
ATSC5se,0.4928003267938736
ATSC6dv,86.0
ATSC6pe,2.8443259338887277
ATSC6se,1.4648410921795252
ATSC7dv,-28.0
ATSC7pe,-0.22615224402041653
ATSC7se,-0.16387923246439562
ATSC8dv,-27.0
ATSC8pe,-2.1667934694974327
ATSC8se,-1.4635762762698266
AXp-0dv,0.5719537379796502
AXp-1dv,0.30298814221000353
AXp-2dv,0.15180597339980154
AXp-3dv,0.08138342091999395
AXp-4dv,0.042575703472303425
AXp-5dv,0.0214954127257878
AXp-6dv,0.010880725185577965
AXp-7dv,0.005957643485352435
BertzCT,1213.854080977998
ECIndex,1095
ETA_eta,28.48673868320676
GATS1dv,0.3966346153846154
GATS1pe,0.6472683571604473
GATS1se,0.7022202580673716
GATS2dv,0.7873931623931625
GATS2pe,0.8281871996415051
GATS2se,0.8981698343888952
GATS3dv,1.1094674556213018
GATS3pe,1.1786756976651611
GATS3se,1.237247800452718
GATS4dv,1.0503393665158371
GATS4pe,1.0192704084912476
GATS4se,1.013572002406529
GATS5dv,0.8851316468766134
GATS5pe,0.9334137559215961
GATS5se,0.9357121864406582
GATS6dv,0.8357142857142857
GATS6pe,0.7727240788039366
GATS6se,0.7882835362725307
GATS7dv,1.1153846153846154
GATS7pe,1.117107168115457
GATS7se,1.152102049459631
GATS8dv,1.0999281092739037
GATS8pe,1.2913095178198069
GATS8se,1.3360800036349345
LogEE_A,4.448151286449047
LogEE_D,254.95075412847527
MATS1dv,0.43990384615384615
MATS1pe,0.13429143717568884
MATS1se,0.11341330862522962
MATS2dv,0.18247863247863247
MATS2pe,0.08957740381979798
MATS2se,0.03244891293961231
MATS3dv,-0.06136094674556213
MATS3pe,-0.10918119585912459
MATS3se,-0.14268117030420685
MATS4dv,-0.029326923076923077
MATS4pe,0.09048196582156799
MATS4se,0.169997277547705
MATS5dv,0.08817759421786268
MATS5pe,0.03931739639920081
MATS5se,0.04122785628949785
MATS6dv,0.14412087912087915
MATS6pe,0.16563032670298874
MATS6se,0.1304273028766503
MATS7dv,-0.05474358974358975
MATS7pe,-0.01536413761564049
MATS7se,-0.01702349431320319
MATS8dv,-0.059202012940330694
MATS8pe,-0.16509057242528818
MATS8se,-0.1705051960110285
MAXaaCH,1.9870479537151406
MAXaasC,1.1037018647319665
MAXdssC,-0.32650510490160367
MAXsCH3,2.1093596782392443
MAXssNH,2.9139584701044074
MAXsssN,2.233546112890038
MDEC-11,0.3820962723620983
MDEC-12,4.882019693840839
MDEC-13,4.053874459402627
MDEC-22,12.052023316457687
MDEC-23,20.3566392458003
MDEC-33,9.256510909123689
MDEN-22,0.9547458918955469
MDEN-23,0.4342370416217538
MDEO-12,0.5000000000000001
MDEO-22,0.6223699000246825
MINaaCH,1.6667671267936084
MINaasC,0.25963488211323726
MINdssC,-0.32650510490160367
MINsCH3,1.7153566220769503
MINssNH,2.9139584701044074
MINsssN,2.233546112890038
NddssSe,0
NssGeH2,0
NssPbH2,0
NssSiH2,0
NssSnH2,0
NsssGeH,0
NsssPbH,0
NsssSiH,0
NsssSnH,0
NsssdAs,0
NssssBe,0
NssssGe,0
NssssPb,0
NssssSi,0
NssssSn,0
NsssssP,0
SM1_DzZ,1.7142857142857144
SM1_Dzi,1.8187846708014441
SM1_Dzm,1.7095632088057127
SM1_Dzp,-6.920086148265698
SM1_Dzv,-3.1926010534492466
SddssSe,0
SpAD_Dt,757.5132168712188
SpAbs_A,44.467860717216624
SpAbs_D,509.90150825695054
SpMAD_A,1.3078782563887241
SpMAD_D,14.997103184027957
SpMax_A,2.458147256734763
SpMax_D,254.95075412847527
SssGeH2,0
SssPbH2,0
SssSiH2,0
SssSnH2,0
SsssGeH,0
SsssPbH,0
SsssSiH,0
SsssSnH,0
SsssdAs,0
SssssBe,0
SssssGe,0
SssssPb,0
SssssSi,0
SssssSn,0
SsssssP,0
TopoPSA,106.52000000000001
TpiPC10,8.649161253300807
VAdjMat,6.20945336562895
VE1_DzZ,5.7221850423831935
VE1_Dzi,5.722857766430146
VE1_Dzm,5.722178944939474
VE1_Dzp,5.710715432427036
VE1_Dzv,5.716583340099079
VE2_DzZ,0.16829956007009392
VE2_Dzi,0.1683193460714749
VE2_Dzm,0.16829938073351394
VE2_Dzp,0.1679622186007952
VE2_Dzv,0.16813480412056114
VE3_DzZ,2.968126164486881
VE3_Dzi,2.9682437217663016
VE3_Dzm,2.968125098906701
VE3_Dzp,2.9661197420870318
VE3_Dzv,2.96714674038376
VR1_DzZ,232.56982576960942
VR1_Dzi,232.50571164288075
VR1_Dzm,232.5708601327101
VR1_Dzp,234.34343462431963
VR1_Dzv,233.53335346721485
VR2_DzZ,6.8402889932238065
VR2_Dzi,6.83840328361414
VR2_Dzm,6.840319415667944
VR2_Dzp,6.892453959538813
VR2_Dzv,6.868628043153378
VR3_DzZ,6.672965937451527
VR3_Dzi,6.6726902225537215
VR3_Dzm,6.672970384979477
VR3_Dzp,6.680563140340532
VR3_Dzv,6.677100339931554
Xch-3dv,0.0
Xch-4dv,0.0
Xch-5dv,0.04917408706411841
Xch-6dv,0.13007658071640577
Xch-7dv,0.121497144793438
Xpc-4dv,1.5994265002819619
Xpc-5dv,2.1052065328304463
Xpc-6dv,2.209012763167322
Zagreb1,174.0
Zagreb2,203.0
fragCpx,247.09
n10Ring,0
n11Ring,0
n12Ring,0
n3ARing,0
n3HRing,0
n3aRing,0
n4ARing,0
n4FRing,0
n4HRing,0
n4aRing,0
n5ARing,0
n5FRing,0
n5HRing,2
n5aRing,2
n6ARing,0
n6FRing,0
n6HRing,1
n6aRing,2
n7ARing,0
n7FRing,0
n7HRing,0
n7aRing,0
n8ARing,0
n8FRing,0
n8HRing,0
n8aRing,0
n9ARing,0
n9FRing,0
n9HRing,0
n9aRing,0
nAHRing,0
nBondsA,22
nBondsD,1
nBondsM,23
nBondsO,37
nBondsS,41
nBondsT,0
nFARing,0
nFHRing,0
nFaRing,0
nHetero,9
naHRing,3
AATS0are,6.279581967213114
AATS1are,6.489359375
AATS2are,6.356064814814814
AATS3are,6.3323
AATS4are,6.410888235294117
AATS5are,6.11883087248322
AATS6are,6.029885714285716
AATS7are,6.2784241666666665
AATS8are,6.373831775700936
AATSC0dv,4.262295081967213
AATSC0pe,0.12266240257995158
AATSC0se,0.08022208868583712
AATSC1dv,1.875
AATSC1pe,0.01647251032988462
AATSC1se,0.009098252502687388
AATSC2dv,0.7777777777777778
AATSC2pe,0.010987779569410952
AATSC2se,0.0026031195716005864
AATSC3dv,-0.26153846153846155
AATSC3pe,-0.01339242780063248
AATSC3se,-0.011446181497943112
AATSC4dv,-0.125
AATSC4pe,0.011098735317830592
AATSC4se,0.013637536675782857
AATSC5dv,0.37583892617449666
AATSC5pe,0.004822766305514308
AATSC5se,0.003307384743583044
AATSC6dv,0.6142857142857143
AATSC6pe,0.02031661381349091
AATSC6se,0.01046315065842518
AATSC7dv,-0.23333333333333334
AATSC7pe,-0.001884602033503471
AATSC7se,-0.00136566027053663
AATSC8dv,-0.2523364485981308
AATSC8pe,-0.02025040625698535
AATSC8se,-0.013678282955792771
AETA_eta,0.8378452553884341
ATSC0are,8.028885245901636
ATSC1are,1.113497446922882
ATSC2are,0.9872359580757986
ATSC3are,-2.2142390486428205
ATSC4are,2.1514328943832526
ATSC5are,0.9247196452566473
ATSC6are,2.81532894383229
ATSC7are,-0.28276769685567377
ATSC8are,-2.4499462510077747
BCUTZ-1h,8.035384519882008
BCUTZ-1l,5.69833020987374
BCUTc-1h,0.4551068028010866
BCUTc-1l,-0.5076788769802064
BCUTd-1h,3.2607964576401747
BCUTd-1l,0.977895744158091
BCUTi-1h,14.566928322248213
BCUTi-1l,10.960365435207883
BCUTm-1h,16.017788125274837
BCUTm-1l,11.71052799037276
BCUTp-1h,1.9836661222893885
BCUTp-1l,0.7151415392920358
BCUTs-1h,7.008273289693589
BCUTs-1l,1.375332799976219
BCUTv-1h,20.886224347509547
BCUTv-1l,14.681143333900275
BalabanJ,1.206342752691401
Diameter,20
ETA_beta,45.5
GATS1are,0.6650284985360236
GATS2are,0.858974926143265
GATS3are,1.2147706122879776
GATS4are,1.0123191288349656
GATS5are,0.9233765755392653
GATS6are,0.7745302237179925
GATS7are,1.1328129275035628
GATS8are,1.3214844158331795
HybRatio,0.28
Lipinski,True
LogEE_Dt,378.7566084356094
MATS1are,0.13218550540875101
MATS2are,0.0694499270772041
MATS3are,-0.12940639456589964
MATS4are,0.12018865645906894
MATS5are,0.04715181341744138
MATS6are,0.15278323232217103
MATS7are,-0.01790288956676853
MATS8are,-0.17395918452399434
MAXssCH2,0.9170705535551209
MINssCH2,0.3729254666601174
NsssssAs,0
RotRatio,0.2702702702702703
SM1_Dzpe,1.8408047735618116
SM1_Dzse,1.695294166436178
SMR_VSA1,18.577590011818568
SMR_VSA2,0.0
SMR_VSA3,15.2973050351981
SMR_VSA4,0.0
SMR_VSA5,27.19203322199788
SMR_VSA6,29.91309311119488
SMR_VSA7,71.74540702472586
SMR_VSA8,0.0
SMR_VSA9,17.334163750158275
SpAD_DzZ,400.84771351886184
SpAD_Dzi,395.29417630656576
SpAD_Dzm,400.9313095212367
SpAD_Dzp,552.1263002719895
SpAD_Dzv,492.187109390507
SpAbs_Dt,757.5132168712189
SpDiam_A,4.793122235554465
SpDiam_D,385.6269123119342
SpMAD_Dt,22.279800496212317
SpMax_Dt,378.7566084356094
SsssssAs,0
VE1_Dzpe,5.722427221680239
VE1_Dzse,5.7221500043453375
VE2_Dzpe,0.16830668299059526
VE2_Dzse,0.16829852953956875
VE3_Dzpe,2.9681684864618845
VE3_Dzse,2.9681200412761024
VMcGowan,345.7500000000012
VR1_Dzpe,232.5363228431682
VR1_Dzse,232.57474729954092
VR2_Dzpe,6.8393036130343585
VR2_Dzse,6.8404337441041445
VR3_Dzpe,6.672821871729759
VR3_Dzse,6.672987098742947
mZagreb1,10.11111111111111
mZagreb2,7.722222222222224
n10ARing,0
n10FRing,0
n10HRing,0
n10aRing,0
n11ARing,0
n11FRing,0
n11HRing,0
n11aRing,0
n12ARing,0
n12FRing,0
n12HRing,0
n12aRing,0
n3AHRing,0
n3aHRing,0
n4AHRing,0
n4FARing,0
n4FHRing,0
n4FaRing,0
n4aHRing,0
n5AHRing,0
n5FARing,0
n5FHRing,0
n5FaRing,0
n5aHRing,2
n6AHRing,0
n6FARing,0
n6FHRing,0
n6FaRing,0
n6aHRing,1
n7AHRing,0
n7FARing,0
n7FHRing,0
n7FaRing,0
n7aHRing,0
n8AHRing,0
n8FARing,0
n8FHRing,0
n8FaRing,0
n8aHRing,0
n9AHRing,0
n9FARing,0
n9FHRing,0
n9FaRing,0
n9aHRing,0
nBondsKD,11
nBondsKS,53
nFAHRing,0
nFaHRing,0
nG12Ring,0
AATSC0are,0.13162106960494485
AATSC1are,0.01739839760817003
AATSC2are,0.009141073685887024
AATSC3are,-0.017032608066483233
AATSC4are,0.015819359517523918
AATSC5are,0.006206172115816424
AATSC6are,0.02010949245594493
AATSC7are,-0.0023563974737972814
AATSC8are,-0.0228966939346521
AETA_beta,1.338235294117647
BCUTdv-1h,6.0353029745496585
BCUTdv-1l,0.9872569003884865
BCUTpe-1h,3.5187813893031774
BCUTpe-1l,2.2464205713242835
BCUTse-1h,3.72683661234419
BCUTse-1l,2.4421373684424648
ETA_alpha,15.833333333333336
ETA_dBeta,0.5
ETA_eta_B,0.3301635666045435
ETA_eta_F,35.696535305497825
ETA_eta_L,7.417273438621067
ETA_eta_R,64.18327398870458
ETA_psi_1,0.5484988452655892
LabuteASA,197.25730091875576
LogEE_DzZ,200.47427692749818
LogEE_Dzi,197.70058182007116
LogEE_Dzm,200.51593603146557
LogEE_Dzp,275.4354058600204
LogEE_Dzv,245.81185460230208
PEOE_VSA1,23.999751162603552
PEOE_VSA2,4.794537184071822
PEOE_VSA3,4.9839785209472085
PEOE_VSA4,0.0
PEOE_VSA5,0.0
PEOE_VSA6,16.379693582712502
PEOE_VSA7,51.10304694137992
PEOE_VSA8,49.214684692654586
PEOE_VSA9,12.300809959361379
SM1_Dzare,2.0711959050721265
SpAD_Dzpe,398.1718341357505
SpAD_Dzse,401.2417450191656
SpAbs_DzZ,399.2863874871888
SpAbs_Dzi,393.685810848743
SpAbs_Dzm,399.37424228661763
SpAbs_Dzp,557.7908978683067
SpAbs_Dzv,494.8163102580535
SpDiam_Dt,566.5486893734605
SpMAD_DzZ,11.789638632907701
SpMAD_Dzi,11.626299303134287
SpMAD_Dzm,11.792097338859904
SpMAD_Dzp,16.239008831529105
SpMAD_Dzv,14.47609145266197
SpMax_DzZ,200.47427692749818
SpMax_Dzi,197.70058182007116
SpMax_Dzm,200.51593603146557
SpMax_Dzp,275.4354058600204
SpMax_Dzv,245.81185460230208
VE1_Dzare,5.722788747231677
VE2_Dzare,0.16831731609504932
VE3_Dzare,2.9682316614255617
VR1_Dzare,232.4809238589144
VR2_Dzare,6.837674231144541
VR3_Dzare,6.672583605364764
n10AHRing,0
n10FARing,0
n10FHRing,0
n10FaRing,0
n10aHRing,0
n11AHRing,0
n11FARing,0
n11FHRing,0
n11FaRing,0
n11aHRing,0
n12AHRing,0
n12FARing,0
n12FHRing,0
n12FaRing,0
n12aHRing,0
n4FAHRing,0
n4FaHRing,0
n5FAHRing,0
n5FaHRing,0
n6FAHRing,0
n6FaHRing,0
n7FAHRing,0
n7FaHRing,0
n8FAHRing,0
n8FaHRing,0
n9FAHRing,0
n9FaHRing,0
nAromAtom,22
nAromBond,22
nG12ARing,0
nG12FRing,0
nG12HRing,0
nG12aRing,0
AETA_alpha,0.465686274509804
AETA_dBeta,0.014705882352941176
AETA_eta_B,0.00971069313542775
AETA_eta_F,1.0498980972205243
AETA_eta_L,0.21815510113591374
AETA_eta_R,1.8877433526089584
BCUTare-1h,3.5728122734417815
BCUTare-1l,2.196881886040618
ETA_beta_s,22.5
ETA_dPsi_A,0.16550115473441074
ETA_dPsi_B,0.0
ETA_eta_BR,0.6741635666045435
ETA_eta_FL,9.166776557147486
ETA_eta_RL,16.584049995768552
LogEE_Dzpe,199.1400583847447
LogEE_Dzse,200.67073410271328
PEOE_VSA10,11.323698910571437
PEOE_VSA11,5.693927994848461
PEOE_VSA12,11.640235755309813
PEOE_VSA13,5.907179729351506
SlogP_VSA1,14.953561288656857
SlogP_VSA2,40.90087954088767
SlogP_VSA3,6.4208216229260096
SlogP_VSA4,6.923737199690624
SlogP_VSA5,35.65963848887297
SlogP_VSA6,63.77396999325265
SlogP_VSA7,0.0
SlogP_VSA8,11.454175413722904
SlogP_VSA9,0.0
SpAD_Dzare,393.74782306303945
SpAbs_Dzpe,396.501381874343
SpAbs_Dzse,399.696950117195
SpDiam_DzZ,306.19475731751095
SpDiam_Dzi,302.1745308153596
SpDiam_Dzm,306.25333628226645
SpDiam_Dzp,413.27380498804916
SpDiam_Dzv,370.4493498950649
SpMAD_Dzpe,11.710936298110308
SpMAD_Dzse,11.80122779468134
SpMax_Dzpe,199.1400583847447
SpMax_Dzse,200.67073410271328
n10FAHRing,0
n10FaHRing,0
n11FAHRing,0
n11FaHRing,0
n12FAHRing,0
n12FaHRing,0
nG12AHRing,0
nG12FARing,0
nG12FHRing,0
nG12FaRing,0
nG12aHRing,0
nHeavyAtom,34
AETA_beta_s,0.6617647058823529
AETA_eta_BR,0.019828340194251278
AETA_eta_FL,0.26961107521022015
AETA_eta_RL,0.4877661763461339
DetourIndex,6223
EState_VSA1,0.0
EState_VSA2,11.667427148225947
EState_VSA3,47.30663309882621
EState_VSA4,18.776899086508713
EState_VSA5,0.0
EState_VSA6,25.25331490822692
EState_VSA7,36.39820241076966
EState_VSA8,39.361477769436156
EState_VSA9,13.783052827746744
ETA_beta_ns,23.0
ETA_shape_p,0.1157894736842105
ETA_shape_x,0.0
ETA_shape_y,0.3094736842105263
GhoseFilter,True
LogEE_Dzare,196.93482905813948
SlogP_VSA10,11.374772549367124
SlogP_VSA11,5.879988336435371
SpAbs_Dzare,391.87512994797885
SpDiam_Dzpe,304.29523535169983
SpDiam_Dzse,306.4742030640047
SpMAD_Dzare,11.580818325383513
SpMax_Dzare,196.93482905813948
TopoPSA(NO),106.52000000000001
VSA_EState1,0.0
VSA_EState2,0.0
VSA_EState3,0.0
VSA_EState4,0.0
VSA_EState5,0.0
VSA_EState6,0.0
VSA_EState7,0.0
VSA_EState8,10.827413893034349
VSA_EState9,65.17258610696567
nBridgehead,0
nG12FAHRing,0
nG12FaHRing,0
AETA_beta_ns,0.6764705882352942
EState_VSA10,4.794537184071822
ETA_dAlpha_A,0.0
ETA_dAlpha_B,0.03431372549019601
FilterItLogS,-7.618238812456294
SpDiam_Dzare,301.1761338294598
ETA_beta_ns_d,1.5
ETA_epsilon_1,0.6060109289617478
ETA_epsilon_2,0.8490196078431369
ETA_epsilon_3,0.4416666666666657
ETA_epsilon_4,0.5488888888888878
ETA_epsilon_5,0.833333333333333
AETA_beta_ns_d,0.04411764705882353
ETA_dEpsilon_A,0.1643442622950821
ETA_dEpsilon_B,0.057122040072860036
ETA_dEpsilon_C,-0.10722222222222205
ETA_dEpsilon_D,0.015686274509803866
PetitjeanIndex,0.5
TopoShapeIndex,1.0
CDK Descriptors
FMFDescriptor,0.7941176470588235
MDEDescriptor,"0.3820962723620983,4.882019693840839,4.053874459402627,0.0,12.052023316457687,20.3566392458003,0.0,9.256510909123689,0.0,0.0,0.0,0.5000000000000001,0.6223699000246825,0.0,0.0,0.0,0.9547458918955469,0.4342370416217538,0.0"
APolDescriptor,70.71141099999998
BCUTDescriptor,"11.849999999999996,15.997950035462196,-0.32845468235426084,0.24006416679974324,5.484066078956423,10.228228393793165"
BPolDescriptor,40.18258899999999
TPSADescriptor,106.52000000000001
ALOGPDescriptor,"3.509400000000002,12.315888360000015,128.4836"
XLogPDescriptor,4.731000000000001
VAdjMaDescriptor,6.20945336562895
WeightDescriptor,461.20630456
ChiPathDescriptor,"23.9156383156272,16.58404999576855,14.24030410483642,12.212589450862811,10.264332697587088,7.2325075310769416,4.807210215484988,3.6449285135101896,19.446427091308106,11.210561261770131,7.5902986699900765,5.371305780719604,3.576359091673489,1.9990733834982657,1.0771917933722184,0.6732137138448255"
ChiChainDescriptor,"0.0,0.0,0.21407617506269555,0.5441062770026583,0.6902340030291907,0.0,0.0,0.04917408706411841,0.13007658071640577,0.121497144793438"
AtomCountDescriptor,61
BondCountDescriptor,37
SmallRingDescriptor,"4,4,4,4,0,0,2,2,0,0,0"
ChiClusterDescriptor,"1.830970831085892,0.0,0.3538704765036391,0.0,0.7466254863888676,0.0,0.10391032441510356,0.0"
RuleOfFiveDescriptor,0
CarbonTypesDescriptor,"0,0,3,14,1,6,1,0,0"
ZagrebIndexDescriptor,174.0
LargestChainDescriptor,21
MannholdLogPDescriptor,3.2199999999999998
WeightedPathDescriptor,"69.39906463090936,2.041148959732628,27.359064613320182,11.831070729113625,15.52799388420653"
FractionalPSADescriptor,0.23095954878939093
WienerNumbersDescriptor,"4151.0,50.0"
AminoAcidCountDescriptor,"0,0,0,0,0,0,0,0,0,0,0,0,0,0,0,0,0,0,0,0"
ChiPathClusterDescriptor,"4.529622667615257,7.601468769756047,9.019128194383732,1.5994265002819616,2.105206532830447,1.8953254091739637"
FractionalCSP3Descriptor,0.28
KierHallSmartsDescriptor,"0,0,0,0,0,0,3,0,4,0,0,9,0,0,0,1,8,0,0,0,0,0,0,1,0,0,0,0,3,1,0,0,0,0,1,1,2,0,0,0,0,0,0,0,0,0,0,0,0,0,0,0,0,0,0,0,0,0,0,0,0,0,0,0,0,0,0,0,0,0,0,0,0,0,0,0,0,0,0"
BasicGroupCountDescriptor,0
HBondDonorCountDescriptor,1
LargestPiSystemDescriptor,20
PetitjeanNumberDescriptor,0.5
AcidicGroupCountDescriptor,0
KappaShapeIndicesDescriptor,"27.04601899196494,13.5168,7.287419651056014"
AromaticAtomsCountDescriptor,22
AromaticBondsCountDescriptor,22
FragmentComplexityDescriptor,2974.09
HBondAcceptorCountDescriptor,4
HybridizationRatioDescriptor,0.28
AutocorrelationDescriptorMass,"38.89777764854618,41.263020478420046,56.58847998603296,56.20065654369014,57.30266411899352"
PetitjeanShapeIndexDescriptor,"1.0,NaN"
RotatableBondsCountDescriptor,11
AutocorrelationDescriptorCharge,"0.6612683912568301,-0.23131984429899527,0.0024571526616129448,-0.253264416196341,0.14671637021977726"
EccentricConnectivityIndexDescriptor,1095
AutocorrelationDescriptorPolarizability,"2056.978367598487,2369.9102513568687,3208.9388834960514,3115.977317005488,2919.365638897359"
