DLiP-ID,J100HC
DLiP-Mol-ID,37326
Vendor-ID,
Standard Inchi(RDKit),"InChI=1S/C11H15N9S.ClH/c1-8-6-9(20-10(14-8)12-7-13-20)21-11-15-16-17-19(11)5-4-18(2)3;/h6-7H,4-5H2,1-3H3;1H"
Standard Inchi Key(RDKit),ZENFHQHLYWELPP-UHFFFAOYSA-N
Canonical SMILES(RDKit),Cc1cc(Sc2nnnn2CC[NH+](C)C)n2ncnc2n1.[Cl-]
SMILES(SDF),
MW(SDF),
MW(RDKit),341.832
MW Monoisotopic(RDKit),341.093790192
MolLogP(RDKit),-4.28108
XLogP(SDF),
XLogP(CDK),0.685
ALogP(SDF),
Num H Acceptors(SDF),
nHAcceptors(SDF),
HBA(RDKit),9
HBA Lipinski(RDKit),9
Num H Donors(SDF),
nHDonors(SDF),
HBD(RDKit),1
HBD Lipinski(RDKit),1
PSA(SDF),
PSA(RDKit),91.12
RO3 Pass,
Num RO5 Violations,0
Num Lipinski RO5 Violations,0
nBonds(SDF),
nRigidBonds(SDF),
nRotatableBonds(SDF),
nRotatableBonds(RDKit),5
nRings(SDF),
nRings(RDKit),3
Aromatic Rings(RDKit),3
nAtoms(SDF),
Heavy Atoms(RDKit),22
QED Weighted(RDKit),0.469643874323089
Molecular Formula(SDF),
PPI Type(SDF),
PDB ID(SDF),
Receptor Chain(SDF),
Protein Name Receptor(SDF),
Peptide Chain(SDF),
Protein Name Peptide(SDF),
ELM ID(SDF),
Motif Sequence(SDF),
Physical Form Apperance(SDF),
Quantity of Sample mg(SDF),
Box Num(SDF),
Box Position(SDF),
fCsp3(SDF),
nCarbons(SDF),
nHetAtoms(SDF),
nHalide(SDF),
Year(SDF),
No(SDF),
Target Pref Name,DCN1/UBE2M
Common Target Pref Name,DCN1/UBE2M
RDKit Descriptors
Ipc,94225.82558843079
qed,0.46964387432308874
Chi0,14.819626477379408
Chi1,10.131030293135236
TPSA,91.12
Chi0n,12.432835628225103
Chi0v,14.005261155171285
Chi1n,6.537025080007778
Chi1v,7.353521660935504
Chi2n,4.951373477637314
Chi2v,5.938922440769927
Chi3n,2.8657305073635047
Chi3v,3.8406295585810297
Chi4n,1.8025870169700897
Chi4v,2.7449018868260575
MolMR,75.13670000000002
MolWt,341.832
fr_SH,0
Kappa1,16.58811963177377
Kappa2,6.986524857859043
Kappa3,3.5123637655339803
fr_ArN,0
fr_COO,0
fr_C_O,0
fr_C_S,0
fr_NH0,8
fr_NH1,1
fr_NH2,0
fr_N_O,0
fr_azo,0
BertzCT,752.9435219100101
MolLogP,-4.281079999999997
NOCount,9
fr_Ar_N,8
fr_COO2,0
fr_urea,0
BalabanJ,1.7633320535120774e-06
SMR_VSA1,17.306942892030456
SMR_VSA2,0.0
SMR_VSA3,39.78929167856704
SMR_VSA4,0.0
SMR_VSA5,23.65089006609315
SMR_VSA6,20.640100371266954
SMR_VSA7,18.08761513807461
SMR_VSA8,0.0
SMR_VSA9,0.0
fr_Al_OH,0
fr_Ar_NH,0
fr_Ar_OH,0
fr_HOCCN,0
fr_Imine,0
fr_amide,0
fr_azide,0
fr_diazo,0
fr_ester,0
fr_ether,0
fr_furan,0
fr_imide,0
fr_nitro,0
fr_oxime,0
fr_quatN,1
LabuteASA,137.07823930778204
NHOHCount,1
PEOE_VSA1,17.306942892030456
PEOE_VSA2,0.0
PEOE_VSA3,9.665781456092393
PEOE_VSA4,14.59805822286387
PEOE_VSA5,5.098681808301038
PEOE_VSA6,0.0
PEOE_VSA7,35.17875940885308
PEOE_VSA8,5.693927994848461
PEOE_VSA9,27.18485677717953
RingCount,3
SMR_VSA10,17.53953867331031
fr_Al_COO,0
fr_Ar_COO,0
fr_ketone,0
fr_lactam,0
fr_phenol,0
ExactMolWt,341.09379019200003
NumHDonors,1
PEOE_VSA10,11.353280053433782
PEOE_VSA11,0.0
PEOE_VSA12,5.156436481820707
PEOE_VSA13,5.777653723919194
PEOE_VSA14,0.0
SlogP_VSA1,17.306942892030456
SlogP_VSA2,60.42939204983399
SlogP_VSA3,6.544756405912575
SlogP_VSA4,6.923737199690624
SlogP_VSA5,5.693927994848461
SlogP_VSA6,22.5760836037161
SlogP_VSA7,0.0
SlogP_VSA8,5.777653723919194
SlogP_VSA9,0.0
fr_amidine,0
fr_aniline,0
fr_benzene,0
fr_epoxide,0
fr_guanido,0
fr_halogen,1
fr_hdrzine,0
fr_hdrzone,0
fr_isocyan,0
fr_lactone,0
fr_methoxy,0
fr_nitrile,0
fr_nitroso,0
fr_oxazole,0
fr_sulfide,0
fr_sulfone,0
EState_VSA1,0.0
EState_VSA2,12.407033161179976
EState_VSA3,5.777653723919194
EState_VSA4,28.96583726716356
EState_VSA5,22.989114755006135
EState_VSA6,9.197200828760806
EState_VSA7,12.990104268152233
EState_VSA8,44.687434815160614
EState_VSA9,0.0
SlogP_VSA10,0.0
SlogP_VSA11,0.0
SlogP_VSA12,11.761884949391115
VSA_EState1,0.0
VSA_EState2,0.0
VSA_EState3,0.0
VSA_EState4,0.0
VSA_EState5,0.0
VSA_EState6,0.0
VSA_EState7,0.0
VSA_EState8,3.4901516439909295
VSA_EState9,40.21762329931972
fr_aldehyde,0
fr_barbitur,0
fr_bicyclic,1
fr_priamide,0
fr_pyridine,0
fr_thiazole,0
fr_thiocyan,0
EState_VSA10,0.0
EState_VSA11,0.0
FractionCSP3,0.45454545454545453
VSA_EState10,1.4588917233560088
fr_C_O_noCOO,0
fr_Nhpyrrole,0
fr_imidazole,0
fr_phos_acid,0
fr_piperdine,0
fr_piperzine,0
fr_sulfonamd,0
fr_tetrazole,1
fr_thiophene,0
HallKierAlpha,-1.7800000000000002
NumHAcceptors,9
fr_morpholine,0
fr_nitro_arom,0
fr_phos_ester,0
HeavyAtomCount,22
HeavyAtomMolWt,325.70400000000006
MaxEStateIndex,4.32176347777403
MinEStateIndex,0.0
NumHeteroatoms,11
fr_aryl_methyl,1
fr_isothiocyan,0
fr_Al_OH_noTert,0
fr_alkyl_halide,0
fr_allylic_oxid,0
fr_prisulfonamd,0
FpDensityMorgan1,1.3181818181818181
FpDensityMorgan2,2.1363636363636362
FpDensityMorgan3,2.909090909090909
MaxPartialCharge,0.25291540604859913
MinPartialCharge,-1.0
NumAromaticRings,3
fr_unbrch_alkane,0
MaxAbsEStateIndex,4.32176347777403
MinAbsEStateIndex,0.0
NumAliphaticRings,0
NumRotatableBonds,5
NumSaturatedRings,0
fr_Ndealkylation1,1
fr_Ndealkylation2,0
fr_benzodiazepine,0
fr_ketone_Topliss,0
fr_term_acetylene,0
fr_alkyl_carbamate,0
fr_dihydropyridine,0
MaxAbsPartialCharge,1.0
MinAbsPartialCharge,0.25291540604859913
NumRadicalElectrons,0
NumValenceElectrons,118
fr_para_hydroxylation,0
NumAromaticCarbocycles,0
fr_nitro_arom_nonortho,0
fr_phenol_noOrthoHbond,0
NumAliphaticCarbocycles,0
NumAromaticHeterocycles,3
NumSaturatedCarbocycles,0
NumAliphaticHeterocycles,0
NumSaturatedHeterocycles,0
Mordred Descriptors
MW,341.0937901920005
MZ,0.7807017543859651
Mi,1.1581745461582074
Mm,0.748923136247913
Mp,0.6936446265364012
Mv,0.6430053992094014
SZ,29.666666666666675
Si,44.01063275401188
Sm,28.45907917742069
Sp,26.358495808383246
Sv,24.434205169957252
nB,0
nC,11
nF,0
nH,16
nI,0
nN,9
nO,0
nP,0
nS,1
nX,1
ABC,16.47030502295449
AMW,8.976152373473697
IC0,1.8115308603385571
IC1,3.824092873026896
IC2,4.556752184325418
IC3,4.556752184325418
IC4,4.556752184325418
IC5,4.556752184325418
Mpe,0.9943240454076363
Mse,1.024034959941734
NdO,0
NdS,0
NsF,0
NsI,0
NtN,0
SMR,75.13670000000002
SdO,0
SdS,0
Spe,37.78431372549018
SsF,0
SsI,0
Sse,38.91332847778589
StN,0
fMF,0.39473684210526316
nBr,0
nCl,1
BIC0,0.3298578509955488
BIC1,0.6963210424515216
BIC2,0.8297294382056205
BIC3,0.8297294382056205
BIC4,0.8297294382056205
BIC5,0.8297294382056205
CIC0,3.436396653105028
CIC1,1.4238346404166893
CIC2,0.6911753291181668
CIC3,0.6911753291181668
CIC4,0.6911753291181668
CIC5,0.6911753291181668
GGI1,4.5
GGI2,2.222222222222223
GGI3,1.1944444444444446
GGI4,0.9644444444444444
GGI5,0.5936111111111111
GGI6,0.4024943310657596
GGI7,0.20227465986394555
GGI8,0.11338655832703451
GGI9,0.1396836419753087
JGI1,0.19565217391304346
JGI2,0.06944444444444448
JGI3,0.04265873015873016
JGI4,0.0357201646090535
JGI5,0.022831196581196575
JGI6,0.015480551194836907
JGI7,0.010646034729681345
JGI8,0.010307868938821319
JGI9,0.013968364197530869
MIC0,22.966414142964396
MIC1,44.50965778181386
MIC2,45.93233626233962
MIC3,45.93233626233962
MIC4,45.93233626233962
MIC5,45.93233626233962
MPC2,32
MPC3,41
MPC4,55
MPC5,62
MPC6,70
MPC7,74
MPC8,80
MPC9,74
Mare,1.0063157894736845
NaaN,6
NaaO,0
NaaS,0
NdNH,0
NdSe,0
NddC,0
NdsN,0
NsBr,0
NsCl,0
NsLi,0
NsOH,0
NsSH,0
NssO,0
NssS,1
NtCH,0
NtsC,0
RNCG,0.3945102631821168
RPCG,0.1369743641456347
SIC0,0.34518976409220004
SIC1,0.7286862982064328
SIC2,0.8682955648019933
SIC3,0.8682955648019933
SIC4,0.8682955648019933
SIC5,0.8682955648019933
SaaN,24.50042271539521
SaaO,0
SaaS,0
Sare,38.24000000000001
SdNH,0
SdSe,0
SddC,0
SdsN,0
SsBr,0
SsCl,0
SsLi,0
SsOH,0
SsSH,0
SssO,0
SssS,1.4588917233560088
StCH,0
StsC,0
TIC0,68.83817269286517
TIC1,145.31552917502205
TIC2,173.1565830043659
TIC3,173.1565830043659
TIC4,173.1565830043659
TIC5,173.1565830043659
Vabc,254.47156271193674
WPol,28
apol,44.01868799999999
bpol,25.351312
nRot,5
ABCGG,14.421877188966278
ATS0Z,1398.0
ATS0d,126.0
ATS0i,6530.070149684984
ATS0m,5653.472896000002
ATS0p,61.84410647758401
ATS0v,8446.6015843124
ATS1Z,1175.0
ATS1d,152.0
ATS1i,6207.488903895797
ATS1m,4514.806377000002
ATS1p,66.99923695000003
ATS1v,9653.95017719721
ATS2Z,1764.0
ATS2d,241.0
ATS2i,11358.50098342314
ATS2m,6724.788752
ATS2p,98.03394127333902
ATS2v,13877.745553324223
ATS3Z,1770.0
ATS3d,230.0
ATS3i,12608.95215467262
ATS3m,6572.281262000001
ATS3p,113.66998559818799
ATS3v,14684.748553635378
ATS4Z,1674.0
ATS4d,237.0
ATS4i,14293.988479777934
ATS4m,6190.959625999999
ATS4p,109.61451613607399
ATS4v,13884.738579275905
ATS5Z,1446.0
ATS5d,219.0
ATS5i,12205.323957071969
ATS5m,5216.061781
ATS5p,90.304564918188
ATS5v,12275.624827780608
ATS6Z,1460.0
ATS6d,198.0
ATS6i,10535.754999914285
ATS6m,5378.838188
ATS6p,87.40543899484899
ATS6v,12202.837688448082
ATS7Z,1114.0
ATS7d,171.0
ATS7i,10864.468864792228
ATS7m,3827.162835000001
ATS7p,77.81635240424502
ATS7v,10303.447051020537
ATS8Z,673.0
ATS8d,130.0
ATS8i,8141.7892416443965
ATS8m,2240.652690999999
ATS8p,57.16972449969798
ATS8v,7497.066065323031
C1SP1,0
C1SP2,1
C1SP3,3
C2SP1,0
C2SP2,2
C2SP3,0
C3SP2,0
C3SP3,0
C4SP3,0
FCSP3,0.45454545454545453
GGI10,0.06469135802469136
JGI10,0.00808641975308642
JGT10,0.424795948520425
Kier1,18.340264650283554
Kier2,8.203125
Kier3,4.521118381915526
MPC10,71
MWC01,23.0
MWC02,4.709530201312334
MWC03,5.54907608489522
MWC04,6.428105272684596
MWC05,7.2909747781429814
MWC06,8.176110342237342
MWC07,9.048644632975885
MWC08,9.936487030799237
MWC09,10.814061977414173
MWC10,11.703454911355488
NaaCH,2
NaaNH,0
NaaSe,0
NaaaC,1
NaasC,3
NaasN,2
NdCH2,0
NddsN,0
NdsCH,0
NdssC,0
NdssS,0
NsCH3,3
NsNH2,0
NsNH3,0
NsPH2,0
NsSeH,0
NssBH,0
NssBe,0
NssNH,0
NssPH,0
NssSe,0
NsssB,0
NsssN,0
NsssP,0
SLogP,-4.281079999999997
SRW02,3.8501476017100584
SRW03,0.0
SRW04,5.1647859739235145
SRW05,3.044522437723423
SRW06,6.650279048587422
SRW07,5.2832037287379885
SRW08,8.22764270790443
SRW09,7.273092595999522
SRW10,9.860945329270454
SaaCH,3.4372766282438905
SaaNH,0
SaaSe,0
SaaaC,0.5780189436885868
SaasC,2.510796721466365
SaasN,3.4901516439909295
SdCH2,0
SddsN,0
SdsCH,0
SdssC,0
SdssS,0
SsCH3,6.12680050413952
SsNH2,0
SsNH3,0
SsPH2,0
SsSeH,0
SssBH,0
SssBe,0
SssNH,0
SssPH,0
SssSe,0
SsssB,0
SsssN,0
SsssP,0
WPath,2100000956
Xc-3d,1.4996728552132967
Xc-4d,0.0
Xc-5d,0.21941609682128765
Xc-6d,0.0
Xp-1d,10.131030293135236
Xp-2d,9.349456167646151
Xp-3d,7.270410059739747
Xp-4d,6.294705030809689
Xp-5d,4.568105465583776
Xp-6d,3.4495418426848787
Xp-7d,2.3512778426176024
ZMIC0,78.14017092945484
ZMIC1,32.06251177633508
ZMIC2,28.097368830515066
ZMIC3,28.097368830515066
ZMIC4,28.097368830515066
ZMIC5,28.097368830515066
nAcid,3
nAtom,38
nBase,1
nRing,3
piPC1,3.449987545831587
piPC2,4.085976312551584
piPC3,4.6913478822291435
piPC4,5.321789722733179
piPC5,5.702740265077757
piPC6,6.083965386681577
piPC7,6.443249011515756
piPC8,6.838585215458318
piPC9,6.900876203554489
AATS0Z,36.78947368421053
AATS0d,3.3157894736842106
AATS0i,171.8439513074996
AATS0m,148.77560252631585
AATS0p,1.6274764862522109
AATS0v,222.27898906085264
AATS1Z,30.128205128205128
AATS1d,3.8974358974358974
AATS1i,159.16638215117428
AATS1m,115.76426607692312
AATS1p,1.7179291525641032
AATS1v,247.5371840306977
AATS2Z,26.328358208955223
AATS2d,3.5970149253731343
AATS2i,169.529865424226
AATS2m,100.36998137313434
AATS2p,1.4631931533334184
AATS2v,207.13053064663018
AATS3Z,22.98701298701299
AATS3d,2.987012987012987
AATS3i,163.7526253853587
AATS3m,85.35430210389612
AATS3p,1.4762335791972467
AATS3v,190.71102017708284
AATS4Z,19.694117647058825
AATS4d,2.788235294117647
AATS4i,168.16457035032863
AATS4m,72.83481912941176
AATS4p,1.289582542777341
AATS4v,163.34986563854005
AATS5Z,20.65714285714286
AATS5d,3.1285714285714286
AATS5i,174.36177081531383
AATS5m,74.5151683
AATS5p,1.2900652131169714
AATS5v,175.3660689682944
AATS6Z,23.548387096774192
AATS6d,3.193548387096774
AATS6i,169.931532256682
AATS6m,86.75545464516128
AATS6p,1.4097651450782096
AATS6v,196.81996271690454
AATS7Z,17.967741935483872
AATS7d,2.7580645161290325
AATS7i,175.23336878697143
AATS7m,61.728432822580665
AATS7p,1.2551024581329842
AATS7v,166.18462985516996
AATS8Z,14.020833333333334
AATS8d,2.7083333333333335
AATS8i,169.62060920092492
AATS8m,46.68026439583331
AATS8p,1.1910359270770412
AATS8v,156.18887636089647
ATS0dv,303.2345679012346
ATS0pe,248.78390000000002
ATS0se,303.07529799999986
ATS1dv,329.33333333333337
ATS1pe,267.7484
ATS1se,316.27119199999987
ATS2dv,435.0
ATS2pe,445.9128000000001
ATS2se,538.4093359999999
ATS3dv,312.66666666666663
ATS3pe,485.44579999999985
ATS3se,597.125284
ATS4dv,313.6666666666667
ATS4pe,519.3826999999999
ATS4se,648.3357619999999
ATS5dv,348.0
ATS5pe,461.3903000000001
ATS5se,563.578358
ATS6dv,345.33333333333337
ATS6pe,421.8211
ATS6se,505.4328039999999
ATS7dv,226.0
ATS7pe,410.88700000000006
ATS7se,501.6300600000002
ATS8dv,83.0
ATS8pe,305.0416
ATS8se,374.1215479999999
ATSC0Z,564.2105263157897
ATSC0c,1.7020009220609162
ATSC0d,24.842105263157894
ATSC0i,67.10891372463706
ATSC0m,2578.6760622105267
ATSC0p,10.853451392285477
ATSC0v,1792.5895380848215
ATSC1Z,16.520775623268698
ATSC1c,-0.39902424286349775
ATSC1d,11.083102493074792
ATSC1i,-17.45985936176574
ATSC1m,71.09623167867082
ATSC1p,-1.2895178024921419
ATSC1v,-233.22844630274903
ATSC2Z,170.62880886426586
ATSC2c,0.07139413165300854
ATSC2d,6.567867036011084
ATSC2i,12.328833233500585
ATSC2m,781.7109646288092
ATSC2p,2.8833992840268237
ATSC2v,684.361807616858
ATSC3Z,86.88919667590022
ATSC3c,0.26672312403065906
ATSC3d,9.135734072022158
ATSC3i,-11.352946391497678
ATSC3m,382.688265731302
ATSC3p,0.4624799899080676
ATSC3v,28.129862534407117
ATSC4Z,255.4238227146814
ATSC4c,0.27726352028665346
ATSC4d,8.06371191135734
ATSC4i,-16.62388814101884
ATSC4m,1196.444043318559
ATSC4p,2.918131153266598
ATSC4v,838.3760431497931
ATSC5Z,-179.91412742382278
ATSC5c,-0.09960362334316705
ATSC5d,-4.1828254847645425
ATSC5i,5.107747161776058
ATSC5m,-773.5852296509694
ATSC5p,-1.7794619948069255
ATSC5v,135.83273188515224
ATSC6Z,-135.34349030470912
ATSC6c,0.10495576805757918
ATSC6d,-10.584487534626042
ATSC6i,-15.003915264973017
ATSC6m,-634.7321017119111
ATSC6p,-2.822881906522035
ATSC6v,-747.0000030134191
ATSC7Z,-364.2382271468144
ATSC7c,-0.013722717211543414
ATSC7d,-11.479224376731306
ATSC7i,13.514001074226123
ATSC7m,-1638.7186575540165
ATSC7p,-3.9032985882687745
ATSC7v,-615.1876446205597
ATSC8Z,-170.89750692520778
ATSC8c,-0.12477559995153625
ATSC8d,-11.432132963988922
ATSC8i,-5.960747742412591
ATSC8m,-818.3649385817178
ATSC8p,-2.9648697861295465
ATSC8v,-915.6947718935185
AXp-1d,0.44047957796240156
AXp-2d,0.2921705052389422
AXp-3d,0.17732707462779873
AXp-4d,0.11444918237835798
AXp-5d,0.07367912041264155
AXp-6d,0.049279169181212557
AXp-7d,0.03177402490023787
GATS1Z,0.5246268656716415
GATS1c,0.6972274117350317
GATS1d,0.6492285962624945
GATS1i,1.5821492244711133
GATS1m,0.5225559792656981
GATS1p,0.9848464802435936
GATS1v,1.0133834176107392
GATS2Z,0.5314783359322787
GATS2c,0.5061512481200141
GATS2d,0.967002909182899
GATS2i,1.01662397573974
GATS2m,0.5251102805047325
GATS2p,0.7412379786906736
GATS2v,0.6821819798205885
GATS3Z,0.7716102926923819
GATS3c,0.40257005515059735
GATS3d,0.7060174994497028
GATS3i,1.2011844157610863
GATS3m,0.7573862646525175
GATS3p,1.0968944142609967
GATS3v,1.0106114549958365
GATS4Z,0.6847152107111498
GATS4c,0.27608911583490897
GATS4d,0.7622258225324027
GATS4i,1.0734493625045767
GATS4m,0.6672104942288264
GATS4p,0.9698888830630115
GATS4v,0.8366152000088249
GATS5Z,1.0834481609808098
GATS5c,0.4292776055762403
GATS5d,1.0957778450363196
GATS5i,1.0210528242744332
GATS5m,1.052044141202277
GATS5p,1.1409127397374916
GATS5v,0.8652155801894865
GATS6Z,0.7694879935002404
GATS6c,0.35629606634928174
GATS6d,1.1651004647348278
GATS6i,1.2888883451123254
GATS6m,0.7709717385370994
GATS6p,0.9573832668886416
GATS6v,1.0888978775176723
GATS7Z,1.2808934159845926
GATS7c,0.31163801637540006
GATS7d,1.0209643247676325
GATS7i,0.9489006409794107
GATS7m,1.254463590001525
GATS7p,1.2392986882429953
GATS7v,1.089197090213475
GATS8Z,0.722045048196517
GATS8c,0.4571514839813702
GATS8d,1.256686970338983
GATS8i,1.0463172501282585
GATS8m,0.7514614572843209
GATS8p,0.8548967479373529
GATS8v,1.297285717194158
MATS1Z,0.028530424799081504
MATS1c,-0.22843280927842452
MATS1d,0.43470230334637117
MATS1i,-0.25350090943189396
MATS1m,0.026863882747581096
MATS1p,-0.11576531722867033
MATS1v,-0.12677092268075638
MATS2Z,0.17152205390955658
MATS2c,0.023790935449567476
MATS2d,0.149949405514799
MATS2i,0.10419588385659237
MATS2m,0.1719325913199839
MATS2p,0.15067656626885617
MATS2v,0.21652781887936326
MATS3Z,0.07600067842605147
MATS3c,0.07733814475146152
MATS3d,0.18148800352190178
MATS3i,-0.0834874602146679
MATS3m,0.07323880145117559
MATS3p,0.021028967642373872
MATS3v,0.007744254625633134
MATS4Z,0.20238805970149243
MATS4c,0.07282787076101131
MATS4d,0.14511465603190427
MATS4i,-0.11074320030425458
MATS4m,0.2074246060849729
MATS4p,0.1201992097381272
MATS4v,0.20908490179309244
MATS5Z,-0.1731050106609808
MATS5c,-0.031768806752946896
MATS5d,-0.09140435835351089
MATS5i,0.041317566874286754
MATS5m,-0.16285344005746114
MATS5p,-0.08900336118060824
MATS5v,0.04113477579280894
MATS6Z,-0.14702395281656228
MATS6c,0.03779535485303437
MATS6d,-0.2611399671951887
MATS6i,-0.13703020292299267
MATS6m,-0.1508639872852623
MATS6p,-0.15941043673976343
MATS6v,-0.25540632799491975
MATS7Z,-0.3956728454501683
MATS7c,-0.0049416528139128975
MATS7d,-0.28321487151448893
MATS7i,0.1234228717504075
MATS7m,-0.3894928743174861
MATS7p,-0.22042244531874483
MATS7v,-0.21033844271290886
MATS8Z,-0.23979322139303474
MATS8c,-0.05803797284395993
MATS8d,-0.36431850282485884
MATS8i,-0.07031741439653523
MATS8m,-0.2512421984824578
MATS8p,-0.2162619516916295
MATS8v,-0.4044010144807247
MAXaaN,4.32176347777403
MAXssS,1.4588917233560088
MINaaN,3.7583399470899472
MINssS,1.4588917233560088
NddssS,0
NdssSe,0
NdsssP,0
NsAsH2,0
NsGeH3,0
NsPbH3,0
NsSiH3,0
NsSnH3,0
NssAsH,0
NssCH2,2
NssNH2,0
NsssAs,0
NsssCH,0
NsssNH,1
NssssB,0
NssssC,0
NssssN,0
Radius,100000000
SddssS,0
SdssSe,0
SdsssP,0
SsAsH2,0
SsGeH3,0
SsPbH3,0
SsSiH3,0
SsSnH3,0
SssAsH,0
SssCH2,1.7172038769211388
SssNH2,0
SsssAs,0
SsssCH,0
SsssNH,1.3471039094650208
SssssB,0
SssssC,0
SssssN,0
TMPC10,604
TMWC10,118.65644523181724
TSRW10,71.35461942385682
Xc-3dv,0.983368143153672
Xc-4dv,0.0
Xc-5dv,0.08408517252140155
Xc-6dv,0.0
Xch-3d,0.0
Xch-4d,0.0
Xch-5d,0.23570226039551584
Xch-6d,0.3735969372995327
Xch-7d,0.5318204281134155
Xp-0dv,14.00937817711305
Xp-1dv,7.562917099185346
Xp-2dv,6.164337644295544
Xp-3dv,3.935275873769247
Xp-4dv,2.795877028741499
Xp-5dv,1.820874536806141
Xp-6dv,1.2507176195646403
Xp-7dv,0.69127396854323
Xpc-4d,2.8589952634200384
Xpc-5d,4.621986173551564
Xpc-6d,6.372950467346882
n3Ring,0
n4Ring,0
n5Ring,2
n6Ring,1
n7Ring,0
n8Ring,0
n9Ring,0
nARing,0
nBonds,39
nFRing,1
nHBAcc,9
nHBDon,1
nHRing,3
nSpiro,0
naRing,3
piPC10,7.115306016786253
AATS0dv,7.979857050032489
AATS0pe,6.546944736842105
AATS0se,7.975665736842101
AATS1dv,8.444444444444445
AATS1pe,6.86534358974359
AATS1se,8.10951774358974
AATS2dv,6.492537313432836
AATS2pe,6.655414925373136
AATS2se,8.03596023880597
AATS3dv,4.0606060606060606
AATS3pe,6.304490909090907
AATS3se,7.754873818181817
AATS4dv,3.6901960784313728
AATS4pe,6.1103847058823515
AATS4se,7.627479552941176
AATS5dv,4.9714285714285715
AATS5pe,6.591290000000001
AATS5se,8.0511194
AATS6dv,5.56989247311828
AATS6pe,6.803566129032258
AATS6se,8.152142
AATS7dv,3.6451612903225805
AATS7pe,6.627209677419356
AATS7se,8.090807419354842
AATS8dv,1.7291666666666667
AATS8pe,6.355033333333334
AATS8se,7.794198916666665
AATSC0Z,14.847645429362887
AATSC0c,0.04478949794897148
AATSC0d,0.6537396121883656
AATSC0i,1.7660240453851859
AATSC0m,67.85989637396123
AATSC0p,0.2856171419022494
AATSC0v,47.173408896968986
AATSC1Z,0.42360963136586405
AATSC1c,-0.010231390842653789
AATSC1d,0.28418211520704595
AATSC1i,-0.4476887015837369
AATSC1m,1.822980299453098
AATSC1p,-0.03306455903826005
AATSC1v,-5.98021657186536
AATSC2Z,2.5466986397651623
AATSC2c,0.0010655840545225155
AATSC2d,0.09802786620912066
AATSC2i,0.18401243632090425
AATSC2m,11.667327830280733
AATSC2p,0.043035810209355575
AATSC2v,10.214355337565044
AATSC3Z,1.1284311256610418
AATSC3c,0.003463936675722845
AATSC3d,0.11864589703924881
AATSC3i,-0.14744086222724256
AATSC3m,4.969977477029897
AATSC3p,0.006006233635169709
AATSC3v,0.3653228900572353
AATSC4Z,3.004986149584487
AATSC4c,0.0032619237680782762
AATSC4d,0.09486719895714517
AATSC4i,-0.19557515460022162
AATSC4m,14.075812274335988
AATSC4p,0.034330954744312914
AATSC4v,9.863247566468154
AATSC5Z,-2.5702018203403254
AATSC5c,-0.0014229089049023864
AATSC5d,-0.05975464978235061
AATSC5i,0.07296781659680084
AATSC5m,-11.05121756644242
AATSC5p,-0.025420885640098936
AATSC5v,1.9404675983593178
AATSC6Z,-2.1829595210436956
AATSC6c,0.001692834968670632
AATSC6d,-0.1707175408810652
AATSC6i,-0.2419986333060164
AATSC6m,-10.237614543740502
AATSC6p,-0.04553035333100056
AATSC6v,-12.048387145377728
AATSC7Z,-5.8748101152712
AATSC7c,-0.00022133414857328085
AATSC7d,-0.1851487802698598
AATSC7i,0.21796775926171166
AATSC7m,-26.43094608958091
AATSC7p,-0.06295642884304475
AATSC7v,-9.922381364847737
AATSC8Z,-3.5603647276084955
AATSC8c,-0.0025994916656570054
AATSC8d,-0.2381694367497692
AATSC8i,-0.12418224463359566
AATSC8m,-17.049269553785788
AATSC8p,-0.061768120544365555
AATSC8v,-19.0769744144483
ATS0are,244.97660000000002
ATS1are,263.9286
ATS2are,441.75969999999995
ATS3are,478.21820000000014
ATS4are,513.1183000000001
ATS5are,458.2582
ATS6are,418.64240000000007
ATS7are,408.52849999999995
ATS8are,302.7189
ATSC0dv,160.85510071474988
ATSC0pe,4.485939473684209
ATSC0se,2.5962259999999997
ATSC1dv,93.48691905201602
ATSC1pe,0.8729121191135709
ATSC1se,0.38798400000000033
ATSC2dv,88.55989877227178
ATSC2pe,1.0807304016620467
ATSC2se,0.6424560000000002
ATSC3dv,34.665606511405215
ATSC3pe,-0.1441878808864251
ATSC3se,0.05051199999999912
ATSC4dv,63.70455866762423
ATSC4pe,2.1853748614958475
ATSC4se,0.9318139999999979
ATSC5dv,-4.6206696077425455
ATSC5pe,-0.5145358725761795
ATSC5se,-0.5453979999999989
ATSC6dv,-63.070927806846555
ATSC6pe,-0.8951749307479251
ATSC6se,-0.4769279999999988
ATSC7dv,-93.36332546766526
ATSC7pe,-2.2956959833795025
ATSC7se,-1.2961399999999987
ATSC8dv,-126.22242741356312
ATSC8pe,-2.2761998614958427
ATSC8se,-0.9598840000000001
AXp-0dv,0.6367899171415022
AXp-1dv,0.3288224825732759
AXp-2dv,0.19263555138423574
AXp-3dv,0.09598233838461578
AXp-4dv,0.05083412779529998
AXp-5dv,0.02936894414203453
AXp-6dv,0.01786739456520915
AXp-7dv,0.009341540115449054
BertzCT,752.9435219100101
ECIndex,4600000000
GATS1dv,0.3486353359674951
GATS1pe,0.5991638621698511
GATS1se,0.6242024345120916
GATS2dv,0.6828142970455289
GATS2pe,0.8133506509503172
GATS2se,0.7502447036468123
GATS3dv,0.8002595451051556
GATS3pe,0.8071411540162142
GATS3se,0.7182895654902713
GATS4dv,0.7885349529945926
GATS4pe,0.630680403568508
GATS4se,0.5936887371492763
GATS5dv,1.1601439962790523
GATS5pe,1.1079529782237718
GATS5se,1.0845706999313618
GATS6dv,1.398055812982556
GATS6pe,1.1081046348800052
GATS6se,1.0481130855127352
GATS7dv,1.4908060880587977
GATS7pe,1.376989225739046
GATS7se,1.297848585575941
GATS8dv,1.569411946185913
GATS8pe,1.2937063854096942
GATS8se,1.106461054751525
MATS1dv,0.5662849244988235
MATS1pe,0.1895990264858601
MATS1se,0.14560970127704317
MATS2dv,0.31225619868792526
MATS2pe,0.13663839529883418
MATS2se,0.14034911823960874
MATS3dv,0.10635473689489747
MATS3pe,-0.015862375299493574
MATS3se,0.009601629442120821
MATS4dv,0.17705179956905764
MATS4pe,0.21778963365029583
MATS4se,0.16045431737769916
MATS5dv,-0.015593931993453687
MATS5pe,-0.06226554667595914
MATS5se,-0.1140398409075325
MATS6dv,-0.2403179938693571
MATS6pe,-0.12230561868590498
MATS6se,-0.11259062565332088
MATS7dv,-0.3557405584086806
MATS7pe,-0.31365547438575647
MATS7se,-0.30598583755681263
MATS8dv,-0.6212180274362161
MATS8pe,-0.40169769734712973
MATS8se,-0.2926972330862825
MAXaaCH,1.9469864890400606
MAXaaaC,0.5780189436885868
MAXaasC,0.8918981481481483
MAXaasN,1.8017762660619803
MAXsCH3,2.099551478764141
MDEC-11,0.5129927840030091
MDEC-12,2.5309993729800704
MDEC-13,2.3226727568570205
MDEC-22,1.381199369861928
MDEC-23,4.804807677001036
MDEC-33,2.3811015779522995
MDEN-22,4.023580535599607
MDEN-23,4.837970321995926
MDEN-33,0.6850067105944414
MINaaCH,1.4902901392038297
MINaaaC,0.5780189436885868
MINaasC,0.7348611111111112
MINaasN,1.6883753779289492
MINsCH3,1.9276975466112372
NddssSe,0
NssGeH2,0
NssPbH2,0
NssSiH2,0
NssSnH2,0
NsssGeH,0
NsssPbH,0
NsssSiH,0
NsssSnH,0
NsssdAs,0
NssssBe,0
NssssGe,0
NssssPb,0
NssssSi,0
NssssSn,0
NsssssP,0
SddssSe,0
SssGeH2,0
SssPbH2,0
SssSiH2,0
SssSnH2,0
SsssGeH,0
SsssPbH,0
SsssSiH,0
SsssSnH,0
SsssdAs,0
SssssBe,0
SssssGe,0
SssssPb,0
SssssSi,0
SssssSn,0
SsssssP,0
TopoPSA,116.42
TpiPC10,8.505448712979913
VAdjMat,5.523561956057013
Xch-3dv,0.0
Xch-4dv,0.0
Xch-5dv,0.045819888974716116
Xch-6dv,0.07752773965245395
Xch-7dv,0.11940128114600078
Xpc-4dv,1.437123349693795
Xpc-5dv,1.804233321929104
Xpc-6dv,2.156618283577388
Zagreb1,110.0
Zagreb2,128.0
fragCpx,67.11
n10Ring,0
n11Ring,0
n12Ring,0
n3ARing,0
n3HRing,0
n3aRing,0
n4ARing,0
n4FRing,0
n4HRing,0
n4aRing,0
n5ARing,0
n5FRing,0
n5HRing,2
n5aRing,2
n6ARing,0
n6FRing,0
n6HRing,1
n6aRing,1
n7ARing,0
n7FRing,0
n7HRing,0
n7aRing,0
n8ARing,0
n8FRing,0
n8HRing,0
n8aRing,0
n9ARing,0
n9FRing,1
n9HRing,0
n9aRing,0
nAHRing,0
nBondsA,15
nBondsD,0
nBondsM,15
nBondsO,23
nBondsS,24
nBondsT,0
nFARing,0
nFHRing,1
nFaRing,1
nHetero,11
naHRing,3
AATS0are,6.446752631578948
AATS1are,6.7674
AATS2are,6.593428358208954
AATS3are,6.210625974025976
AATS4are,6.036685882352942
AATS5are,6.546545714285714
AATS6are,6.75229677419355
AATS7are,6.589169354838709
AATS8are,6.30664375
AATSC0dv,4.233028966177629
AATSC0pe,0.11805103878116341
AATSC0se,0.06832173684210525
AATSC1dv,2.397100488513231
AATSC1pe,0.0223823620285531
AATSC1se,0.0099483076923077
AATSC2dv,1.3217895339145043
AATSC2pe,0.01613030450241861
AATSC2se,0.009588895522388063
AATSC3dv,0.4502026819663015
AATSC3pe,-0.0018725698816418842
AATSC3se,0.0006559999999999886
AATSC4dv,0.7494653960896968
AATSC4pe,0.025710292488186442
AATSC4se,0.010962517647058799
AATSC5dv,-0.0660095658248935
AATSC5pe,-0.007350512465373993
AATSC5se,-0.007791399999999985
AATSC6dv,-1.0172730291426864
AATSC6pe,-0.014438305334643953
AATSC6se,-0.007692387096774174
AATSC7dv,-1.5058600881881494
AATSC7pe,-0.03702735457063714
AATSC7se,-0.02090548387096772
AATSC8dv,-2.6296339044492316
AATSC8pe,-0.047420830447830055
AATSC8se,-0.019997583333333336
ATSC0are,4.46712631578947
ATSC1are,1.018007202216061
ATSC2are,0.9880878116343434
ATSC3are,-0.3710243767312996
ATSC4are,1.8900174515235513
ATSC5are,-0.4324537396121921
ATSC6are,-0.6920376731302005
ATSC7are,-2.0509903047091447
ATSC8are,-2.2503963988919655
BalabanJ,1.763331792334724e-06
Diameter,100000000
GATS1are,0.673003648243824
GATS2are,0.9229062521464741
GATS3are,0.8820945824052732
GATS4are,0.6904142459902122
GATS5are,1.2021376461427997
GATS6are,1.2024519700111447
GATS7are,1.4581879304364722
GATS8are,1.3605936614142615
HybRatio,0.45454545454545453
Lipinski,True
MATS1are,0.2220453113079235
MATS2are,0.1254515706412685
MATS3are,-0.040988977302679294
MATS4are,0.18914821713046837
MATS5are,-0.052552935580527115
MATS6are,-0.09494965941345465
MATS7are,-0.28140206588983224
MATS8are,-0.39881652987791527
MAXssCH2,0.9511003243890149
MAXsssNH,1.3471039094650208
MINssCH2,0.766103552532124
MINsssNH,1.3471039094650208
NsssssAs,0
RotRatio,0.21739130434782608
SMR_VSA1,17.306942892030456
SMR_VSA2,0.0
SMR_VSA3,39.78929167856704
SMR_VSA4,0.0
SMR_VSA5,23.65089006609315
SMR_VSA6,20.640100371266954
SMR_VSA7,18.08761513807461
SMR_VSA8,0.0
SMR_VSA9,0.0
SsssssAs,0
VMcGowan,236.7399999999996
mZagreb2,4.583333333333333
n10ARing,0
n10FRing,0
n10HRing,0
n10aRing,0
n11ARing,0
n11FRing,0
n11HRing,0
n11aRing,0
n12ARing,0
n12FRing,0
n12HRing,0
n12aRing,0
n3AHRing,0
n3aHRing,0
n4AHRing,0
n4FARing,0
n4FHRing,0
n4FaRing,0
n4aHRing,0
n5AHRing,0
n5FARing,0
n5FHRing,0
n5FaRing,0
n5aHRing,2
n6AHRing,0
n6FARing,0
n6FHRing,0
n6FaRing,0
n6aHRing,1
n7AHRing,0
n7FARing,0
n7FHRing,0
n7FaRing,0
n7aHRing,0
n8AHRing,0
n8FARing,0
n8FHRing,0
n8FaRing,0
n8aHRing,0
n9AHRing,0
n9FARing,0
n9FHRing,1
n9FaRing,1
n9aHRing,0
nBondsKD,6
nBondsKS,33
nFAHRing,0
nFaHRing,1
nG12Ring,0
AATSC0are,0.11755595567867025
AATSC1are,0.02610274877477079
AATSC2are,0.014747579278124529
AATSC3are,-0.004818498399107788
AATSC4are,0.02223549942968884
AATSC5are,-0.0061779105658884585
AATSC6are,-0.011161897953712911
AATSC7are,-0.033080488785631364
AATSC8are,-0.04688325831024928
LabuteASA,137.07823930778204
PEOE_VSA1,17.306942892030456
PEOE_VSA2,0.0
PEOE_VSA3,9.665781456092393
PEOE_VSA4,14.59805822286387
PEOE_VSA5,5.098681808301038
PEOE_VSA6,0.0
PEOE_VSA7,35.17875940885308
PEOE_VSA8,5.693927994848461
PEOE_VSA9,27.18485677717953
n10AHRing,0
n10FARing,0
n10FHRing,0
n10FaRing,0
n10aHRing,0
n11AHRing,0
n11FARing,0
n11FHRing,0
n11FaRing,0
n11aHRing,0
n12AHRing,0
n12FARing,0
n12FHRing,0
n12FaRing,0
n12aHRing,0
n4FAHRing,0
n4FaHRing,0
n5FAHRing,0
n5FaHRing,0
n6FAHRing,0
n6FaHRing,0
n7FAHRing,0
n7FaHRing,0
n8FAHRing,0
n8FaHRing,0
n9FAHRing,0
n9FaHRing,1
nAromAtom,14
nAromBond,15
nG12ARing,0
nG12FRing,0
nG12HRing,0
nG12aRing,0
PEOE_VSA10,11.353280053433782
PEOE_VSA11,0.0
PEOE_VSA12,5.156436481820707
PEOE_VSA13,5.777653723919194
SlogP_VSA1,17.306942892030456
SlogP_VSA2,60.42939204983399
SlogP_VSA3,6.544756405912575
SlogP_VSA4,6.923737199690624
SlogP_VSA5,5.693927994848461
SlogP_VSA6,22.5760836037161
SlogP_VSA7,0.0
SlogP_VSA8,5.777653723919194
SlogP_VSA9,0.0
n10FAHRing,0
n10FaHRing,0
n11FAHRing,0
n11FaHRing,0
n12FAHRing,0
n12FaHRing,0
nG12AHRing,0
nG12FARing,0
nG12FHRing,0
nG12FaRing,0
nG12aHRing,0
nHeavyAtom,22
EState_VSA1,0.0
EState_VSA2,12.407033161179976
EState_VSA3,5.777653723919194
EState_VSA4,28.96583726716356
EState_VSA5,22.989114755006135
EState_VSA6,9.197200828760806
EState_VSA7,12.990104268152233
EState_VSA8,44.687434815160614
EState_VSA9,0.0
GhoseFilter,False
SlogP_VSA10,0.0
SlogP_VSA11,0.0
TopoPSA(NO),91.12
VSA_EState1,0.0
VSA_EState2,0.0
VSA_EState3,0.0
VSA_EState4,0.0
VSA_EState5,0.0
VSA_EState6,0.0
VSA_EState7,0.0
VSA_EState8,3.4901516439909295
VSA_EState9,40.21762329931972
nBridgehead,0
nG12FAHRing,0
nG12FaHRing,0
EState_VSA10,0.0
FilterItLogS,-3.5461932253532162
PetitjeanIndex,0.0
TopoShapeIndex,0.0
CDK Descriptors
FMFDescriptor,0.6818181818181818
MDEDescriptor,"0.5129927840030091,2.5309993729800704,2.3226727568570205,0.0,1.381199369861928,4.804807677001036,0.0,2.3811015779522995,0.0,0.0,0.0,0.0,0.0,0.0,0.0,0.0,4.023580535599607,4.837970321995926,0.6850067105944414"
APolDescriptor,45.00868800000001
BCUTDescriptor,"11.988414699475056,34.96885392388721,-0.3585748285256545,0.2308210424618219,2.342996213023362,11.82657036955823"
BPolDescriptor,27.691311999999996
TPSADescriptor,116.42
XLogPDescriptor,0.6849999999999997
VAdjMaDescriptor,5.523561956057013
WeightDescriptor,341.09379032000004
ChiPathDescriptor,"14.819626477379408,10.131030293135234,9.34945616764615,7.270410059739749,6.29470503080969,4.568105465583776,3.4495418426848756,2.3512778426176033,14.187864317071329,8.210311701387308,6.86126106935422,4.22789692646882,2.9534785123189944,1.9775772612652156,1.3880186908808994,0.7658395712699402"
ChiChainDescriptor,"0.0,0.0,0.23570226039551587,0.3735969372995327,0.5318204281134156,0.0,0.0,0.045819888974716116,0.07752773965245394,0.11940128114600077"
AtomCountDescriptor,38
BondCountDescriptor,23
SmallRingDescriptor,"3,3,2,2,0,0,2,1,0,0,0"
ChiClusterDescriptor,"1.4996728552132972,0.0,0.21941609682128765,0.0,1.1524701218794349,0.0,0.08408517252140153,0.0"
RuleOfFiveDescriptor,0
CarbonTypesDescriptor,"0,0,1,2,0,3,0,0,0"
ZagrebIndexDescriptor,110.0
LargestChainDescriptor,11
MannholdLogPDescriptor,1.46
WeightedPathDescriptor,"43.83578065785339,1.9925354844478813,32.51935730733365,0.0,28.357010134744197"
FractionalPSADescriptor,0.3413137480186303
WienerNumbersDescriptor,"2.1000000935E10,28.0"
AminoAcidCountDescriptor,"0,0,0,0,0,0,0,0,0,0,0,0,0,0,0,0,0,0,0,0"
ChiPathClusterDescriptor,"2.8589952634200384,4.621986173551564,5.807669245035018,1.556696505562845,1.8696653784774828,2.1059704168662017"
FractionalCSP3Descriptor,0.45454545454545453
KierHallSmartsDescriptor,"0,0,0,0,0,0,3,0,2,0,0,2,0,0,0,0,3,1,0,0,0,0,0,0,0,0,1,0,6,0,0,2,0,0,0,0,0,0,0,0,0,0,0,0,0,0,0,0,0,1,0,0,0,0,0,0,0,0,0,0,0,0,0,0,0,0,0,0,0,0,0,0,0,0,0,0,0,0,0"
BasicGroupCountDescriptor,3
HBondDonorCountDescriptor,1
LargestPiSystemDescriptor,9
PetitjeanNumberDescriptor,0.999000000999
AcidicGroupCountDescriptor,3
KappaShapeIndicesDescriptor,"18.340264650283554,8.203125,4.521118381915526"
AromaticAtomsCountDescriptor,14
AromaticBondsCountDescriptor,15
FragmentComplexityDescriptor,1059.11
HBondAcceptorCountDescriptor,6
HybridizationRatioDescriptor,0.45454545454545453
AutocorrelationDescriptorMass,"39.080525657787106,29.939856745557687,44.35801439153967,42.06386522744367,39.64275412405892"
PetitjeanShapeIndexDescriptor,"999.000999000999,NaN"
RotatableBondsCountDescriptor,5
AutocorrelationDescriptorCharge,"0.41818243108146635,-0.3096633720271183,0.14216508550226992,-0.021558850042102683,-0.03383044680473589"
EccentricConnectivityIndexDescriptor,-1244640302
AutocorrelationDescriptorPolarizability,"1487.812972387542,1732.104587160522,2385.7301609690094,2159.3104437428583,1983.5107352775256"
