DLiP-ID,J000EL
DLiP-Mol-ID,27274
Vendor-ID,
Standard Inchi(RDKit),"InChI=1S/C25H26Cl2N4O2/c26-20-5-3-17(12-21(20)27)13-25(32)28-15-19-14-18(22-16-31-7-1-2-24(31)29-22)4-6-23(19)30-8-10-33-11-9-30/h3-6,12,14,16H,1-2,7-11,13,15H2,(H,28,32)"
Standard Inchi Key(RDKit),OIGLFJGNJOWHFL-UHFFFAOYSA-N
Canonical SMILES(RDKit),O=C(Cc1ccc(Cl)c(Cl)c1)NCc1cc(-c2cn3c(n2)CCC3)ccc1N1CCOCC1
SMILES(SDF),
MW(SDF),
MW(RDKit),485.415
MW Monoisotopic(RDKit),484.143281432
MolLogP(RDKit),4.4986
XLogP(SDF),
XLogP(CDK),4.844
ALogP(SDF),
Num H Acceptors(SDF),
nHAcceptors(SDF),
HBA(RDKit),5
HBA Lipinski(RDKit),6
Num H Donors(SDF),
nHDonors(SDF),
HBD(RDKit),1
HBD Lipinski(RDKit),1
PSA(SDF),
PSA(RDKit),59.39
RO3 Pass,
Num RO5 Violations,0
Num Lipinski RO5 Violations,0
nBonds(SDF),
nRigidBonds(SDF),
nRotatableBonds(SDF),
nRotatableBonds(RDKit),6
nRings(SDF),
nRings(RDKit),5
Aromatic Rings(RDKit),3
nAtoms(SDF),
Heavy Atoms(RDKit),33
QED Weighted(RDKit),0.558930707999591
Molecular Formula(SDF),
PPI Type(SDF),
PDB ID(SDF),
Receptor Chain(SDF),
Protein Name Receptor(SDF),
Peptide Chain(SDF),
Protein Name Peptide(SDF),
ELM ID(SDF),
Motif Sequence(SDF),
Physical Form Apperance(SDF),
Quantity of Sample mg(SDF),
Box Num(SDF),
Box Position(SDF),
fCsp3(SDF),
nCarbons(SDF),
nHetAtoms(SDF),
nHalide(SDF),
Year(SDF),
No(SDF),
Target Pref Name,WDR5/Mixed-lineage leukemia 1 (MLL1)
Common Target Pref Name,WDR5/Mixed-lineage leukemia 1 (MLL1)
RDKit Descriptors
Ipc,56670600.76348838
qed,0.5589307079995907
Chi0,22.785881803630282
Chi1,16.063683283512805
TPSA,59.39
Chi0n,18.319479228452362
Chi0v,19.831337120489266
Chi1n,11.293258097214725
Chi1v,12.04918704323318
Chi2n,8.48419837879504
Chi2v,9.298598632276251
Chi3n,6.21030107153175
Chi3v,6.949330350269763
Chi4n,4.484446776213634
Chi4v,4.805135160258289
MolMR,131.02870000000001
MolWt,485.4150000000004
fr_SH,0
Kappa1,22.262033799649615
Kappa2,9.754259605028281
Kappa3,5.029364759916139
fr_ArN,0
fr_COO,0
fr_C_O,1
fr_C_S,0
fr_NH0,3
fr_NH1,1
fr_NH2,0
fr_N_O,0
fr_azo,0
BertzCT,1149.7087618032447
MolLogP,4.498600000000003
NOCount,6
fr_Ar_N,2
fr_COO2,0
fr_urea,0
BalabanJ,1.3533619929762335
SMR_VSA1,9.53140013787187
SMR_VSA2,0.0
SMR_VSA3,14.867866772744893
SMR_VSA4,0.0
SMR_VSA5,32.35197768060318
SMR_VSA6,31.203186471701468
SMR_VSA7,69.59162009125932
SMR_VSA8,0.0
SMR_VSA9,11.257379486545457
fr_Al_OH,0
fr_Ar_NH,0
fr_Ar_OH,0
fr_HOCCN,0
fr_Imine,0
fr_amide,1
fr_azide,0
fr_diazo,0
fr_ester,0
fr_ether,1
fr_furan,0
fr_imide,0
fr_nitro,0
fr_oxime,0
fr_quatN,0
LabuteASA,203.0134258942142
NHOHCount,1
PEOE_VSA1,19.520660936448213
PEOE_VSA2,4.794537184071822
PEOE_VSA3,4.9839785209472085
PEOE_VSA4,0.0
PEOE_VSA5,0.0
PEOE_VSA6,35.33461391738825
PEOE_VSA7,41.81319288016644
PEOE_VSA8,50.04752858456994
PEOE_VSA9,35.37378017428296
RingCount,5
SMR_VSA10,34.7964457845001
fr_Al_COO,0
fr_Ar_COO,0
fr_ketone,0
fr_lactam,0
fr_phenol,0
ExactMolWt,484.14328143200004
NumHDonors,1
PEOE_VSA10,5.824404497999927
PEOE_VSA11,0.0
PEOE_VSA12,5.907179729351506
PEOE_VSA13,0.0
PEOE_VSA14,0.0
SlogP_VSA1,10.216698334856808
SlogP_VSA2,41.76153463894105
SlogP_VSA3,35.46255619554904
SlogP_VSA4,0.0
SlogP_VSA5,23.372129104319928
SlogP_VSA6,42.595045982382736
SlogP_VSA7,10.045266627482652
SlogP_VSA8,11.257379486545457
SlogP_VSA9,0.0
fr_amidine,0
fr_aniline,1
fr_benzene,2
fr_epoxide,0
fr_guanido,0
fr_halogen,2
fr_hdrzine,0
fr_hdrzone,0
fr_isocyan,0
fr_lactone,0
fr_methoxy,0
fr_nitrile,0
fr_nitroso,0
fr_oxazole,0
fr_sulfide,0
fr_sulfone,0
EState_VSA1,0.0
EState_VSA2,12.328001352277514
EState_VSA3,29.803786962421064
EState_VSA4,66.37198570621268
EState_VSA5,0.0
EState_VSA6,12.13273413692322
EState_VSA7,6.06636706846161
EState_VSA8,39.179742759646075
EState_VSA9,32.92272125521229
SlogP_VSA10,5.687386274683562
SlogP_VSA11,0.0
SlogP_VSA12,23.20187978046503
VSA_EState1,0.0
VSA_EState2,0.0
VSA_EState3,0.0
VSA_EState4,0.0
VSA_EState5,0.0
VSA_EState6,0.0
VSA_EState7,0.0
VSA_EState8,2.2399956735094166
VSA_EState9,56.40265122742852
fr_aldehyde,0
fr_barbitur,0
fr_bicyclic,1
fr_priamide,0
fr_pyridine,0
fr_thiazole,0
fr_thiocyan,0
EState_VSA10,4.794537184071822
EState_VSA11,0.0
FractionCSP3,0.36
VSA_EState10,12.079575321284285
fr_C_O_noCOO,1
fr_Nhpyrrole,0
fr_imidazole,1
fr_phos_acid,0
fr_piperdine,0
fr_piperzine,0
fr_sulfonamd,0
fr_tetrazole,0
fr_thiophene,0
HallKierAlpha,-2.54
NumHAcceptors,5
fr_morpholine,1
fr_nitro_arom,0
fr_phos_ester,0
HeavyAtomCount,33
HeavyAtomMolWt,459.20700000000033
MaxEStateIndex,12.682483479923956
MinEStateIndex,-0.06232608327485645
NumHeteroatoms,8
fr_aryl_methyl,2
fr_isothiocyan,0
fr_Al_OH_noTert,0
fr_alkyl_halide,0
fr_allylic_oxid,0
fr_prisulfonamd,0
FpDensityMorgan1,1.0606060606060606
FpDensityMorgan2,1.9090909090909092
FpDensityMorgan3,2.696969696969697
MaxPartialCharge,0.22418820099596629
MinPartialCharge,-0.3777778171723118
NumAromaticRings,3
fr_unbrch_alkane,0
MaxAbsEStateIndex,12.682483479923956
MinAbsEStateIndex,0.06232608327485645
NumAliphaticRings,2
NumRotatableBonds,6
NumSaturatedRings,1
fr_Ndealkylation1,0
fr_Ndealkylation2,0
fr_benzodiazepine,0
fr_ketone_Topliss,0
fr_term_acetylene,0
fr_alkyl_carbamate,0
fr_dihydropyridine,0
MaxAbsPartialCharge,0.3777778171723118
MinAbsPartialCharge,0.22418820099596629
NumRadicalElectrons,0
NumValenceElectrons,172
fr_para_hydroxylation,0
NumAromaticCarbocycles,2
fr_nitro_arom_nonortho,0
fr_phenol_noOrthoHbond,0
NumAliphaticCarbocycles,0
NumAromaticHeterocycles,1
NumSaturatedCarbocycles,0
NumAliphaticHeterocycles,2
NumSaturatedHeterocycles,1
Mordred Descriptors
MW,484.1432814320008
MZ,0.7175141242937854
Mi,1.1234531909542103
Mm,0.6849780356706917
Mp,0.7048677357150107
Mv,0.6557106052085959
SZ,42.333333333333336
Si,66.2837382662984
Sm,40.41370410457081
Sp,41.58719640718563
Sv,38.68692570730716
nB,0
nC,25
nF,0
nH,26
nI,0
nN,4
nO,2
nP,0
nS,0
nX,2
ABC,26.288919730526377
AMW,8.205818329355946
IC0,1.6401373304459683
IC1,3.798324456364295
IC2,4.950108303452454
IC3,5.340270168005909
IC4,5.374168473090655
IC5,5.374168473090655
MID,68.38127732659255
Mpe,0.9724825523429712
Mse,1.0065549890750183
NdO,1
NdS,0
NsF,0
NsI,0
NtN,0
SMR,131.02870000000001
SdO,12.682483479923956
SdS,0
Spe,57.3764705882353
SsF,0
SsI,0
Sse,59.386744355426075
StN,0
fMF,0.5084745762711864
nBr,0
nCl,2
AMID,2.072159918987653
BIC0,0.2658277580460965
BIC1,0.6156192264049206
BIC2,0.8022963491931088
BIC3,0.865532428150673
BIC4,0.8710265476216262
BIC5,0.8710265476216262
CIC0,4.242505718915873
CIC1,2.0843185929975467
CIC2,0.932534745909388
CIC3,0.5423728813559325
CIC4,0.5084745762711869
CIC5,0.5084745762711869
GGI1,6.5
GGI2,3.7777777777777795
GGI3,1.9791666666666667
GGI4,1.627777777777778
GGI5,0.8336111111111111
GGI6,0.8081632653061224
GGI7,0.4826743197278911
GGI8,0.3202554169816074
GGI9,0.35376543209876543
JGI1,0.17567567567567566
JGI2,0.0726495726495727
JGI3,0.03958333333333333
JGI4,0.0369949494949495
JGI5,0.018524691358024696
JGI6,0.01836734693877551
JGI7,0.011224984179718397
JGI8,0.007447800394921102
JGI9,0.008227103072064312
MIC0,19.032883632005614
MIC1,40.23194065905618
MIC2,45.17212659995348
MIC3,45.93839281027082
MIC4,47.14018942044031
MIC5,47.14018942044031
MPC2,52
MPC3,69
MPC4,90
MPC5,110
MPC6,121
MPC7,142
MPC8,154
MPC9,180
Mare,0.9806101694915255
NaaN,1
NaaO,0
NaaS,0
NdNH,0
NdSe,0
NddC,0
NdsN,0
NsBr,0
NsCl,2
NsLi,0
NsOH,0
NsSH,0
NssO,1
NssS,0
NtCH,0
NtsC,0
RNCG,0.15453558691737346
RPCG,0.09170748955082095
SIC0,0.27880959573501457
SIC1,0.6456833135194805
SIC2,0.8414769112991565
SIC3,0.9078011572681144
SIC4,0.9135635849388573
SIC5,0.9135635849388573
SaaN,4.829446111286563
SaaO,0
SaaS,0
Sare,57.856
SdNH,0
SdSe,0
SddC,0
SdsN,0
SsBr,0
SsCl,12.079575321284285
SsLi,0
SsOH,0
SsSH,0
SssO,5.527088309057208
SssS,0
StCH,0
StsC,0
TIC0,96.76810249631212
TIC1,224.1011429254934
TIC2,292.05638990369476
TIC3,315.07593991234864
TIC4,317.07593991234864
TIC5,317.07593991234864
Vabc,414.73529662946237
WPol,50
apol,69.45061799999999
bpol,34.837382000000005
nRot,6
ABCGG,19.7114927204042
ATS0Z,1828.0
ATS0d,204.0
ATS0i,9529.899533359274
ATS0m,7443.145887000001
ATS0p,96.91364352607398
ATS0s,187.3717040085353
ATS0v,13810.08006257906
ATS1Z,1717.0
ATS1d,262.0
ATS1i,9203.832712931806
ATS1m,6601.0595550000035
ATS1p,119.59710005000005
ATS1s,173.06893004115227
ATS1v,17315.037555915467
ATS2Z,2615.0
ATS2d,418.0
ATS2i,17503.344227928646
ATS2m,9863.890964000004
ATS2p,185.3425868776409
ATS2s,298.8127572016461
ATS2v,26075.32460657807
ATS3Z,2959.0
ATS3d,458.0
ATS3i,23370.631963170912
ATS3m,10947.221829000002
ATS3p,215.48143641897994
ATS3s,362.12463801249805
ATS3v,28706.405937352607
ATS4Z,2437.0
ATS4d,428.0
ATS4i,23164.10546608065
ATS4m,8721.285207
ATS4p,202.53147442837593
ATS4s,353.8230452674895
ATS4v,26520.0882911658
ATS5Z,2389.0
ATS5d,421.0
ATS5i,22872.452470166092
ATS5m,8599.988919
ATS5p,195.12775251262096
ATS5s,353.409465020576
ATS5v,25884.842111204027
ATS6Z,2512.0
ATS6d,411.0
ATS6i,23239.219943271197
ATS6m,9079.089907000007
ATS6p,191.35371057407397
ATS6s,372.13477366255137
ATS6v,25493.527865644275
ATS7Z,2399.0
ATS7d,417.0
ATS7i,23829.878615404297
ATS7m,8718.537126000005
ATS7p,183.86032123426205
ATS7s,352.4537037037037
ATS7v,24490.038822152877
ATS8Z,2319.0
ATS8d,396.0
ATS8i,20483.64445633131
ATS8m,8343.257592999998
ATS8p,182.20249637843307
ATS8s,351.8261316872429
ATS8v,24516.180745359674
C1SP1,0
C1SP2,3
C1SP3,6
C2SP1,0
C2SP2,10
C2SP3,3
C3SP2,3
C3SP3,0
C4SP3,0
FCSP3,0.36
GGI10,0.16804815835118866
JGI10,0.004201203958779716
JGT10,0.39289666105581494
Kier1,24.68371073776479
Kier2,11.372781065088757
Kier3,6.049149338374291
MAXdO,12.682483479923956
MID_C,52.51136652719556
MID_N,8.576319002662046
MID_O,3.780531409628164
MID_X,3.513060387106785
MID_h,15.869910799396996
MINdO,12.682483479923956
MPC10,209
MWC01,37.0
MWC02,5.187385805840755
MWC03,6.042632833682381
MWC04,6.920671504248683
MWC05,7.791109510610028
MWC06,8.67334187390617
MWC07,9.55044884660634
MWC08,10.435262205052501
MWC09,11.3164360159013
MWC10,12.203253675966376
NaaCH,7
NaaNH,0
NaaSe,0
NaaaC,0
NaasC,8
NaasN,1
NdCH2,0
NddsN,0
NdsCH,0
NdssC,1
NdssS,0
NsCH3,0
NsNH2,0
NsNH3,0
NsPH2,0
NsSeH,0
NssBH,0
NssBe,0
NssNH,1
NssPH,0
NssSe,0
NsssB,0
NsssN,1
NsssP,0
SLogP,4.498600000000003
SRW02,4.31748811353631
SRW03,0.0
SRW04,5.645446897643238
SRW05,3.044522437723423
SRW06,7.155396301896734
SRW07,5.351858133476067
SRW08,8.749415406663651
SRW09,7.390798521735676
SRW10,10.389456800303252
SaaCH,13.845149911729305
SaaNH,0
SaaSe,0
SaaaC,0
SaasC,7.182908098146875
SaasN,2.2399956735094166
SdCH2,0
SddsN,0
SdsCH,0
SdssC,-0.06232608327485645
SdssS,0
SsCH3,0
SsNH2,0
SsNH3,0
SsPH2,0
SsSeH,0
SssBH,0
SssBe,0
SssNH,3.080086057571177
SssPH,0
SssSe,0
SsssB,0
SsssN,2.320331242230593
SsssP,0
VE1_A,4.417891163155277
VE1_D,5.6530585838510525
VE2_A,0.13387548979258415
VE2_D,0.17130480557124403
VE3_A,2.679584938299392
VE3_D,2.9261192094324366
VR1_A,989.523786763841
VR1_D,226.75872393697176
VR2_A,29.985569295873972
VR2_D,6.871476482938538
VR3_A,8.0911462724013
VR3_D,6.617809030540027
WPath,3449
Xc-3d,2.1002865641057307
Xc-4d,0.0
Xc-5d,0.46941609682128765
Xc-6d,0.0
Xp-0d,22.785881803630282
Xp-1d,16.063683283512805
Xp-2d,14.629573640827186
Xp-3d,12.504016930487627
Xp-4d,10.318450989587626
Xp-5d,8.155560857090794
Xp-6d,5.7023499069945
Xp-7d,4.346897942276295
ZMIC0,107.92780511562074
ZMIC1,50.02086544051646
ZMIC2,33.94017782864849
ZMIC3,31.108381272528767
ZMIC4,28.87092595594737
ZMIC5,28.87092595594737
nAcid,0
nAtom,59
nBase,0
nRing,5
piPC1,3.8607297110405954
piPC2,4.445588116163626
piPC3,4.992980358857535
piPC4,5.542488285054322
piPC5,6.010040932680917
piPC6,6.284950059478438
piPC7,6.6384859795374815
piPC8,6.952489610322308
piPC9,7.309787417855383
AATS0Z,30.983050847457626
AATS0d,3.457627118644068
AATS0i,161.52372090439448
AATS0m,126.15501503389831
AATS0p,1.642604127560576
AATS0s,3.175791593365005
AATS0v,234.06915360303492
AATS1Z,27.253968253968253
AATS1d,4.158730158730159
AATS1i,146.0925827449493
AATS1m,104.77872309523815
AATS1p,1.8983666674603183
AATS1s,2.747125873669084
AATS1v,274.84186596691217
AATS2Z,23.141592920353983
AATS2d,3.6991150442477876
AATS2i,154.8968515745898
AATS2m,87.29107047787613
AATS2p,1.6401998838729284
AATS2s,2.644360683200408
AATS2v,230.7550850139652
AATS3Z,20.12925170068027
AATS3d,3.1156462585034013
AATS3i,158.98389090592457
AATS3m,74.47089679591838
AATS3p,1.465860111693741
AATS3s,2.4634329116496465
AATS3v,195.28167304321502
AATS4Z,16.69178082191781
AATS4d,2.9315068493150687
AATS4i,158.65825661699077
AATS4m,59.73483018493151
AATS4p,1.3872018796464105
AATS4s,2.4234455155307497
AATS4v,181.64444035045068
AATS5Z,16.59027777777778
AATS5d,2.923611111111111
AATS5i,158.83647548726452
AATS5m,59.72214527083333
AATS5p,1.355053836893201
AATS5s,2.4542323959762222
AATS5v,179.75584799447242
AATS6Z,17.324137931034482
AATS6d,2.8344827586206898
AATS6i,160.27048236738756
AATS6m,62.614413151724186
AATS6p,1.3196807625798206
AATS6s,2.5664467149141474
AATS6v,175.8174335561674
AATS7Z,16.431506849315067
AATS7d,2.856164383561644
AATS7i,163.21834668085134
AATS7m,59.716007712328796
AATS7p,1.2593172687278222
AATS7s,2.414066463723998
AATS7v,167.73999193255395
AATS8Z,17.838461538461537
AATS8d,3.046153846153846
AATS8i,157.56649581793314
AATS8m,64.17890456153845
AATS8p,1.4015576644494852
AATS8s,2.7063548591326376
AATS8v,188.58600573353596
AMID_C,1.5912535311271383
AMID_N,0.25988845462612264
AMID_O,0.11456155786752012
AMID_X,0.10645637536687227
AMID_h,0.48090638786051504
ATS0dv,407.2098765432099
ATS0pe,369.0073
ATS0se,454.8541899999999
ATS1dv,425.22222222222223
ATS1pe,409.9450000000001
ATS1se,489.0045919999998
ATS2dv,569.8888888888889
ATS2pe,725.6626999999999
ATS2se,879.5963759999997
ATS3dv,518.716049382716
ATS3pe,917.3207000000003
ATS3se,1131.1554849999998
ATS4dv,487.0
ATS4pe,887.3791
ATS4se,1101.062254
ATS5dv,519.6666666666666
ATS5pe,872.8824999999999
ATS5se,1084.623576
ATS6dv,518.8888888888889
ATS6pe,893.0336
ATS6se,1106.5479299999997
ATS7dv,486.3333333333333
ATS7pe,888.4725999999997
ATS7se,1108.638814
ATS8dv,481.66666666666663
ATS8pe,809.1591000000001
ATS8se,997.6496800000001
ATSC0Z,734.5084745762712
ATSC0c,0.8684526047600207
ATSC0d,34.50847457627119
ATSC0i,87.94513955335385
ATSC0m,3449.5544076610167
ATSC0p,15.16129877044817
ATSC0s,46.42486030705322
ATSC0v,3066.5457754733343
ATSC1Z,21.745188164320567
ATSC1c,-0.37671140303166306
ATSC1d,9.084171215168062
ATSC1i,-19.750031931224132
ATSC1m,103.26019642976195
ATSC1p,-0.8508519288728185
ATSC1s,0.24193220881917604
ATSC1v,-13.086475997285994
ATSC2Z,16.771904625107723
ATSC2c,-0.10627070638353982
ATSC2d,-4.838264866417693
ATSC2i,4.48795045596684
ATSC2m,88.5899573102561
ATSC2p,2.186099182260308
ATSC2s,1.186708160891348
ATSC2v,209.47627024147897
ATSC3Z,30.88566503878188
ATSC3c,-0.00790590586862545
ATSC3d,-9.538063774777363
ATSC3i,7.404535252750864
ATSC3m,138.54446499712756
ATSC3p,2.248262731392528
ATSC3s,-12.522194569768233
ATSC3v,-144.13889781757376
ATSC4Z,-117.88537776501005
ATSC4c,0.15160636361215712
ATSC4d,-6.817581154840564
ATSC4i,-12.303684003027119
ATSC4m,-560.1166741611605
ATSC4p,-3.0977584087757406
ATSC4s,-1.7935288835366041
ATSC4v,-670.1093090211714
ATSC5Z,-13.529158287848293
ATSC5c,-0.2833179550820806
ATSC5d,-0.9189887963228945
ATSC5i,-27.199595733850053
ATSC5m,-63.98540368112643
ATSC5p,-2.4167741848595505
ATSC5s,2.8230162817806725
ATSC5v,-171.79356823090302
ATSC6Z,11.767308244757224
ATSC6c,0.15914663386433395
ATSC6d,2.123240448147084
ATSC6i,-10.854916873105267
ATSC6m,30.525796561907384
ATSC6p,-4.168599973987908
ATSC6s,-1.3078107378566206
ATSC6v,-632.4303805291629
ATSC7Z,205.7417408790577
ATSC7c,0.22132325042656886
ATSC7d,-0.8684286124676814
ATSC7i,32.614874064582615
ATSC7m,967.3994582456188
ATSC7p,3.946774721566017
ATSC7s,-0.29107731429979294
ATSC7v,929.7851100883702
ATSC8Z,-166.4932490663603
ATSC8c,-0.21192514164534018
ATSC8d,-3.4254524561907487
ATSC8i,-35.94807802686155
ATSC8m,-788.8632413886812
ATSC8p,-4.624005617843912
ATSC8s,-6.7026628890669215
ATSC8v,-923.7419679641689
AXp-0d,0.6904812667766752
AXp-1d,0.43415360225710287
AXp-2d,0.281337954631292
AXp-3d,0.18121763667373372
AXp-4d,0.11464945543986252
AXp-5d,0.07414146233718903
AXp-6d,0.04712685873549174
AXp-7d,0.030611957339973905
GATS1Z,0.5796987584646806
GATS1c,1.4837579303637551
GATS1d,0.7736769888046899
GATS1i,1.3987349829182716
GATS1m,0.5847387739242326
GATS1p,0.9526706929492263
GATS1s,0.5724496796482457
GATS1v,0.9137299754705704
GATS2Z,0.7001973466030409
GATS2c,1.3966539458495288
GATS2d,1.2270937288106123
GATS2i,1.1056272394747808
GATS2m,0.7021827566603401
GATS2p,0.8175963146134338
GATS2s,0.684128934147256
GATS2v,0.8731970274578691
GATS3Z,0.8629677734117461
GATS3c,1.126385322315727
GATS3d,1.1719491332878926
GATS3i,1.008949833792757
GATS3m,0.8650488760689092
GATS3p,0.8834082145158504
GATS3s,1.1014921622103515
GATS3v,0.9697227102108439
GATS4Z,0.8653629745018853
GATS4c,0.8158513479750714
GATS4d,1.070612535995909
GATS4i,1.077820342153541
GATS4m,0.8706682550868025
GATS4p,1.0230239758419462
GATS4s,0.9747779562282283
GATS4v,1.0658884276720846
GATS5Z,0.7803215314954978
GATS5c,1.0827675511814727
GATS5d,1.0096151222440513
GATS5i,1.1271089687032148
GATS5m,0.785510373702252
GATS5p,1.0032953797508561
GATS5s,1.0577945416763128
GATS5v,1.0043451060121265
GATS6Z,0.7741231308842532
GATS6c,1.0573860975331515
GATS6d,0.8751473477406678
GATS6i,1.0640378891100901
GATS6m,0.7810447010826684
GATS6p,1.0322237290145024
GATS6s,1.26707132378763
GATS6v,1.041762042418105
GATS7Z,0.6560533050442418
GATS7c,1.1243132843492023
GATS7d,1.070612535995909
GATS7i,0.8383223569590383
GATS7m,0.6607296032761693
GATS7p,0.8107584811885972
GATS7s,1.1520054951441407
GATS7v,0.8449944137611629
GATS8Z,0.8859195055452209
GATS8c,1.1439788535435733
GATS8d,1.0601632159588936
GATS8i,1.2043463342994774
GATS8m,0.8899507822242634
GATS8p,1.0675008047851862
GATS8s,1.6862589090619553
GATS8v,1.0869676219367475
MATS1Z,0.027725400048641657
MATS1c,-0.40623197717240955
MATS1d,0.24653070134406105
MATS1i,-0.21031363124571
MATS1m,0.028033763800644346
MATS1p,-0.052556815629517896
MATS1s,0.004880390208123713
MATS1v,-0.003996545145486127
MATS2Z,0.011922275171085453
MATS2c,-0.06389119534018457
MATS2d,-0.07320444390354151
MATS2i,0.026644635271209364
MATS2m,0.013408958954278506
MATS2p,0.07528475195747462
MATS2s,0.013346484656648342
MATS2v,0.03566637313979512
MATS3Z,0.016876983394428433
MATS3c,-0.0036537614886216433
MATS3d,-0.11093514026435722
MATS3i,0.03379252467863985
MATS3m,0.016119844854773423
MATS3p,0.05951758929616916
MATS3s,-0.10825912655591488
MATS3v,-0.01886541754364301
MATS4Z,-0.06485781064684745
MATS4c,0.07054568661493424
MATS4d,-0.07983690825416477
MATS4i,-0.05653566202073509
MATS4m,-0.06561674125436057
MATS4p,-0.08256772038283362
MATS4s,-0.015611941861873478
MATS4v,-0.08830704555172
MATS5Z,-0.0075468112218735105
MATS5c,-0.1336649363654826
MATS5d,-0.010911236629556849
MATS5i,-0.126718530031534
MATS5m,-0.007599892243413867
MATS5p,-0.06531142909471759
MATS5s,0.024914506940691097
MATS5v,-0.02295339697910947
MATS6Z,0.006518750039785334
MATS6c,0.07456505534437942
MATS6d,0.025035566696023297
MATS6i,-0.05022253949849188
MATS6m,0.0036007089298512205
MATS6p,-0.1118762304347671
MATS6s,-0.01146247239134529
MATS6v,-0.0839164845022345
MATS7Z,0.11319435136973653
MATS7c,0.10298644656588359
MATS7d,-0.010169685389024942
MATS7i,0.14986596669017335
MATS7m,0.11332924526193834
MATS7p,0.10519741975394648
MATS7s,-0.00253371002266655
MATS7v,0.12252713843032233
MATS8Z,-0.10287467516791872
MATS8c,-0.11075032755024874
MATS8d,-0.04505062717243462
MATS8i,-0.18551220719542735
MATS8m,-0.10378805657326087
MATS8p,-0.13841737418379715
MATS8s,-0.06552475877387211
MATS8v,-0.13671302175233438
MAXaaN,4.829446111286563
MAXsCl,6.0930976567725885
MAXssO,5.527088309057208
MINaaN,4.829446111286563
MINsCl,5.986477664511697
MINssO,5.527088309057208
NddssS,0
NdssSe,0
NdsssP,0
NsAsH2,0
NsGeH3,0
NsPbH3,0
NsSiH3,0
NsSnH3,0
NssAsH,0
NssCH2,9
NssNH2,0
NsssAs,0
NsssCH,0
NsssNH,0
NssssB,0
NssssC,0
NssssN,0
Radius,8
SM1_Dt,0.0
SddssS,0
SdssSe,0
SdsssP,0
SpAD_A,43.54368325010274
SpAD_D,433.38477291081193
SsAsH2,0
SsGeH3,0
SsPbH3,0
SsSiH3,0
SsSnH3,0
SssAsH,0
SssCH2,6.997484100757701
SssNH2,0
SsssAs,0
SsssCH,0
SsssNH,0
SssssB,0
SssssC,0
SssssN,0
TMPC10,1197
TMWC10,148.12054227181454
TSRW10,85.04438261297835
VE1_Dt,5.656139353531908
VE2_Dt,0.17139816222823964
VE3_Dt,2.9266640349406856
VR1_Dt,226.81126232576332
VR2_Dt,6.873068555326161
VR3_Dt,6.61804069661414
Xc-3dv,1.1056427699345013
Xc-4dv,0.0
Xc-5dv,0.21615411980106686
Xc-6dv,0.0
Xch-3d,0.0
Xch-4d,0.0
Xch-5d,0.21407617506269555
Xch-6d,0.5964498218140966
Xch-7d,0.8264238111085095
Xp-0dv,19.831337120489266
Xp-1dv,12.04918704323318
Xp-2dv,9.298598632276251
Xp-3dv,6.949330350269764
Xp-4dv,4.805135160258289
Xp-5dv,3.1908582199021396
Xp-6dv,1.8667116482278074
Xp-7dv,1.210276301885978
Xpc-4d,4.994861590278824
Xpc-5d,7.464892241994488
Xpc-6d,10.605961584255194
n3Ring,0
n4Ring,0
n5Ring,2
n6Ring,3
n7Ring,0
n8Ring,0
n9Ring,0
nARing,2
nBonds,63
nFRing,1
nHBAcc,5
nHBDon,1
nHRing,3
nSpiro,0
naRing,3
piPC10,7.594876527527685
AATS0dv,6.901862314291693
AATS0pe,6.254361016949153
AATS0se,7.709393050847456
AATS1dv,6.749559082892416
AATS1pe,6.5070634920634935
AATS1se,7.761977650793647
AATS2dv,5.0432645034414945
AATS2pe,6.421793805309734
AATS2se,7.784038725663715
AATS3dv,3.5286806080456876
AATS3pe,6.240276870748302
AATS3se,7.694935272108842
AATS4dv,3.335616438356164
AATS4pe,6.07793904109589
AATS4se,7.541522287671232
AATS5dv,3.608796296296296
AATS5pe,6.061684027777777
AATS5se,7.532108166666666
AATS6dv,3.578544061302682
AATS6pe,6.158852413793103
AATS6se,7.631365034482757
AATS7dv,3.3310502283105023
AATS7pe,6.085428767123286
AATS7se,7.5934165342465745
AATS8dv,3.705128205128205
AATS8pe,6.22430076923077
AATS8se,7.674228307692308
AATSC0Z,12.449296179258834
AATSC0c,0.014719535673898656
AATSC0d,0.5848893995978168
AATSC0i,1.4905955856500652
AATSC0m,58.4670238586613
AATSC0p,0.25697116560081645
AATSC0s,0.786862039102597
AATSC0v,51.975352126666685
AATSC1Z,0.34516171689397723
AATSC1c,-0.005979546079867668
AATSC1d,0.14419319389155655
AATSC1i,-0.313492570336891
AATSC1m,1.6390507369803484
AATSC1p,-0.01350558617258442
AATSC1s,0.003840193790780572
AATSC1v,-0.20772184122676182
AATSC2Z,0.14842393473546658
AATSC2c,-0.0009404487290578745
AATSC2d,-0.04281650324263445
AATSC2i,0.03971637571652071
AATSC2m,0.7839819230996115
AATSC2p,0.019346010462480603
AATSC2s,0.01050184213178184
AATSC2v,1.8537723030219377
AATSC3Z,0.21010656488967266
AATSC3c,-5.378167257568334e-05
AATSC3d,-0.06488478758351948
AATSC3i,0.05037098811395146
AATSC3m,0.9424793537219562
AATSC3p,0.015294304295187265
AATSC3s,-0.08518499707325329
AATSC3v,-0.9805367198474406
AATSC4Z,-0.8074340942808907
AATSC4c,0.0010383997507681995
AATSC4d,-0.04669576133452441
AATSC4i,-0.08427180823991177
AATSC4m,-3.836415576446305
AATSC4p,-0.021217523347779044
AATSC4s,-0.012284444407784959
AATSC4v,-4.589789787816242
AATSC5Z,-0.09395248811005759
AATSC5c,-0.001967485799181115
AATSC5d,-0.006381866641131212
AATSC5i,-0.1888860814850698
AATSC5m,-0.4443430811189335
AATSC5p,-0.016783154061524655
AATSC5s,0.019604279734588004
AATSC5v,-1.1930108904923822
AATSC6Z,0.08115384996384292
AATSC6c,0.0010975629921678204
AATSC6d,0.014643037573428165
AATSC6i,-0.07486149567658805
AATSC6m,0.2105227349097061
AATSC6p,-0.02874896533784764
AATSC6s,-0.009019384399011177
AATSC6v,-4.361588831235606
AATSC7Z,1.409190006020943
AATSC7c,0.0015159126741545812
AATSC7d,-0.005948141181285489
AATSC7i,0.22338954838755215
AATSC7m,6.626023686613827
AATSC7p,0.02703270357236998
AATSC7s,-0.0019936802349300887
AATSC7v,6.368391164988837
AATSC8Z,-1.280717300510464
AATSC8c,-0.0016301933972718476
AATSC8d,-0.026349634278390374
AATSC8i,-0.27652367712970427
AATSC8m,-6.068178779912932
AATSC8p,-0.03556927398341471
AATSC8s,-0.05155894530051478
AATSC8v,-7.105707445878222
ATS0are,360.3074
ATS1are,398.904
ATS2are,710.2159000000001
ATS3are,897.4369000000002
ATS4are,869.0069000000003
ATS5are,855.7160000000001
ATS6are,876.8408999999999
ATS7are,874.5029
ATS8are,793.4229999999998
ATSC0dv,211.1387319522913
ATSC0pe,6.183298305084743
ATSC0se,4.112125999999997
ATSC1dv,61.159248974148895
ATSC1pe,0.15132723355358252
ATSC1se,-0.14048800000000178
ATSC2dv,-28.256500012413078
ATSC2pe,-0.677554380925012
ATSC2se,-0.5054480000000038
ATSC3dv,-90.60407645028921
ATSC3pe,-2.039053404194191
ATSC3se,-0.8628270000000015
ATSC4dv,-31.658849982799026
ATSC4pe,-0.9575534329215771
ATSC4se,-0.5631139999999967
ATSC5dv,28.59276637549165
ATSC5pe,0.020829560471124248
ATSC5se,-0.3597479999999964
ATSC6dv,16.55442419341682
ATSC6pe,1.3247973858086766
ATSC6se,1.1165340000000001
ATSC7dv,-2.145144186607375
ATSC7pe,1.7230380925021507
ATSC7se,1.1316540000000017
ATSC8dv,-46.81771237866229
ATSC8pe,-1.1801589773053678
ATSC8se,-0.787276000000001
AXp-0dv,0.6009496097117959
AXp-1dv,0.32565370387116704
AXp-2dv,0.17881920446685098
AXp-3dv,0.10071493261260528
AXp-4dv,0.05339039066953655
AXp-5dv,0.02900780199911036
AXp-6dv,0.015427368993618244
AXp-7dv,0.008523072548492803
BertzCT,1149.7087618032447
ECIndex,912
ETA_eta,30.71301937165278
GATS1dv,0.5924937236719221
GATS1pe,0.6915670033012377
GATS1se,0.7274649009620169
GATS2dv,1.1251092258614004
GATS2pe,1.0037627647150766
GATS2se,0.993386324862924
GATS3dv,1.2103727298306997
GATS3pe,1.1158339244172824
GATS3se,1.0555749666489123
GATS4dv,1.0137870914285732
GATS4pe,0.8879684759972918
GATS4se,0.8090889844608531
GATS5dv,0.9020217658001816
GATS5pe,0.8553550252344313
GATS5se,0.8289026787954568
GATS6dv,0.9446366418508036
GATS6pe,0.8919899587352039
GATS6se,0.8296283236457251
GATS7dv,1.082578459572321
GATS7pe,0.9083669964572508
GATS7se,0.8561463646851771
GATS8dv,1.1460218994350717
GATS8pe,1.086804456501804
GATS8se,1.0877648821670727
LogEE_A,4.4415517935034305
LogEE_D,216.69238645540597
MATS1dv,0.27127245449260995
MATS1pe,0.02291966976850842
MATS1se,-0.031995159434348254
MATS2dv,-0.06987535482179821
MATS2pe,-0.05721336965782453
MATS2se,-0.06417762439091321
MATS3dv,-0.17223226215380502
MATS3pe,-0.1323558307583693
MATS3se,-0.08421549200722815
MATS4dv,-0.06059354784300523
MATS4pe,-0.06258092447919279
MATS4se,-0.05533871460244323
MATS5dv,0.05548528055711922
MATS5pe,0.0013802235284561808
MATS5se,-0.03584441478690065
MATS6dv,0.03190290127157718
MATS6pe,0.08717927899021444
MATS6se,0.11048149655014437
MATS7dv,-0.004105704944177083
MATS7pe,0.1126091902909826
MATS7se,0.11121065669600429
MATS8dv,-0.10063543765022011
MATS8pe,-0.08662215315353623
MATS8se,-0.08688989214226055
MAXaaCH,2.1550533256359374
MAXaasC,1.1516054433938292
MAXaasN,2.2399956735094166
MAXdssC,-0.06232608327485645
MAXssNH,3.080086057571177
MAXsssN,2.320331242230593
MDEC-22,21.49165174624123
MDEC-23,29.791625005637314
MDEC-33,7.769967707485853
MDEN-22,0.16666666666666669
MDEN-23,0.9342759554564002
MDEN-33,0.14285714285714285
MDEO-12,0.1111111111111111
MINaaCH,1.7170017856486248
MINaasC,0.45484840042379737
MINaasN,2.2399956735094166
MINdssC,-0.06232608327485645
MINssNH,3.080086057571177
MINsssN,2.320331242230593
NddssSe,0
NssGeH2,0
NssPbH2,0
NssSiH2,0
NssSnH2,0
NsssGeH,0
NsssPbH,0
NsssSiH,0
NsssSnH,0
NsssdAs,0
NssssBe,0
NssssGe,0
NssssPb,0
NssssSi,0
NssssSn,0
NsssssP,0
SM1_DzZ,2.365546218487395
SM1_Dzi,1.5105885387780726
SM1_Dzm,2.39090140668185
SM1_Dzp,-3.7694258931486955
SM1_Dzv,-1.9087102096145476
SddssSe,0
SpAD_Dt,739.2645695381535
SpAbs_A,43.54368325010273
SpAbs_D,433.3847729108119
SpMAD_A,1.3195055530334163
SpMAD_D,13.13287190638824
SpMax_A,2.460825400392747
SpMax_D,216.69238645540597
SssGeH2,0
SssPbH2,0
SssSiH2,0
SssSnH2,0
SsssGeH,0
SsssPbH,0
SsssSiH,0
SsssSnH,0
SsssdAs,0
SssssBe,0
SssssGe,0
SssssPb,0
SssssSi,0
SssssSn,0
SsssssP,0
TopoPSA,59.39
TpiPC10,8.82407568781733
VAdjMat,6.20945336562895
VE1_DzZ,5.656698997530588
VE1_Dzi,5.650493089840282
VE1_Dzm,5.656818625945401
VE1_Dzp,5.648233898563428
VE1_Dzv,5.650568592053672
VE2_DzZ,0.17141512113729054
VE2_Dzi,0.17122706332849338
VE2_Dzm,0.17141874624076972
VE2_Dzp,0.17115860298677055
VE2_Dzv,0.17122935127435368
VE3_DzZ,2.9267629745669352
VE3_Dzi,2.925665282360861
VE3_Dzm,2.9267841224395594
VE3_Dzp,2.925265380441064
VE3_Dzv,2.925678644329057
VR1_DzZ,225.95374427317165
VR1_Dzi,226.89123528598782
VR1_Dzm,225.932436759462
VR1_Dzp,227.62406720441257
VR1_Dzv,227.27458235237873
VR2_DzZ,6.847083159793081
VR2_Dzi,6.875491978363267
VR2_Dzm,6.846437477559455
VR2_Dzp,6.89769900619432
VR2_Dzv,6.887108556132689
VR3_DzZ,6.614252775439033
VR3_Dzi,6.618393231420423
VR3_Dzm,6.614158470657785
VR3_Dzp,6.621617908563046
VR3_Dzv,6.620081368847511
Xch-3dv,0.0
Xch-4dv,0.0
Xch-5dv,0.10792445496369077
Xch-6dv,0.23001354018545084
Xch-7dv,0.2754755630026047
Xpc-4dv,2.408714949400044
Xpc-5dv,2.9874745627627717
Xpc-6dv,3.6351149424754676
Zagreb1,178.0
Zagreb2,210.0
fragCpx,313.08
n10Ring,0
n11Ring,0
n12Ring,0
n3ARing,0
n3HRing,0
n3aRing,0
n4ARing,0
n4FRing,0
n4HRing,0
n4aRing,0
n5ARing,1
n5FRing,0
n5HRing,2
n5aRing,1
n6ARing,1
n6FRing,0
n6HRing,1
n6aRing,2
n7ARing,0
n7FRing,0
n7HRing,0
n7aRing,0
n8ARing,0
n8FRing,1
n8HRing,0
n8aRing,0
n9ARing,0
n9FRing,0
n9HRing,0
n9aRing,0
nAHRing,2
nBondsA,17
nBondsD,1
nBondsM,18
nBondsO,37
nBondsS,45
nBondsT,0
nFARing,1
nFHRing,1
nFaRing,0
nHetero,8
naHRing,1
AATS0are,6.106905084745763
AATS1are,6.3318095238095236
AATS2are,6.285096460176993
AATS3are,6.105012925170069
AATS4are,5.952102054794523
AATS5are,5.942472222222223
AATS6are,6.047178620689655
AATS7are,5.989745890410958
AATS8are,6.103253846153844
AATSC0dv,3.5786225754625645
AATSC0pe,0.104801666187877
AATSC0se,0.06969705084745759
AATSC1dv,0.9707817297483952
AATSC1pe,0.0024020195802155957
AATSC1se,-0.0022299682539682823
AATSC2dv,-0.25005752223374406
AATSC2pe,-0.0059960564683629375
AATSC2se,-0.004472991150442512
AATSC3dv,-0.6163542615665932
AATSC3pe,-0.013871111593157763
AATSC3se,-0.005869571428571438
AATSC4dv,-0.2168414382383495
AATSC4pe,-0.006558585156997103
AATSC4se,-0.003856945205479429
AATSC5dv,0.1985608776075809
AATSC5pe,0.0001446497254939184
AATSC5se,-0.002498249999999975
AATSC6dv,0.11416844271321945
AATSC6pe,0.009136533695232252
AATSC6se,0.0077002344827586215
AATSC7dv,-0.014692768401420376
AATSC7pe,0.011801630770562677
AATSC7se,0.00775105479452056
AATSC8dv,-0.360136249066633
AATSC8pe,-0.00907814597927206
AATSC8se,-0.006055969230769238
AETA_eta,0.9306975567167509
ATSC0are,5.718762711864403
ATSC1are,0.0802872737719123
ATSC2are,-0.6716251939097831
ATSC3are,-2.2380274346452085
ATSC4are,-0.7876721344441279
ATSC5are,-0.014295432347030929
ATSC6are,1.1834424877908662
ATSC7are,1.2516770180982453
ATSC8are,-0.8999076702097042
BCUTZ-1h,17.002141829820136
BCUTZ-1l,5.68600834193257
BCUTc-1h,0.38378303488843596
BCUTc-1l,-0.44420952576063555
BCUTd-1h,3.2086348689193933
BCUTd-1l,0.9779139787724903
BCUTi-1h,14.558134362941482
BCUTi-1l,10.947612736746198
BCUTm-1h,35.4515317571569
BCUTm-1l,11.697910288260642
BCUTp-1h,2.217185605614525
BCUTp-1l,0.7518851369406118
BCUTs-1h,7.0082723471705055
BCUTs-1l,1.2845593701303772
BCUTv-1h,22.457535875962257
BCUTv-1l,14.70250773506148
BalabanJ,1.157947667882487
Diameter,16
ETA_beta,40.75
GATS1are,0.7625617189470341
GATS2are,1.104020912639028
GATS3are,1.1823703095893654
GATS4are,0.893591366485523
GATS5are,0.8876269279798255
GATS6are,0.9640337041021675
GATS7are,1.0156815509710622
GATS8are,1.1490440032364475
HybRatio,0.36
Lipinski,True
LogEE_Dt,369.63228476907676
MATS1are,0.013147891052025901
MATS2are,-0.06131948099444712
MATS3are,-0.15707172239892955
MATS4are,-0.05565991781560855
MATS5are,-0.0010241999194513579
MATS6are,0.08420329566165018
MATS7are,0.08844827297108872
MATS8are,-0.0714174823330231
MAXssCH2,1.1614041340282848
MINssCH2,0.2472552910052912
NsssssAs,0
RotRatio,0.16216216216216217
SM1_Dzpe,1.5482546519374685
SM1_Dzse,1.4776099182099578
SMR_VSA1,9.53140013787187
SMR_VSA2,0.0
SMR_VSA3,14.867866772744893
SMR_VSA4,0.0
SMR_VSA5,32.35197768060318
SMR_VSA6,31.203186471701468
SMR_VSA7,69.59162009125932
SMR_VSA8,0.0
SMR_VSA9,11.257379486545457
SpAD_DzZ,346.20095262122294
SpAD_Dzi,341.4547824615148
SpAD_Dzm,346.1170569154093
SpAD_Dzp,443.36461445332475
SpAD_Dzv,414.41560214426386
SpAbs_Dt,739.2645695381533
SpDiam_A,4.858194264863125
SpDiam_D,311.6926779873644
SpMAD_Dt,22.40195665267132
SpMax_Dt,369.63228476907676
SsssssAs,0
VE1_Dzpe,5.652072167779002
VE1_Dzse,5.652382744871582
VE2_Dzpe,0.17127491417512128
VE2_Dzse,0.17128432560216916
VE3_Dzpe,2.9259447017515923
VE3_Dzse,2.925999649485925
VMcGowan,346.25000000000114
VR1_Dzpe,226.68143370863552
VR1_Dzse,226.65389794116618
VR2_Dzpe,6.869134354807137
VR2_Dzse,6.868299937611097
VR3_Dzpe,6.617468124566961
VR3_Dzse,6.6173466437752335
mZagreb1,8.972222222222223
mZagreb2,7.138888888888888
n10ARing,0
n10FRing,0
n10HRing,0
n10aRing,0
n11ARing,0
n11FRing,0
n11HRing,0
n11aRing,0
n12ARing,0
n12FRing,0
n12HRing,0
n12aRing,0
n3AHRing,0
n3aHRing,0
n4AHRing,0
n4FARing,0
n4FHRing,0
n4FaRing,0
n4aHRing,0
n5AHRing,1
n5FARing,0
n5FHRing,0
n5FaRing,0
n5aHRing,1
n6AHRing,1
n6FARing,0
n6FHRing,0
n6FaRing,0
n6aHRing,0
n7AHRing,0
n7FARing,0
n7FHRing,0
n7FaRing,0
n7aHRing,0
n8AHRing,0
n8FARing,1
n8FHRing,1
n8FaRing,0
n8aHRing,0
n9AHRing,0
n9FARing,0
n9FHRing,0
n9FaRing,0
n9aHRing,0
nBondsKD,9
nBondsKS,54
nFAHRing,1
nFaHRing,0
nG12Ring,0
AATSC0are,0.09692818155702378
AATSC1are,0.001274401170982735
AATSC2are,-0.00594358578681224
AATSC3are,-0.015224676426157881
AATSC4are,-0.005395014619480328
AATSC5are,-9.927383574327033e-05
AATSC6are,0.008161672329592182
AATSC7are,0.008573130260946886
AATSC8are,-0.006922366693920801
AETA_beta,1.2348484848484849
BCUTdv-1h,6.0220070975083875
BCUTdv-1l,0.772904064190269
BCUTpe-1h,3.489110677892419
BCUTpe-1l,2.234560218362385
BCUTse-1h,3.7020442936763445
BCUTse-1l,2.4303427236075485
ETA_alpha,16.195238095238096
ETA_dBeta,-3.75
ETA_eta_B,0.35053027886028687
ETA_eta_F,31.2370388172171
ETA_eta_L,8.202398950944827
ETA_eta_R,61.95005818886988
ETA_psi_1,0.5866827669484219
LabuteASA,203.0134258942142
LogEE_DzZ,173.1415786197981
LogEE_Dzi,170.6992780143702
LogEE_Dzm,173.10145513101824
LogEE_Dzp,221.11118209133681
LogEE_Dzv,206.91860255552365
PEOE_VSA1,19.520660936448213
PEOE_VSA2,4.794537184071822
PEOE_VSA3,4.9839785209472085
PEOE_VSA4,0.0
PEOE_VSA5,0.0
PEOE_VSA6,35.33461391738825
PEOE_VSA7,41.81319288016644
PEOE_VSA8,50.04752858456994
PEOE_VSA9,35.37378017428296
SM1_Dzare,1.5473151289037386
SpAD_Dzpe,348.2549100475761
SpAD_Dzse,350.75992186420035
SpAbs_DzZ,344.1221392777037
SpAbs_Dzi,340.12729556380066
SpAbs_Dzm,344.01596173984035
SpAbs_Dzp,445.99179007582245
SpAbs_Dzv,415.7459153206619
SpDiam_Dt,510.97497021668926
SpMAD_DzZ,10.490937958218877
SpMAD_Dzi,10.347114620045904
SpMAD_Dzm,10.488395664103312
SpMAD_Dzp,13.435291347070446
SpMAD_Dzv,12.558048549826177
SpMax_DzZ,173.1415786197981
SpMax_Dzi,170.6992780143702
SpMax_Dzm,173.10145513101824
SpMax_Dzp,221.11118209133681
SpMax_Dzv,206.91860255552365
VE1_Dzare,5.651062516011721
VE2_Dzare,0.17124431866702183
VE3_Dzare,2.9257660518817623
VR1_Dzare,226.7982130490572
VR2_Dzare,6.8726731226987035
VR3_Dzare,6.617983161322582
n10AHRing,0
n10FARing,0
n10FHRing,0
n10FaRing,0
n10aHRing,0
n11AHRing,0
n11FARing,0
n11FHRing,0
n11FaRing,0
n11aHRing,0
n12AHRing,0
n12FARing,0
n12FHRing,0
n12FaRing,0
n12aHRing,0
n4FAHRing,0
n4FaHRing,0
n5FAHRing,0
n5FaHRing,0
n6FAHRing,0
n6FaHRing,0
n7FAHRing,0
n7FaHRing,0
n8FAHRing,1
n8FaHRing,0
n9FAHRing,0
n9FaHRing,0
nAromAtom,17
nAromBond,17
nG12ARing,0
nG12FRing,0
nG12HRing,0
nG12aRing,0
AETA_alpha,0.4907647907647908
AETA_dBeta,-0.11363636363636363
AETA_eta_B,0.010622129662432936
AETA_eta_F,0.9465769338550637
AETA_eta_L,0.24855754396802507
AETA_eta_R,1.8772744905718146
BCUTare-1h,3.5438915150271573
BCUTare-1l,2.184910336896889
ETA_beta_s,22.25
ETA_dPsi_A,0.12731723305157805
ETA_dPsi_B,0.0
ETA_eta_BR,0.7805302788602868
ETA_eta_FL,7.8612843325679815
ETA_eta_RL,16.06368328351281
LogEE_Dzpe,174.10780160321931
LogEE_Dzse,175.36887253160003
PEOE_VSA10,5.824404497999927
PEOE_VSA11,0.0
PEOE_VSA12,5.907179729351506
PEOE_VSA13,0.0
SlogP_VSA1,10.216698334856808
SlogP_VSA2,41.76153463894105
SlogP_VSA3,35.46255619554904
SlogP_VSA4,0.0
SlogP_VSA5,23.372129104319928
SlogP_VSA6,42.595045982382736
SlogP_VSA7,10.045266627482652
SlogP_VSA8,11.257379486545457
SlogP_VSA9,0.0
SpAD_Dzare,345.7866690942094
SpAbs_Dzpe,346.8943226261765
SpAbs_Dzse,349.4614161785006
SpDiam_DzZ,253.61722650516032
SpDiam_Dzi,249.1727870067279
SpDiam_Dzm,253.57708959838743
SpDiam_Dzp,321.605557570016
SpDiam_Dzv,301.4918914019004
SpMAD_Dzpe,10.553179092350792
SpMAD_Dzse,10.629088541339405
SpMax_Dzpe,174.10780160321931
SpMax_Dzse,175.36887253160003
n10FAHRing,0
n10FaHRing,0
n11FAHRing,0
n11FaHRing,0
n12FAHRing,0
n12FaHRing,0
nG12AHRing,0
nG12FARing,0
nG12FHRing,0
nG12FaRing,0
nG12aHRing,0
nHeavyAtom,33
AETA_beta_s,0.6742424242424242
AETA_eta_BR,0.023652432692735963
AETA_eta_FL,0.2382207373505449
AETA_eta_RL,0.48677828131857
DetourIndex,5894
EState_VSA1,0.0
EState_VSA2,12.328001352277514
EState_VSA3,29.803786962421064
EState_VSA4,66.37198570621268
EState_VSA5,0.0
EState_VSA6,12.13273413692322
EState_VSA7,6.06636706846161
EState_VSA8,39.179742759646075
EState_VSA9,32.92272125521229
ETA_beta_ns,18.5
ETA_shape_p,0.10879153190238164
ETA_shape_x,0.0
ETA_shape_y,0.3272566892090562
GhoseFilter,False
LogEE_Dzare,172.856699815971
SlogP_VSA10,5.687386274683562
SlogP_VSA11,0.0
SpAbs_Dzare,344.4269073142639
SpDiam_Dzpe,254.39726467880996
SpDiam_Dzse,256.25465450281195
SpMAD_Dzare,10.47838391194574
SpMax_Dzare,172.856699815971
TopoPSA(NO),59.39
VSA_EState1,0.0
VSA_EState2,0.0
VSA_EState3,0.0
VSA_EState4,0.0
VSA_EState5,0.0
VSA_EState6,0.0
VSA_EState7,0.0
VSA_EState8,2.2399956735094166
VSA_EState9,56.40265122742852
nBridgehead,0
nG12FAHRing,0
nG12FaHRing,0
AETA_beta_ns,0.5606060606060606
EState_VSA10,4.794537184071822
ETA_dAlpha_A,0.0
ETA_dAlpha_B,0.009235209235209202
FilterItLogS,-7.280212142489398
SpDiam_Dzare,252.4979108998774
ETA_beta_ns_d,1.0
ETA_epsilon_1,0.6000807102502012
ETA_epsilon_2,0.8365079365079362
ETA_epsilon_3,0.44505494505494425
ETA_epsilon_4,0.5425309849967374
ETA_epsilon_5,0.8207282913165264
AETA_beta_ns_d,0.030303030303030304
ETA_dEpsilon_A,0.1550257651952569
ETA_dEpsilon_B,0.0575497252534638
ETA_dEpsilon_C,-0.0974760399417931
ETA_dEpsilon_D,0.01577964519140984
PetitjeanIndex,0.5
TopoShapeIndex,1.0
CDK Descriptors
FMFDescriptor,0.9090909090909091
MDEDescriptor,"0.0,0.0,0.0,0.0,21.49165174624123,29.791625005637314,0.0,7.769967707485853,0.0,0.0,0.0,0.1111111111111111,0.0,0.0,0.0,0.0,0.16666666666666669,0.9342759554564002,0.14285714285714285"
APolDescriptor,71.70061799999998
BCUTDescriptor,"11.994267360892426,34.96985545366943,-0.37810507967163587,0.20486392237899792,5.133905494469889,11.042438854656979"
BPolDescriptor,38.07738199999999
TPSADescriptor,59.39
ALOGPDescriptor,"4.058300000000002,16.469798890000014,130.22719999999998"
XLogPDescriptor,4.843999999999998
VAdjMaDescriptor,6.20945336562895
WeightDescriptor,484.14328164000005
ChiPathDescriptor,"22.785881803630282,16.063683283512805,14.629573640827186,12.504016930487627,10.318450989587625,8.1555608570908,5.702349906994502,4.346897942276294,19.831337120489266,12.049187043233182,9.29859863227625,6.949330350269767,4.805135160258295,3.190858219902143,1.8667116482278088,1.2102763018859786"
ChiChainDescriptor,"0.0,0.0,0.21407617506269555,0.5964498218140967,0.8264238111085098,0.0,0.0,0.10792445496369077,0.23001354018545084,0.27547556300260473"
AtomCountDescriptor,59
BondCountDescriptor,37
SmallRingDescriptor,"5,3,4,3,0,0,2,3,0,0,0"
ChiClusterDescriptor,"2.1002865641057307,0.0,0.46941609682128765,0.0,1.1056427699345013,0.0,0.2161541198010668,0.0"
RuleOfFiveDescriptor,0
CarbonTypesDescriptor,"0,0,3,10,3,6,3,0,0"
ZagrebIndexDescriptor,178.0
LargestChainDescriptor,17
MannholdLogPDescriptor,3.33
WeightedPathDescriptor,"68.38127732659268,2.072159918987657,23.73982159879401,5.56106281925633,13.152638005324102"
FractionalPSADescriptor,0.12267029669155112
WienerNumbersDescriptor,"3449.0,50.0"
AminoAcidCountDescriptor,"0,0,0,0,0,0,0,0,0,0,0,0,0,0,0,0,0,0,0,0"
ChiPathClusterDescriptor,"4.994861590278823,7.464892241994491,9.80372209733648,2.4087149494000437,2.9874745627627743,3.3533589787685365"
FractionalCSP3Descriptor,0.36
KierHallSmartsDescriptor,"0,0,0,0,0,0,0,0,9,0,0,7,0,0,0,1,8,0,0,0,0,0,0,1,0,0,0,0,1,1,0,1,0,0,1,1,0,0,0,0,0,0,0,0,0,0,0,0,0,0,0,0,0,2,0,0,0,0,0,0,0,0,0,0,0,0,0,0,0,0,0,0,0,0,0,0,0,0,0"
BasicGroupCountDescriptor,0
HBondDonorCountDescriptor,1
LargestPiSystemDescriptor,12
PetitjeanNumberDescriptor,0.5
AcidicGroupCountDescriptor,0
KappaShapeIndicesDescriptor,"24.68371073776479,11.372781065088757,6.049149338374291"
AromaticAtomsCountDescriptor,17
AromaticBondsCountDescriptor,17
FragmentComplexityDescriptor,2913.08
HBondAcceptorCountDescriptor,5
HybridizationRatioDescriptor,0.36
AutocorrelationDescriptorMass,"51.41475909188537,43.561636542078325,63.710983585658454,68.56567928191775,53.03929752674501"
PetitjeanShapeIndexDescriptor,"1.0,NaN"
RotatableBondsCountDescriptor,7
AutocorrelationDescriptorCharge,"0.6376663540240146,-0.3288232357364609,-0.10098722201938706,0.11147219518050773,0.09518850668291287"
EccentricConnectivityIndexDescriptor,912
AutocorrelationDescriptorPolarizability,"2433.4471457576255,2865.7104510066133,3999.8771189569925,3849.2350499709873,3383.587856809529"
