DLiP-ID,I0017G
DLiP-Mol-ID,29531
Vendor-ID,
Standard Inchi(RDKit),"InChI=1S/C17H23N3O4S/c1-11-17(12(2)24-19-11)13-6-7-15(23-3)16(9-13)25(21,22)20-14-5-4-8-18-10-14/h6-7,9,14,18,20H,4-5,8,10H2,1-3H3/t14-/m1/s1"
Standard Inchi Key(RDKit),UPPXBXOYPZLBFZ-CQSZACIVSA-N
Canonical SMILES(RDKit),COc1ccc(-c2c(C)noc2C)cc1S(=O)(=O)N[C@@H]1CCCNC1
SMILES(SDF),
MW(SDF),
MW(RDKit),365.455
MW Monoisotopic(RDKit),365.140927216
MolLogP(RDKit),1.99734
XLogP(SDF),
XLogP(CDK),1.94
ALogP(SDF),
Num H Acceptors(SDF),
nHAcceptors(SDF),
HBA(RDKit),6
HBA Lipinski(RDKit),7
Num H Donors(SDF),
nHDonors(SDF),
HBD(RDKit),2
HBD Lipinski(RDKit),2
PSA(SDF),
PSA(RDKit),93.46
RO3 Pass,
Num RO5 Violations,0
Num Lipinski RO5 Violations,0
nBonds(SDF),
nRigidBonds(SDF),
nRotatableBonds(SDF),
nRotatableBonds(RDKit),5
nRings(SDF),
nRings(RDKit),3
Aromatic Rings(RDKit),2
nAtoms(SDF),
Heavy Atoms(RDKit),25
QED Weighted(RDKit),0.841708367261472
Molecular Formula(SDF),
PPI Type(SDF),
PDB ID(SDF),
Receptor Chain(SDF),
Protein Name Receptor(SDF),
Peptide Chain(SDF),
Protein Name Peptide(SDF),
ELM ID(SDF),
Motif Sequence(SDF),
Physical Form Apperance(SDF),
Quantity of Sample mg(SDF),
Box Num(SDF),
Box Position(SDF),
fCsp3(SDF),
nCarbons(SDF),
nHetAtoms(SDF),
nHalide(SDF),
Year(SDF),
No(SDF),
Target Pref Name,Bromodomain_Histone
Common Target Pref Name,Bromodomain/Histone
RDKit Descriptors
Ipc,496948.19266820914
qed,0.8417083672614724
Chi0,18.02673325856595
Chi1,11.919852082725852
TPSA,93.46000000000001
Chi0n,14.626283249323969
Chi0v,15.442779830251695
Chi1n,8.26457155673163
Chi1v,9.74773480432602
Chi2n,6.2293730010240616
Chi2v,7.9117752424335785
Chi3n,4.39388136844807
Chi3v,5.935581474648149
Chi4n,3.172647807597328
Chi4v,4.637982341872294
MolMR,94.17820000000005
MolWt,365.45500000000015
fr_SH,0
Kappa1,17.908082411390296
Kappa2,7.148408541059714
Kappa3,3.7035772209340436
fr_ArN,0
fr_COO,0
fr_C_O,0
fr_C_S,0
fr_NH0,1
fr_NH1,2
fr_NH2,0
fr_N_O,0
fr_azo,0
BertzCT,835.2730682901083
MolLogP,1.9973399999999997
NOCount,7
fr_Ar_N,1
fr_COO2,0
fr_urea,0
BalabanJ,1.9989265688606057
SMR_VSA1,17.677754875102334
SMR_VSA2,0.0
SMR_VSA3,15.195546725583863
SMR_VSA4,0.0
SMR_VSA5,37.626441949899004
SMR_VSA6,20.199310353102685
SMR_VSA7,29.653276619107732
SMR_VSA8,0.0
SMR_VSA9,16.876414816677897
fr_Al_OH,0
fr_Ar_NH,0
fr_Ar_OH,0
fr_HOCCN,0
fr_Imine,0
fr_amide,0
fr_azide,0
fr_diazo,0
fr_ester,0
fr_ether,1
fr_furan,0
fr_imide,0
fr_nitro,0
fr_oxime,0
fr_quatN,0
LabuteASA,147.34158212713533
NHOHCount,2
PEOE_VSA1,14.576746494779727
PEOE_VSA2,0.0
PEOE_VSA3,13.139891848781026
PEOE_VSA4,0.0
PEOE_VSA5,0.0
PEOE_VSA6,11.223030325587056
PEOE_VSA7,50.93005967976605
PEOE_VSA8,18.150048726757532
PEOE_VSA9,12.803725536125995
RingCount,3
SMR_VSA10,10.023291153407584
fr_Al_COO,0
fr_Ar_COO,0
fr_ketone,0
fr_lactam,0
fr_phenol,0
ExactMolWt,365.1409272160001
NumHDonors,2
PEOE_VSA10,16.40524272767612
PEOE_VSA11,0.0
PEOE_VSA12,10.023291153407584
PEOE_VSA13,0.0
PEOE_VSA14,0.0
SlogP_VSA1,14.775746422258468
SlogP_VSA2,39.81561142370502
SlogP_VSA3,10.023291153407584
SlogP_VSA4,13.847474399381248
SlogP_VSA5,24.295818659574923
SlogP_VSA6,27.617679617875954
SlogP_VSA7,0.0
SlogP_VSA8,11.126902983393991
SlogP_VSA9,0.0
fr_amidine,0
fr_aniline,0
fr_benzene,1
fr_epoxide,0
fr_guanido,0
fr_halogen,0
fr_hdrzine,0
fr_hdrzone,0
fr_isocyan,0
fr_lactone,0
fr_methoxy,1
fr_nitrile,0
fr_nitroso,0
fr_oxazole,0
fr_sulfide,0
fr_sulfone,0
EState_VSA1,10.023291153407584
EState_VSA2,10.937324304665736
EState_VSA3,18.054515658070923
EState_VSA4,36.20723063000705
EState_VSA5,7.109797541277533
EState_VSA6,19.056471336613843
EState_VSA7,12.990104268152233
EState_VSA8,15.195546725583863
EState_VSA9,9.259957890773396
SlogP_VSA10,0.0
SlogP_VSA11,5.749511833283905
SlogP_VSA12,0.0
VSA_EState1,0.0
VSA_EState2,0.0
VSA_EState3,0.0
VSA_EState4,0.0
VSA_EState5,0.0
VSA_EState6,0.0
VSA_EState7,0.0
VSA_EState8,31.02633402628983
VSA_EState9,31.931617126393466
fr_aldehyde,0
fr_barbitur,0
fr_bicyclic,0
fr_priamide,0
fr_pyridine,0
fr_thiazole,0
fr_thiocyan,0
EState_VSA10,8.417796984328938
EState_VSA11,0.0
FractionCSP3,0.47058823529411764
VSA_EState10,-3.7079511526832944
fr_C_O_noCOO,0
fr_Nhpyrrole,0
fr_imidazole,0
fr_phos_acid,0
fr_piperdine,1
fr_piperzine,0
fr_sulfonamd,1
fr_tetrazole,0
fr_thiophene,0
HallKierAlpha,-1.9
NumHAcceptors,6
fr_morpholine,0
fr_nitro_arom,0
fr_phos_ester,0
HeavyAtomCount,25
HeavyAtomMolWt,342.2710000000001
MaxEStateIndex,12.913832435752077
MinEStateIndex,-3.7079511526832944
NumHeteroatoms,8
fr_aryl_methyl,2
fr_isothiocyan,0
fr_Al_OH_noTert,0
fr_alkyl_halide,0
fr_allylic_oxid,0
fr_prisulfonamd,0
FpDensityMorgan1,1.36
FpDensityMorgan2,2.16
FpDensityMorgan3,2.76
MaxPartialCharge,0.24406949382990084
MinPartialCharge,-0.49533728726590814
NumAromaticRings,2
fr_unbrch_alkane,0
MaxAbsEStateIndex,12.913832435752077
MinAbsEStateIndex,0.11928109515411167
NumAliphaticRings,1
NumRotatableBonds,5
NumSaturatedRings,1
fr_Ndealkylation1,0
fr_Ndealkylation2,0
fr_benzodiazepine,0
fr_ketone_Topliss,0
fr_term_acetylene,0
fr_alkyl_carbamate,0
fr_dihydropyridine,0
MaxAbsPartialCharge,0.49533728726590814
MinAbsPartialCharge,0.24406949382990084
NumRadicalElectrons,0
NumValenceElectrons,136
fr_para_hydroxylation,0
NumAromaticCarbocycles,1
fr_nitro_arom_nonortho,0
fr_phenol_noOrthoHbond,0
NumAliphaticCarbocycles,0
NumAromaticHeterocycles,1
NumSaturatedCarbocycles,0
NumAliphaticHeterocycles,1
NumSaturatedHeterocycles,1
Mordred Descriptors
MW,365.1409272160007
MZ,0.673611111111111
Mi,1.1334507795085387
Mm,0.6338772791607693
Mp,0.6628522829341318
Mv,0.6156492002510349
SZ,32.33333333333333
Si,54.40563741640986
Sm,30.42610939971693
Sp,31.816909580838324
Sv,29.551161612049672
nB,0
nC,17
nF,0
nH,23
nI,0
nN,3
nO,4
nP,0
nS,1
nX,0
ABC,19.40512992181676
AMW,7.607102650333348
IC0,1.7040524842059366
IC1,3.573120312590144
IC2,4.688721875540866
IC3,5.079448698502606
IC4,5.079448698502606
IC5,5.079448698502606
MID,50.46128163349777
Mpe,0.9755718954248368
Mse,1.0124802743384316
NdO,2
NdS,0
NsF,0
NsI,0
NtN,0
SMR,94.17820000000005
SdO,25.827664871504155
SdS,0
Spe,46.827450980392165
SsF,0
SsI,0
Sse,48.599053168244716
StN,0
fMF,0.3958333333333333
nBr,0
nCl,0
AMID,2.0184512653399107
BIC0,0.29214548535421914
BIC1,0.6125814654336162
BIC2,0.8038419829886475
BIC3,0.8708288149043684
BIC4,0.8708288149043684
BIC5,0.8708288149043684
CIC0,3.8809100165152195
CIC1,2.0118421881310122
CIC2,0.8962406251802904
CIC3,0.5055138022185499
CIC4,0.5055138022185499
CIC5,0.5055138022185499
GGI1,6.0
GGI2,3.555555555555557
GGI3,2.7222222222222223
GGI4,1.6322222222222225
GGI5,1.0902777777777775
GGI6,0.8652154195011338
GGI7,0.3594458616780045
GGI8,0.23406399596875785
GGI9,0.10938271604938274
JGI1,0.2222222222222222
JGI2,0.09116809116809121
JGI3,0.06805555555555555
JGI4,0.04080555555555556
JGI5,0.02946696696696697
JGI6,0.026218649075791932
JGI7,0.010571937108176603
JGI8,0.011145904569940851
JGI9,0.0072921810699588495
MIC0,18.895369289638282
MIC1,36.94557231425447
MIC2,40.993890922756805
MIC3,41.38774356030224
MIC4,41.38774356030224
MIC5,41.38774356030224
MPC2,39
MPC3,51
MPC4,67
MPC5,76
MPC6,77
MPC7,94
MPC8,93
MPC9,90
Mare,0.9895833333333331
NaaN,1
NaaO,1
NaaS,0
NdNH,0
NdSe,0
NddC,0
NdsN,0
NsBr,0
NsCl,0
NsLi,0
NsOH,0
NsSH,0
NssO,1
NssS,0
NtCH,0
NtsC,0
RNCG,0.23756943451254653
RPCG,0.11705852380098772
SIC0,0.3051144003179791
SIC1,0.6397751662842438
SIC2,0.8395261158755204
SIC3,0.9094866255318141
SIC4,0.9094866255318141
SIC5,0.9094866255318141
SaaN,3.940984183031441
SaaO,5.198669154785677
SaaS,0
Sare,47.49999999999999
SdNH,0
SdSe,0
SddC,0
SdsN,0
SsBr,0
SsCl,0
SsLi,0
SsOH,0
SsSH,0
SssO,5.279822924540186
SssS,0
StCH,0
StsC,0
TIC0,81.79451924188496
TIC1,171.5097750043269
TIC2,225.05865002596155
TIC3,243.8135375281251
TIC4,243.8135375281251
TIC5,243.8135375281251
Vabc,317.19675024481745
WPol,40
apol,53.13423899999998
bpol,34.341761000000005
nRot,5
ABCGG,16.627262419438125
ATS0Z,1294.0
ATS0d,155.0
ATS0i,7891.465188927828
ATS0m,5116.163280000001
ATS0p,72.250212811527
ATS0s,218.54946844993142
ATS0v,10106.996315939123
ATS1Z,1512.0
ATS1d,194.0
ATS1i,7374.7570051085
ATS1m,5779.984003
ATS1p,91.61769511
ATS1s,136.8317901234568
ATS1v,12960.350421617706
ATS2Z,2046.0
ATS2d,314.0
ATS2i,14125.36411456022
ATS2m,7662.795804
ATS2p,136.486301911037
ATS2s,310.7222222222223
ATS2v,19042.53465562759
ATS3Z,2331.0
ATS3d,349.0
ATS3i,17979.961107535044
ATS3m,8546.074039
ATS3p,161.13830207328198
ATS3s,322.55401234567904
ATS3v,21629.186240523864
ATS4Z,2472.0
ATS4d,359.0
ATS4i,20107.24484400508
ATS4m,8931.054983
ATS4p,168.296593370678
ATS4s,412.9753086419753
ATS4v,22212.94231563901
ATS5Z,2251.0
ATS5d,325.0
ATS5i,19114.604270101245
ATS5m,7969.724246
ATS5p,160.469990715584
ATS5s,423.945987654321
ATS5v,21225.858446771043
ATS6Z,2080.0
ATS6d,312.0
ATS6i,20156.13809012738
ATS6m,7423.178780999999
ATS6p,145.336883886319
ATS6s,372.1064814814815
ATS6v,19300.245568932245
ATS7Z,1933.0
ATS7d,273.0
ATS7i,16224.076434330615
ATS7m,6922.625029999999
ATS7p,127.80273943073499
ATS7s,396.5555555555556
ATS7v,17643.938899076296
ATS8Z,1317.0
ATS8d,240.0
ATS8i,17047.07255233924
ATS8m,4280.536596999999
ATS8p,118.75099706533899
ATS8s,302.25
ATS8v,15679.8484838963
C1SP1,0
C1SP2,0
C1SP3,4
C2SP1,0
C2SP2,7
C2SP3,3
C3SP2,2
C3SP3,0
C4SP3,0
FCSP3,0.47058823529411764
GGI10,0.048366493214978074
JGI10,0.004836649321497808
JGT10,0.5117837126137575
Kier1,19.753086419753085
Kier2,8.347140039447732
Kier3,4.465974625144176
MAXdO,12.913832435752077
MID_C,34.814793070497366
MID_N,6.00669092453494
MID_O,7.390647146043764
MID_X,0.0
MID_h,15.646488563000409
MINdO,12.913832435752077
MPC10,83
MWC01,27.0
MWC02,4.890349128221754
MWC03,5.746203190540153
MWC04,6.647688373563329
MWC05,7.522400231387125
MWC06,8.428799040653642
MWC07,9.312264991698108
MWC08,10.220230730583488
MWC09,11.108994179953779
MWC10,12.017457324487589
NaaCH,3
NaaNH,0
NaaSe,0
NaaaC,0
NaasC,6
NaasN,0
NdCH2,0
NddsN,0
NdsCH,0
NdssC,0
NdssS,0
NsCH3,3
NsNH2,0
NsNH3,0
NsPH2,0
NsSeH,0
NssBH,0
NssBe,0
NssNH,2
NssPH,0
NssSe,0
NsssB,0
NsssN,0
NsssP,0
SLogP,1.9973399999999997
SRW02,4.007333185232471
SRW03,0.0
SRW04,5.351858133476067
SRW05,2.3978952727983707
SRW06,6.892641641172089
SRW07,4.727387818712341
SRW08,8.520985989654934
SRW09,6.78332520060396
SRW10,10.196716711417025
SaaCH,5.088693389392794
SaaNH,0
SaaSe,0
SaaaC,0
SaasC,3.3411032976730137
SaasN,0
SdCH2,0
SddsN,0
SdsCH,0
SdssC,0
SdssS,0
SsCH3,5.099175222558159
SsNH2,0
SsNH3,0
SsPH2,0
SsSeH,0
SssBH,0
SssBe,0
SssNH,5.985918132876557
SssPH,0
SssSe,0
SsssB,0
SsssN,0
SsssP,0
VE1_A,4.339273553908011
VE1_D,4.925008951612121
VE2_A,0.17357094215632046
VE2_D,0.19700035806448482
VE3_A,2.383997682084058
VE3_D,2.510616824082773
VR1_A,209.92915006913054
VR1_D,146.15569104868112
VR2_A,8.397166002765221
VR2_D,5.8462276419472445
VR3_A,6.263060825042789
VR3_D,5.9009631624521415
WPath,1453
Xc-3d,2.2883010563171156
Xc-4d,0.2041241452319315
Xc-5d,0.5561337577825363
Xc-6d,0.08333333333333333
Xp-0d,18.02673325856595
Xp-1d,11.919852082725852
Xp-2d,11.153962695473403
Xp-3d,9.037447086976522
Xp-4d,7.748549826983925
Xp-5d,5.727230633347387
Xp-6d,3.358605160819824
Xp-7d,2.735098276266961
ZMIC0,82.46624786986615
ZMIC1,37.765601300535856
ZMIC2,27.580451565835347
ZMIC3,25.56785755522337
ZMIC4,25.56785755522337
ZMIC5,25.56785755522337
nAcid,0
nAtom,48
nBase,1
nRing,3
piPC1,3.56953269648137
piPC2,4.200954297280359
piPC3,4.715145039196663
piPC4,5.2816161748246255
piPC5,5.668802755760174
piPC6,5.951618638560782
piPC7,6.43218619126352
piPC8,6.648215147893237
piPC9,6.879275425715751
AATS0Z,26.958333333333332
AATS0d,3.2291666666666665
AATS0i,164.40552476932976
AATS0m,106.58673500000002
AATS0p,1.5052127669068127
AATS0s,4.553113926040238
AATS0v,210.56242324873173
AATS1Z,30.24
AATS1d,3.88
AATS1i,147.49514010217
AATS1m,115.59968006
AATS1p,1.8323539022
AATS1s,2.736635802469136
AATS1v,259.20700843235414
AATS2Z,22.733333333333334
AATS2d,3.488888888888889
AATS2i,156.94849016178023
AATS2m,85.1421756
AATS2p,1.5165144656781888
AATS2s,3.45246913580247
AATS2v,211.58371839586212
AATS3Z,20.628318584070797
AATS3d,3.088495575221239
AATS3i,159.1147000666818
AATS3m,75.62897379646017
AATS3p,1.4260026732148847
AATS3s,2.8544602862449473
AATS3v,191.4087277922466
AATS4Z,19.776
AATS4d,2.872
AATS4i,160.85795875204064
AATS4m,71.448439864
AATS4p,1.346372746965424
AATS4s,3.3038024691358023
AATS4v,177.7035385251121
AATS5Z,18.758333333333333
AATS5d,2.7083333333333335
AATS5i,159.28836891751038
AATS5m,66.41436871666666
AATS5p,1.3372499226298666
AATS5s,3.532883230452675
AATS5v,176.88215372309202
AATS6Z,16.910569105691057
AATS6d,2.5365853658536586
AATS6i,163.87104138314945
AATS6m,60.35104699999999
AATS6p,1.1816006820025935
AATS6s,3.025255947003915
AATS6v,156.91256560107516
AATS7Z,19.138613861386137
AATS7d,2.702970297029703
AATS7i,160.63442014188726
AATS7m,68.54084188118811
AATS7p,1.2653736577300494
AATS7s,3.9262926292629268
AATS7v,174.69246434729007
AATS8Z,12.663461538461538
AATS8d,2.3076923076923075
AATS8i,163.91415915710806
AATS8m,41.15900574038461
AATS8p,1.141836510243644
AATS8s,2.90625
AATS8v,150.76777388361828
AMID_C,1.3925917228198947
AMID_N,0.2402676369813976
AMID_O,0.2956258858417506
AMID_X,0.0
AMID_h,0.6258595425200163
ATS0dv,352.44444444444446
ATS0pe,303.57810000000006
ATS0se,375.469065
ATS1dv,294.33333333333337
ATS1pe,328.67769999999996
ATS1se,395.165468
ATS2dv,506.66666666666663
ATS2pe,580.3808
ATS2se,708.40915
ATS3dv,440.33333333333337
ATS3pe,714.0397999999999
ATS3se,881.4079859999999
ATS4dv,491.33333333333337
ATS4pe,796.218
ATS4se,986.918822
ATS5dv,448.66666666666663
ATS5pe,768.0791999999999
ATS5se,950.906894
ATS6dv,390.6666666666667
ATS6pe,767.5409
ATS6se,961.511584
ATS7dv,442.0
ATS7pe,661.9354
ATS7se,813.663272
ATS8dv,158.0
ATS8pe,658.4685
ATS8se,819.422108
ATSC0Z,509.9166666666667
ATSC0c,0.8285161102309632
ATSC0d,31.479166666666664
ATSC0i,72.55020765298525
ATSC0m,2333.8249320000004
ATSC0p,13.432559600920312
ATSC0s,79.63421460619568
ATSC0v,2401.8902129117405
ATSC1Z,126.04513888888883
ATSC1c,-0.30562770820301766
ATSC1d,13.063368055555555
ATSC1i,-7.273474249939217
ATSC1m,546.0986549999997
ATSC1p,-1.0684242690580619
ATSC1s,-15.544045707471232
ATSC1v,40.977594426640195
ATSC2Z,109.03124999999997
ATSC2c,-0.09321841466326183
ATSC2d,4.997395833333329
ATSC2i,5.153000906792965
ATSC2m,517.2139004999997
ATSC2p,2.5591789472635336
ATSC2s,40.47818228988055
ATSC2v,515.8277283394463
ATSC3Z,42.23784722222215
ATSC3c,-0.14007479047500818
ATSC3d,-8.294704861111118
ATSC3i,8.53467573418045
ATSC3m,194.41095324999964
ATSC3p,1.0323216641069668
ATSC3s,-6.117118101697056
ATSC3v,199.37307354235975
ATSC4Z,-61.282986111111136
ATSC4c,0.277194043424305
ATSC4d,-12.331163194444446
ATSC4i,-0.5650123296477645
ATSC4m,-265.01377425000027
ATSC4p,-0.7327602686043597
ATSC4s,8.218975237494755
ATSC4v,-121.22064509611408
ATSC5Z,-283.125
ATSC5c,-0.010980828617470281
ATSC5d,3.3645833333333317
ATSC5i,-24.840528753791148
ATSC5m,-1271.8237535000003
ATSC5p,-5.686209273798722
ATSC5s,-22.78335315929357
ATSC5v,-928.0508981911089
ATSC6Z,55.630208333333314
ATSC6c,-0.5780868408587346
ATSC6d,-5.123697916666667
ATSC6i,-5.919649874656633
ATSC6m,260.42462824999996
ATSC6p,1.341473872399326
ATSC6s,-51.82702999524892
ATSC6v,388.9212519490195
ATSC7Z,-159.74131944444446
ATSC7c,0.809863249163268
ATSC7d,-20.52907986111111
ATSC7i,-15.956480733428776
ATSC7m,-713.3081477500001
ATSC7p,-6.41183706780539
ATSC7s,42.49643776464382
ATSC7v,-825.9577088881109
ATSC8Z,-383.19444444444446
ATSC8c,-0.36325966664379206
ATSC8d,-8.913194444444443
ATSC8i,-5.303586010658344
ATSC8m,-1793.894378
ATSC8p,-1.7135741935452178
ATSC8s,-58.248656538161114
ATSC8v,-1310.323108206115
AXp-0d,0.7210693303426381
AXp-1d,0.44147600306392043
AXp-2d,0.285999043473677
AXp-3d,0.1772048448426769
AXp-4d,0.11564999741767051
AXp-5d,0.07535829780720245
AXp-6d,0.04361824884181589
AXp-7d,0.029096790173052778
GATS1Z,0.8507468540611212
GATS1c,1.3918601078756179
GATS1d,0.8809000661813369
GATS1i,1.401939855322998
GATS1m,0.8441574226056815
GATS1p,1.354623758882932
GATS1s,0.7635258906886712
GATS1v,1.0593465264494288
GATS2Z,0.8269869804434274
GATS2c,1.1967964280566021
GATS2d,1.1197882197220386
GATS2i,1.087526385713017
GATS2m,0.8224638785088327
GATS2p,0.9283166495082479
GATS2s,0.5531402486702153
GATS2v,0.883000908495476
GATS3Z,1.0355066982718848
GATS3c,1.0884946184096624
GATS3d,1.2816455140181444
GATS3i,1.04845068263906
GATS3m,1.0242861961050687
GATS3p,1.0703621277736843
GATS3s,0.9006460116470338
GATS3v,0.9691367522108103
GATS4Z,1.2653361660402025
GATS4c,1.0060668147192722
GATS4d,1.3377736598279286
GATS4i,1.0641126305187751
GATS4m,1.2395407888238292
GATS4p,1.1969300389678532
GATS4s,1.1899443612911054
GATS4v,1.0139311900263008
GATS5Z,1.4586206896551723
GATS5c,0.989640369698389
GATS5d,1.0762409000661814
GATS5i,1.1945097857872526
GATS5m,1.4289435560245494
GATS5p,1.371346323890064
GATS5s,1.7590306705845493
GATS5v,1.1527967833013986
GATS6Z,1.0146405239179046
GATS6c,1.2488291111059708
GATS6d,1.134961501832093
GATS6i,0.9653250853781937
GATS6m,1.007752467874031
GATS6p,0.9674215051154951
GATS6s,1.8606995426803186
GATS6v,0.9034696578291814
GATS7Z,1.2502528239423059
GATS7c,0.9915760555855694
GATS7d,1.4265288871706496
GATS7i,1.1290752689302215
GATS7m,1.2341104907726301
GATS7p,1.2906745601383711
GATS7s,1.0650426429408129
GATS7v,1.1212678333968493
GATS8Z,1.0781456245992935
GATS8c,1.4757282359666835
GATS8d,0.9044443313139541
GATS8i,0.9558198979463254
GATS8m,1.1084233905332452
GATS8p,0.8084301734380909
GATS8s,1.5805625038799087
GATS8v,1.1592406834826978
MATS1Z,0.23730021245301508
MATS1c,-0.35413022903453967
MATS1d,0.3983851753805427
MATS1i,-0.09624418049001043
MATS1m,0.22463326259469388
MATS1p,-0.07635829125414534
MATS1s,-0.18738533371573432
MATS1v,0.016378138533603374
MATS2Z,0.11403824154273572
MATS2c,-0.06000666397005482
MATS2d,0.08466799029340386
MATS2i,0.037880899851242496
MATS2m,0.11819541809573905
MATS2p,0.10161097207765506
MATS2s,0.27109407676956837
MATS2v,0.11453817510148916
MATS3Z,0.035185632449052436
MATS3c,-0.0718161001569407
MATS3d,-0.11192845387512235
MATS3i,0.04997020824214636
MATS3m,0.03538467805622316
MATS3p,0.032645179364528626
MATS3s,-0.0326294653793989
MATS3v,0.035259499669541304
MATS4Z,-0.046150024513809465
MATS4c,0.1284736788585323
MATS4d,-0.150422236929186
MATS4i,-0.0029905460177661403
MATS4m,-0.04360450859730557
MATS4p,-0.020947604291649356
MATS4s,0.039632292561750666
MATS4v,-0.01938003971483699
MATS5Z,-0.22209511358065043
MATS5c,-0.0053014436204066985
MATS5d,0.04275314361350098
MATS5i,-0.13695634820292082
MATS5m,-0.2179810038125002
MATS5p,-0.16932615801411785
MATS5s,-0.11444002190244987
MATS5v,-0.15455342516526768
MATS6Z,0.04257430873050354
MATS6c,-0.2722878432170394
MATS6d,-0.06351794159900567
MATS6i,-0.031841497673006744
MATS6m,0.04354616399286636
MATS6p,0.03897261687558311
MATS6s,-0.2539760395351065
MATS6v,0.06318946065318493
MATS7Z,-0.14888053603529988
MATS7c,0.464548003110702
MATS7d,-0.30993178735477783
MATS7i,-0.1045245522741182
MATS7m,-0.1452542249231402
MATS7p,-0.2268524976715462
MATS7s,0.2536136880148659
MATS7v,-0.16342726848594902
MATS8Z,-0.3468389756999007
MATS8c,-0.20235974365665926
MATS8d,-0.13068268594410223
MATS8i,-0.033739516497378864
MATS8m,-0.3547615076144946
MATS8p,-0.058877862486214745
MATS8s,-0.33759352632848727
MATS8v,-0.2517869085892178
MAXaaN,3.940984183031441
MAXaaO,5.198669154785677
MAXssO,5.279822924540186
MINaaN,3.940984183031441
MINaaO,5.198669154785677
MINssO,5.279822924540186
NddssS,1
NdssSe,0
NdsssP,0
NsAsH2,0
NsGeH3,0
NsPbH3,0
NsSiH3,0
NsSnH3,0
NssAsH,0
NssCH2,4
NssNH2,0
NsssAs,0
NsssCH,1
NsssNH,0
NssssB,0
NssssC,0
NssssN,0
Radius,6
SM1_Dt,0.0
SddssS,-3.7079511526832944
SdssSe,0
SdsssP,0
SpAD_A,31.66382362504616
SpAD_D,240.4676796452967
SsAsH2,0
SsGeH3,0
SsPbH3,0
SsSiH3,0
SsSnH3,0
SssAsH,0
SssCH2,3.3152010714754225
SssNH2,0
SsssAs,0
SsssCH,-0.11928109515411167
SsssNH,0
SssssB,0
SssssC,0
SssssN,0
TMPC10,722
TMWC10,127.89438719108898
TSRW10,73.87814395306725
VE1_Dt,4.927470886922464
VE2_Dt,0.19709883547689855
VE3_Dt,2.5111165836157903
VR1_Dt,144.98903783406186
VR2_Dt,5.799561513362474
VR3_Dt,5.892948870292418
Xc-3dv,1.1938627777491422
Xc-4dv,0.05103103630798288
Xc-5dv,0.21759793407088152
Xc-6dv,0.01473139127471974
Xch-3d,0.0
Xch-4d,0.0
Xch-5d,0.09622504486493763
Xch-6d,0.4181090996453738
Xch-7d,0.4794892831269672
Xp-0dv,15.442779830251695
Xp-1dv,9.74773480432602
Xp-2dv,7.911775242433578
Xp-3dv,5.93558147464815
Xp-4dv,4.637982341872294
Xp-5dv,3.131338787328339
Xp-6dv,1.8023766121726892
Xp-7dv,1.2794915765460748
Xpc-4d,4.58586027708946
Xpc-5d,8.01893117909643
Xpc-6d,11.704684868538454
n3Ring,0
n4Ring,0
n5Ring,1
n6Ring,2
n7Ring,0
n8Ring,0
n9Ring,0
nARing,1
nBonds,50
nFRing,0
nHBAcc,6
nHBDon,2
nHRing,2
nSpiro,0
naRing,2
piPC10,6.922920946688607
AATS0dv,7.342592592592593
AATS0pe,6.324543750000001
AATS0se,7.8222721875
AATS1dv,5.886666666666668
AATS1pe,6.573553999999999
AATS1se,7.90330936
AATS2dv,5.629629629629629
AATS2pe,6.448675555555556
AATS2se,7.871212777777777
AATS3dv,3.896755162241888
AATS3pe,6.31893628318584
AATS3se,7.800070672566371
AATS4dv,3.9306666666666668
AATS4pe,6.369744
AATS4se,7.895350576
AATS5dv,3.7388888888888885
AATS5pe,6.400659999999999
AATS5se,7.924224116666666
AATS6dv,3.176151761517615
AATS6pe,6.240169918699187
AATS6se,7.817167349593496
AATS7dv,4.376237623762377
AATS7pe,6.553815841584158
AATS7se,8.056072
AATS8dv,1.5192307692307692
AATS8pe,6.331427884615384
AATS8se,7.879058730769231
AATSC0Z,10.62326388888889
AATSC0c,0.017260752296478398
AATSC0d,0.6558159722222222
AATSC0i,1.5114626594371927
AATSC0m,48.62135275000001
AATSC0p,0.2798449916858398
AATSC0s,1.6590461376290768
AATSC0v,50.03937943566126
AATSC1Z,2.5209027777777764
AATSC1c,-0.006112554164060353
AATSC1d,0.2612673611111111
AATSC1i,-0.14546948499878434
AATSC1m,10.921973099999994
AATSC1p,-0.021368485381161238
AATSC1s,-0.31088091414942465
AATSC1v,0.8195518885328039
AATSC2Z,1.211458333333333
AATSC2c,-0.0010357601629251314
AATSC2d,0.055526620370370317
AATSC2i,0.05725556563103294
AATSC2m,5.746821116666663
AATSC2p,0.028435321636261484
AATSC2s,0.4497575809986728
AATSC2v,5.731419203771625
AATSC3Z,0.3737862586037358
AATSC3c,-0.001239599915708037
AATSC3d,-0.07340446779744352
AATSC3i,0.07552810384230486
AATSC3m,1.720450913716811
AATSC3p,0.009135589947849264
AATSC3s,-0.05413378851059342
AATSC3v,1.76436348267575
AATSC4Z,-0.4902638888888891
AATSC4c,0.00221755234739444
AATSC4d,-0.09864930555555557
AATSC4i,-0.004520098637182116
AATSC4m,-2.1201101940000022
AATSC4p,-0.005862082148834878
AATSC4s,0.06575180189995804
AATSC4v,-0.9697651607689126
AATSC5Z,-2.359375
AATSC5c,-9.150690514558568e-05
AATSC5d,0.02803819444444443
AATSC5i,-0.2070044062815929
AATSC5m,-10.59853127916667
AATSC5p,-0.047385077281656016
AATSC5s,-0.1898612763274464
AATSC5v,-7.733757484925907
AATSC6Z,0.4522781165311652
AATSC6c,-0.004699893015111664
AATSC6d,-0.04165608062330624
AATSC6i,-0.04812723475330596
AATSC6m,2.117273400406504
AATSC6p,0.010906291645522976
AATSC6s,-0.42135796744104814
AATSC6v,3.1619613979595083
AATSC7Z,-1.5815972222222223
AATSC7c,0.008018448011517505
AATSC7d,-0.20325821644664466
AATSC7i,-0.15798495775672056
AATSC7m,-7.062456908415842
AATSC7p,-0.06348353532480584
AATSC7s,0.4207568095509289
AATSC7v,-8.177799097902088
AATSC8Z,-3.684561965811966
AATSC8c,-0.003492881410036462
AATSC8d,-0.08570379273504272
AATSC8i,-0.050996019333253303
AATSC8m,-17.248984403846155
AATSC8p,-0.016476674937934786
AATSC8s,-0.5600832359438569
AATSC8v,-12.59926065582803
ATS0are,300.79830000000004
ATS1are,321.1238
ATS2are,571.848
ATS3are,703.5109
ATS4are,786.4208000000001
ATS5are,758.226
ATS6are,759.8518
ATS7are,656.0119000000001
ATS8are,653.547
ATSC0dv,203.10185185185185
ATSC0pe,6.520847916666662
ATSC0se,4.433581479166666
ATSC1dv,48.31983024691357
ATSC1pe,0.4380605034722221
ATSC1se,0.5881570425347221
ATSC2dv,76.4247685185185
ATSC2pe,1.6496622395833316
ATSC2se,0.8979920182291669
ATSC3dv,-22.418016975308653
ATSC3pe,-1.1737544704861118
ATSC3se,-1.0177137738715274
ATSC4dv,-13.457368827160515
ATSC4pe,0.23477521701388804
ATSC4se,0.16137400217013964
ATSC5dv,-18.763888888888907
ATSC5pe,-1.928721875
ATSC5se,-1.6458666145833316
ATSC6dv,-46.85127314814815
ATSC6pe,-2.2851082031250005
ATSC6se,-1.9264582278645823
ATSC7dv,-2.230516975308661
ATSC7pe,4.330951258680555
ATSC7se,3.195846866753473
ATSC8dv,-232.79938271604937
ATSC8pe,-6.740562152777773
ATSC8se,-3.726653704861109
AXp-0dv,0.6177111932100678
AXp-1dv,0.3610272149750378
AXp-2dv,0.20286603185727123
AXp-3dv,0.11638395048329706
AXp-4dv,0.06922361704287006
AXp-5dv,0.04120182614905709
AXp-6dv,0.023407488469775185
AXp-7dv,0.013611612516447604
BertzCT,835.2730682901083
ECIndex,463
ETA_eta,23.012778953413896
GATS1dv,0.5926692500569865
GATS1pe,0.6610930135300018
GATS1se,0.6130464079146398
GATS2dv,0.7822262745991946
GATS2pe,0.7858702765414478
GATS2se,0.8215813922808735
GATS3dv,1.0151820241219534
GATS3pe,0.9952842000910339
GATS3se,1.0154266367367368
GATS4dv,1.0883515842261227
GATS4pe,1.057584487191243
GATS4se,1.0975827282900534
GATS5dv,1.0925598358787325
GATS5pe,1.2295382725981125
GATS5se,1.3276400849574628
GATS6dv,1.1987590831002908
GATS6pe,1.280237143083768
GATS6se,1.3652504839722284
GATS7dv,1.1486538761010816
GATS7pe,0.9173841881801125
GATS7se,0.9810597832897083
GATS8dv,1.6054137223615226
GATS8pe,1.6700198089996903
GATS8se,1.6403269776062055
LogEE_A,4.148784980167804
LogEE_D,120.23383982264836
MATS1dv,0.2283929792568953
MATS1pe,0.064491319028999
MATS1se,0.12735319368472753
MATS2dv,0.20068687789681633
MATS2pe,0.13492414979689601
MATS2se,0.10802306862733203
MATS3dv,-0.04688631536054839
MATS3pe,-0.07646029720915193
MATS3se,-0.09750654138470492
MATS4dv,-0.025443537725096915
MATS4pe,0.013825454064479688
MATS4se,0.01397687560824551
MATS5dv,-0.036954638705265594
MATS5pe,-0.11831110920838202
MATS5se,-0.14849093197607707
MATS6dv,-0.09002095993150494
MATS6pe,-0.1367536176397705
MATS6se,-0.16956687956684352
MATS7dv,-0.005219291019596648
MATS7pe,0.3156451264950989
MATS7se,0.34257142223492376
MATS8dv,-0.5290245655871368
MATS8pe,-0.47708959412255925
MATS8se,-0.3879468609543843
MAXaaCH,1.8120545162509447
MAXaasC,0.8041075102880662
MAXsCH3,1.829549424708155
MAXssNH,3.2073096200269724
MDEC-11,0.4724703937105774
MDEC-12,3.2794783002598136
MDEC-13,5.63700564247836
MDEC-22,5.61419311594246
MDEC-23,12.656848398034343
MDEC-33,7.32232107540351
MDEN-22,0.5047172597219922
MDEO-11,0.4999999999999999
MDEO-12,0.7559289460184545
MDEO-22,0.14285714285714285
MINaaCH,1.615034722222222
MINaasC,0.1232161753590324
MINsCH3,1.464381928697405
MINssNH,2.7786085128495843
NddssSe,0
NssGeH2,0
NssPbH2,0
NssSiH2,0
NssSnH2,0
NsssGeH,0
NsssPbH,0
NsssSiH,0
NsssSnH,0
NsssdAs,0
NssssBe,0
NssssGe,0
NssssPb,0
NssssSi,0
NssssSn,0
NsssssP,0
SM1_DzZ,2.053571428571429
SM1_Dzi,1.281385004616356
SM1_Dzm,2.0499215542742757
SM1_Dzp,-5.459584580867579
SM1_Dzv,-2.3963729217909213
SddssSe,0
SpAD_Dt,411.70777443730606
SpAbs_A,31.66382362504616
SpAbs_D,240.4676796452967
SpMAD_A,1.2665529450018465
SpMAD_D,9.618707185811868
SpMax_A,2.4715149964121284
SpMax_D,120.23383982264836
SssGeH2,0
SssPbH2,0
SssSiH2,0
SssSnH2,0
SsssGeH,0
SsssPbH,0
SsssSiH,0
SsssSnH,0
SsssdAs,0
SssssBe,0
SssssGe,0
SssssPb,0
SssssSi,0
SssssSn,0
SsssssP,0
TopoPSA,101.84
TpiPC10,8.407549209245056
VAdjMat,5.754887502163468
VE1_DzZ,4.891511816598628
VE1_Dzi,4.916409828948804
VE1_Dzm,4.891481915090395
VE1_Dzp,4.87383517894479
VE1_Dzv,4.897723966884236
VE2_DzZ,0.19566047266394512
VE2_Dzi,0.19665639315795214
VE2_Dzm,0.19565927660361582
VE2_Dzp,0.1949534071577916
VE2_Dzv,0.19590895867536942
VE3_DzZ,2.503792152527896
VE3_Dzi,2.5088692864475086
VE3_Dzm,2.503786039571258
VE3_Dzp,2.500171870121466
VE3_Dzv,2.5050613325245563
VR1_DzZ,148.16091967120408
VR1_Dzi,146.3338520143605
VR1_Dzm,148.16435060975488
VR1_Dzp,150.65210141676144
VR1_Dzv,148.3578474765718
VR2_DzZ,5.926436786848163
VR2_Dzi,5.85335408057442
VR2_Dzm,5.926574024390195
VR2_Dzp,6.026084056670458
VR2_Dzv,5.9343138990628725
VR3_DzZ,5.914589710036804
VR3_Dzi,5.902181400792204
VR3_Dzm,5.914612866607607
VR3_Dzp,5.931263946352591
VR3_Dzv,5.915917975604715
Xch-3dv,0.0
Xch-4dv,0.0
Xch-5dv,0.02282177322938192
Xch-6dv,0.15327947793839242
Xch-7dv,0.1462159358745202
Xpc-4dv,2.356945940374526
Xpc-5dv,3.60049157883997
Xpc-6dv,4.572221625735057
Zagreb1,132.0
Zagreb2,156.0
fragCpx,129.08
n10Ring,0
n11Ring,0
n12Ring,0
n3ARing,0
n3HRing,0
n3aRing,0
n4ARing,0
n4FRing,0
n4HRing,0
n4aRing,0
n5ARing,0
n5FRing,0
n5HRing,1
n5aRing,1
n6ARing,1
n6FRing,0
n6HRing,1
n6aRing,1
n7ARing,0
n7FRing,0
n7HRing,0
n7aRing,0
n8ARing,0
n8FRing,0
n8HRing,0
n8aRing,0
n9ARing,0
n9FRing,0
n9HRing,0
n9aRing,0
nAHRing,1
nBondsA,11
nBondsD,2
nBondsM,13
nBondsO,27
nBondsS,37
nBondsT,0
nFARing,0
nFHRing,0
nFaRing,0
nHetero,8
naHRing,1
AATS0are,6.2666312500000005
AATS1are,6.4224760000000005
AATS2are,6.353866666666666
AATS3are,6.225760176991151
AATS4are,6.291366400000001
AATS5are,6.31855
AATS6are,6.177656910569106
AATS7are,6.495167326732674
AATS8are,6.284105769230769
AATSC0dv,4.231288580246914
AATSC0pe,0.1358509982638888
AATSC0se,0.0923662808159722
AATSC1dv,0.9663966049382714
AATSC1pe,0.008761210069444442
AATSC1se,0.011763140850694442
AATSC2dv,0.8491640946502056
AATSC2pe,0.018329580439814794
AATSC2se,0.009977689091435187
AATSC3dv,-0.19838953075494384
AATSC3pe,-0.01038720770341692
AATSC3se,-0.00900631658293387
AATSC4dv,-0.10765895061728412
AATSC4pe,0.0018782017361111043
AATSC4se,0.001290992017361117
AATSC5dv,-0.1563657407407409
AATSC5pe,-0.016072682291666664
AATSC5se,-0.013715555121527763
AATSC6dv,-0.3809046597410419
AATSC6pe,-0.01857811547256098
AATSC6se,-0.015662262015159207
AATSC7dv,-0.022084326488204565
AATSC7pe,0.04288070553149064
AATSC7se,0.03164204818567795
AATSC8dv,-2.238455603038936
AATSC8pe,-0.0648130976228632
AATSC8se,-0.035833208700587586
AETA_eta,0.9205111581365558
ATSC0are,7.015747916666665
ATSC1are,0.19677092013889072
ATSC2are,1.7150247395833356
ATSC3are,-1.5244461371527753
ATSC4are,0.33239396701389246
ATSC5are,-1.860588541666662
ATSC6are,-2.9020248697916644
ATSC7are,5.335603342013892
ATSC8are,-6.797835069444438
BCUTZ-1h,16.01312284565158
BCUTZ-1l,5.686033825039015
BCUTc-1h,0.4614055627850953
BCUTc-1l,-0.5273068166165619
BCUTd-1h,4.043942837725975
BCUTd-1l,0.9715415683609412
BCUTi-1h,14.565061978371638
BCUTi-1l,10.319767160488254
BCUTm-1h,32.06654402157186
BCUTm-1l,11.697623004273169
BCUTp-1h,2.9545778899129895
BCUTp-1l,0.7157131784469264
BCUTs-1h,7.014207075738334
BCUTs-1l,0.2989199451744503
BCUTv-1h,24.44183138003398
BCUTv-1l,14.681697789822179
BalabanJ,1.689203048143276
Diameter,11
ETA_beta,29.5
GATS1are,0.705829237141799
GATS2are,0.8002546651743888
GATS3are,1.0150080636517456
GATS4are,1.066453311731138
GATS5are,1.2356617359933408
GATS6are,1.3162022931294686
GATS7are,0.9012963966122667
GATS8are,1.66319916226926
HybRatio,0.47058823529411764
Lipinski,True
LogEE_Dt,205.85388721865303
MATS1are,0.026925152610541004
MATS2are,0.1303752460857654
MATS3are,-0.0922998302015807
MATS4are,0.018193253926657462
MATS5are,-0.10608069524542829
MATS6are,-0.16142220667196874
MATS7are,0.3614343490491201
MATS8are,-0.4472028324008345
MAXddssS,-3.7079511526832944
MAXssCH2,0.9478567385529868
MAXsssCH,-0.11928109515411167
MINddssS,-3.7079511526832944
MINssCH2,0.6300625419921055
MINsssCH,-0.11928109515411167
NsssssAs,0
RotRatio,0.18518518518518517
SM1_Dzpe,1.5300642594859244
SM1_Dzse,1.4861242843716291
SMR_VSA1,17.677754875102334
SMR_VSA2,0.0
SMR_VSA3,15.195546725583863
SMR_VSA4,0.0
SMR_VSA5,37.626441949899004
SMR_VSA6,20.199310353102685
SMR_VSA7,29.653276619107732
SMR_VSA8,0.0
SMR_VSA9,16.876414816677897
SpAD_DzZ,167.52651511002398
SpAD_Dzi,194.28401108326284
SpAD_Dzm,167.53965708433233
SpAD_Dzp,228.71621217782763
SpAD_Dzv,221.83707176992425
SpAbs_Dt,411.70777443730617
SpDiam_A,4.917862144801613
SpDiam_D,173.40777040806225
SpMAD_Dt,16.46831097749224
SpMax_Dt,205.85388721865303
SsssssAs,0
VE1_Dzpe,4.912546412470745
VE1_Dzse,4.910482987613853
VE2_Dzpe,0.1965018564988298
VE2_Dzse,0.19641931950455413
VE3_Dzpe,2.5080831568560993
VE3_Dzse,2.507663036992216
VMcGowan,266.08000000000015
VR1_Dzpe,146.40919857208192
VR1_Dzse,146.5825690267046
VR2_Dzpe,5.856367942883277
VR2_Dzse,5.863302761068184
VR3_Dzpe,5.902696163204049
VR3_Dzse,5.903879612665977
mZagreb1,8.840277777777779
mZagreb2,5.486111111111111
n10ARing,0
n10FRing,0
n10HRing,0
n10aRing,0
n11ARing,0
n11FRing,0
n11HRing,0
n11aRing,0
n12ARing,0
n12FRing,0
n12HRing,0
n12aRing,0
n3AHRing,0
n3aHRing,0
n4AHRing,0
n4FARing,0
n4FHRing,0
n4FaRing,0
n4aHRing,0
n5AHRing,0
n5FARing,0
n5FHRing,0
n5FaRing,0
n5aHRing,1
n6AHRing,1
n6FARing,0
n6FHRing,0
n6FaRing,0
n6aHRing,0
n7AHRing,0
n7FARing,0
n7FHRing,0
n7FaRing,0
n7aHRing,0
n8AHRing,0
n8FARing,0
n8FHRing,0
n8FaRing,0
n8aHRing,0
n9AHRing,0
n9FARing,0
n9FHRing,0
n9FaRing,0
n9aHRing,0
nBondsKD,7
nBondsKS,43
nFAHRing,0
nFaHRing,0
nG12Ring,0
AATSC0are,0.14616141493055554
AATSC1are,0.003935418402777814
AATSC2are,0.01905583043981484
AATSC3are,-0.013490673780113056
AATSC4are,0.0026591517361111397
AATSC5are,-0.015504904513888852
AATSC6are,-0.023593698128387516
AATSC7are,0.05282775586152368
AATSC8are,-0.06536379874465806
AETA_beta,1.18
BCUTdv-1h,6.033542839714598
BCUTdv-1l,0.6442311522911934
BCUTpe-1h,3.53721559011129
BCUTpe-1l,2.230407143576787
BCUTse-1h,3.768363929820256
BCUTse-1l,2.428497533923687
ETA_alpha,11.866666666666667
ETA_dBeta,-2.5
ETA_eta_B,0.49436147964724597
ETA_eta_F,22.831400487229235
ETA_eta_L,6.288952977877939
ETA_eta_R,45.84417944064313
ETA_psi_1,0.5385779122541604
LabuteASA,147.34158212713533
LogEE_DzZ,83.46716293558889
LogEE_Dzi,97.19326094181608
LogEE_Dzm,83.47326667600419
LogEE_Dzp,113.51417651004591
LogEE_Dzv,110.63097113434723
PEOE_VSA1,14.576746494779727
PEOE_VSA2,0.0
PEOE_VSA3,13.139891848781026
PEOE_VSA4,0.0
PEOE_VSA5,0.0
PEOE_VSA6,11.223030325587056
PEOE_VSA7,50.93005967976605
PEOE_VSA8,18.150048726757532
PEOE_VSA9,12.803725536125995
SM1_Dzare,1.675270236251707
SpAD_Dzpe,192.19284487340963
SpAD_Dzse,190.95367250911806
SpAbs_DzZ,165.82304517791596
SpAbs_Dzi,193.16142902324196
SpAbs_Dzm,165.83914125416845
SpAbs_Dzp,232.4879376009594
SpAbs_Dzv,223.6583151904855
SpDiam_Dt,291.61842384134
SpMAD_DzZ,6.7010606044009595
SpMAD_Dzi,7.771360443330513
SpMAD_Dzm,6.7015862833732935
SpMAD_Dzp,9.148648487113105
SpMAD_Dzv,8.87348287079697
SpMax_DzZ,83.46716293558889
SpMax_Dzi,97.19326094181608
SpMax_Dzm,83.47326667600419
SpMax_Dzp,113.51417651004591
SpMax_Dzv,110.63097113434723
VE1_Dzare,4.914023352902984
VE2_Dzare,0.19656093411611938
VE3_Dzare,2.50838375828236
VR1_Dzare,146.25171219320805
VR2_Dzare,5.850068487728322
VR3_Dzare,5.901619925221578
n10AHRing,0
n10FARing,0
n10FHRing,0
n10FaRing,0
n10aHRing,0
n11AHRing,0
n11FARing,0
n11FHRing,0
n11FaRing,0
n11aHRing,0
n12AHRing,0
n12FARing,0
n12FHRing,0
n12FaRing,0
n12aHRing,0
n4FAHRing,0
n4FaHRing,0
n5FAHRing,0
n5FaHRing,0
n6FAHRing,0
n6FaHRing,0
n7FAHRing,0
n7FaHRing,0
n8FAHRing,0
n8FaHRing,0
n9FAHRing,0
n9FaHRing,0
nAromAtom,11
nAromBond,11
nG12ARing,0
nG12FRing,0
nG12HRing,0
nG12aRing,0
AETA_alpha,0.4746666666666667
AETA_dBeta,-0.1
AETA_eta_B,0.01977445918588984
AETA_eta_F,0.9132560194891695
AETA_eta_L,0.25155811911511755
AETA_eta_R,1.8337671776257252
BCUTare-1h,3.5814306873836017
BCUTare-1l,2.177971547865126
ETA_beta_s,16.0
ETA_dPsi_A,0.17542208774583956
ETA_dPsi_B,0.0
ETA_eta_BR,0.752361479647246
ETA_eta_FL,5.630899104847911
ETA_eta_RL,11.91985208272585
LogEE_Dzpe,96.15762500708425
LogEE_Dzse,95.53628122593389
PEOE_VSA10,16.40524272767612
PEOE_VSA11,0.0
PEOE_VSA12,10.023291153407584
PEOE_VSA13,0.0
SlogP_VSA1,14.775746422258468
SlogP_VSA2,39.81561142370502
SlogP_VSA3,10.023291153407584
SlogP_VSA4,13.847474399381248
SlogP_VSA5,24.295818659574923
SlogP_VSA6,27.617679617875954
SlogP_VSA7,0.0
SlogP_VSA8,11.126902983393991
SlogP_VSA9,0.0
SpAD_Dzare,191.85767995767682
SpAbs_Dzpe,190.81296614099813
SpAbs_Dzse,189.60723453842414
SpDiam_DzZ,118.93737150877716
SpDiam_Dzi,141.84438453015565
SpDiam_Dzm,118.94196975798579
SpDiam_Dzp,159.11408712178294
SpDiam_Dzv,159.17286678210326
SpMAD_Dzpe,7.687713794936385
SpMAD_Dzse,7.638146900364722
SpMax_Dzpe,96.15762500708425
SpMax_Dzse,95.53628122593389
n10FAHRing,0
n10FaHRing,0
n11FAHRing,0
n11FaHRing,0
n12FAHRing,0
n12FaHRing,0
nG12AHRing,0
nG12FARing,0
nG12FHRing,0
nG12FaRing,0
nG12aHRing,0
nHeavyAtom,25
AETA_beta_s,0.64
AETA_eta_BR,0.03009445918588984
AETA_eta_FL,0.22523596419391645
AETA_eta_RL,0.476794083309034
DetourIndex,2490
EState_VSA1,10.023291153407584
EState_VSA2,10.937324304665736
EState_VSA3,18.054515658070923
EState_VSA4,36.20723063000705
EState_VSA5,7.109797541277533
EState_VSA6,19.056471336613843
EState_VSA7,12.990104268152233
EState_VSA8,15.195546725583863
EState_VSA9,9.259957890773396
ETA_beta_ns,13.5
ETA_shape_p,0.18258426966292132
ETA_shape_x,0.0702247191011236
ETA_shape_y,0.2949438202247191
GhoseFilter,True
LogEE_Dzare,95.99585078828846
SlogP_VSA10,0.0
SlogP_VSA11,5.749511833283905
SpAbs_Dzare,190.35380653020889
SpDiam_Dzpe,140.3169307041597
SpDiam_Dzse,139.07858358191177
SpMAD_Dzare,7.674307198307073
SpMax_Dzare,95.99585078828846
TopoPSA(NO),93.46000000000001
VSA_EState1,0.0
VSA_EState2,0.0
VSA_EState3,0.0
VSA_EState4,0.0
VSA_EState5,0.0
VSA_EState6,0.0
VSA_EState7,0.0
VSA_EState8,31.02633402628983
VSA_EState9,31.931617126393466
nBridgehead,0
nG12FAHRing,0
nG12FaHRing,0
AETA_beta_ns,0.54
EState_VSA10,8.417796984328938
ETA_dAlpha_A,0.0
ETA_dAlpha_B,0.025333333333333315
FilterItLogS,-5.339789013465774
SpDiam_Dzare,140.3366287592217
ETA_beta_ns_d,0.5
ETA_epsilon_1,0.6027777777777781
ETA_epsilon_2,0.8813333333333333
ETA_epsilon_3,0.44084507042253557
ETA_epsilon_4,0.5595238095238099
ETA_epsilon_5,0.8382716049382716
AETA_beta_ns_d,0.02
ETA_dEpsilon_A,0.1619327073552425
ETA_dEpsilon_B,0.04325396825396821
ETA_dEpsilon_C,-0.1186787391012743
ETA_dEpsilon_D,0.04306172839506173
PetitjeanIndex,0.45454545454545453
TopoShapeIndex,0.8333333333333334
CDK Descriptors
FMFDescriptor,0.76
MDEDescriptor,"0.4724703937105774,3.2794783002598136,5.63700564247836,0.0,5.61419311594246,12.656848398034343,0.0,7.32232107540351,0.0,0.0,0.4999999999999999,0.7559289460184545,0.14285714285714285,0.0,0.0,0.0,0.5047172597219922,0.0,0.0"
APolDescriptor,54.66423899999998
BCUTDescriptor,"11.900000000000006,31.972072270543705,-0.3473950427959787,0.24376575729162808,5.404528762089762,12.74456989226995"
BPolDescriptor,36.771761
TPSADescriptor,101.84
ALOGPDescriptor,"0.5777999999999976,0.33385283999999726,92.52759999999999"
XLogPDescriptor,1.94
VAdjMaDescriptor,5.754887502163469
WeightDescriptor,365.14092740000007
ChiPathDescriptor,"18.02673325856595,11.91985208272585,11.15396269547341,9.037447086976524,7.748549826983928,5.727230633347387,3.3586051608198266,2.735098276266963,14.83002502022221,8.634667786960446,6.649185673893401,4.778584399873274,3.5382952088789246,2.247707836817993,1.1238857067742647,0.7569148313957758"
ChiChainDescriptor,"0.0,0.0,0.09622504486493763,0.41810909964537374,0.47948928312696726,0.0,0.0,0.02282177322938192,0.15327947793839244,0.13147534610294684"
AtomCountDescriptor,48
BondCountDescriptor,27
SmallRingDescriptor,"3,2,3,2,0,0,1,2,0,0,0"
ChiClusterDescriptor,"2.2883010563171156,0.20412414523193154,0.5561337577825364,0.08333333333333333,0.8782153856140984,0.025499585890087693,0.14590407887892734,0.007361096388933056"
RuleOfFiveDescriptor,0
CarbonTypesDescriptor,"0,0,0,7,2,4,3,0,0"
ZagrebIndexDescriptor,132.0
LargestChainDescriptor,12
MannholdLogPDescriptor,2.45
WeightedPathDescriptor,"50.46128163349779,2.0184512653399116,23.2929771260008,10.781294292087525,9.01338184906988"
FractionalPSADescriptor,0.2789060123310625
WienerNumbersDescriptor,"1453.0,40.0"
AminoAcidCountDescriptor,"0,0,0,0,0,0,0,0,0,0,0,0,0,0,0,0,0,0,0,0"
ChiPathClusterDescriptor,"4.58586027708946,8.018931179096429,10.714411559574856,1.6931077392743052,2.490437780326223,2.6821540906248136"
FractionalCSP3Descriptor,0.47058823529411764
KierHallSmartsDescriptor,"0,0,0,0,0,0,3,0,4,0,0,3,1,0,0,0,6,0,0,0,0,0,0,2,0,0,0,0,1,0,0,0,0,0,2,1,1,0,0,0,0,0,0,0,0,0,0,0,0,0,0,0,1,0,0,0,0,0,0,0,0,0,0,0,0,0,0,0,0,0,0,0,0,0,0,0,0,0,0"
BasicGroupCountDescriptor,1
HBondDonorCountDescriptor,2
LargestPiSystemDescriptor,16
PetitjeanNumberDescriptor,0.45454545454545453
AcidicGroupCountDescriptor,0
KappaShapeIndicesDescriptor,"19.753086419753085,8.347140039447732,4.465974625144176"
AromaticAtomsCountDescriptor,11
AromaticBondsCountDescriptor,11
FragmentComplexityDescriptor,1900.08
HBondAcceptorCountDescriptor,4
HybridizationRatioDescriptor,0.47058823529411764
AutocorrelationDescriptorMass,"35.30557008444323,38.11050464006571,49.544847148704605,53.913531941548946,55.378917171743"
PetitjeanShapeIndexDescriptor,"0.8333333333333334,NaN"
RotatableBondsCountDescriptor,5
AutocorrelationDescriptorCharge,"0.49965537333114035,-0.2037041326647979,-0.018557604900908575,-0.08825806774015196,0.15987385853746333"
EccentricConnectivityIndexDescriptor,463
AutocorrelationDescriptorPolarizability,"1951.4660901188354,2300.3571976204107,3311.7841862416644,3345.8558100179666,3167.8938094171285"
