DLiP-ID,T005Q1
DLiP-Mol-ID,22851
Vendor-ID,
Standard Inchi(RDKit),"InChI=1S/C22H20Cl2N4O5/c1-28-22(31)18(17(33-2)11-25-28)13-8-6-12(7-9-13)10-16(20(29)27-32)26-21(30)19-14(23)4-3-5-15(19)24/h3-9,11,16,32H,10H2,1-2H3,(H,26,30)(H,27,29)/t16-/m0/s1"
Standard Inchi Key(RDKit),RVZYPCNWXCGBGD-INIZCTEOSA-N
Canonical SMILES(RDKit),COc1cnn(C)c(=O)c1-c1ccc(C[C@H](NC(=O)c2c(Cl)cccc2Cl)C(=O)NO)cc1
SMILES(SDF),
MW(SDF),
MW(RDKit),491.331
MW Monoisotopic(RDKit),490.0810751
MolLogP(RDKit),2.6092
XLogP(SDF),
XLogP(CDK),3.897
ALogP(SDF),
Num H Acceptors(SDF),
nHAcceptors(SDF),
HBA(RDKit),7
HBA Lipinski(RDKit),9
Num H Donors(SDF),
nHDonors(SDF),
HBD(RDKit),3
HBD Lipinski(RDKit),3
PSA(SDF),
PSA(RDKit),122.55
RO3 Pass,
Num RO5 Violations,0
Num Lipinski RO5 Violations,0
nBonds(SDF),
nRigidBonds(SDF),
nRotatableBonds(SDF),
nRotatableBonds(RDKit),7
nRings(SDF),
nRings(RDKit),3
Aromatic Rings(RDKit),3
nAtoms(SDF),
Heavy Atoms(RDKit),33
QED Weighted(RDKit),0.345151684631303
Molecular Formula(SDF),
PPI Type(SDF),
PDB ID(SDF),
Receptor Chain(SDF),
Protein Name Receptor(SDF),
Peptide Chain(SDF),
Protein Name Peptide(SDF),
ELM ID(SDF),
Motif Sequence(SDF),
Physical Form Apperance(SDF),
Quantity of Sample mg(SDF),
Box Num(SDF),
Box Position(SDF),
fCsp3(SDF),
nCarbons(SDF),
nHetAtoms(SDF),
nHalide(SDF),
Year(SDF),
No(SDF),
Target Pref Name,Integrins
Common Target Pref Name,Integrins
RDKit Descriptors
Ipc,18389462.17446451
qed,0.34515168463130325
Chi0,24.120591385700624
Chi1,15.760457910671605
TPSA,122.55
Chi0n,17.63382209826696
Chi0v,19.145679990303872
Chi1n,9.648546650891682
Chi1v,10.404475596910135
Chi2n,7.016511770178993
Chi2v,7.830912023660205
Chi3n,4.92655799263629
Chi3v,5.556498780985001
Chi4n,3.21926767268157
Chi4v,3.788355147380723
MolMR,122.8154
MolWt,491.33100000000013
fr_SH,0
Kappa1,24.24653100464669
Kappa2,10.477423822714682
Kappa3,5.3329545454545455
fr_ArN,0
fr_COO,0
fr_C_O,2
fr_C_S,0
fr_NH0,2
fr_NH1,2
fr_NH2,0
fr_N_O,1
fr_azo,0
BertzCT,1224.2738594942698
MolLogP,2.6092000000000004
NOCount,9
fr_Ar_N,2
fr_COO2,0
fr_urea,0
BalabanJ,1.8562230734414293
SMR_VSA1,19.533190346720982
SMR_VSA2,0.0
SMR_VSA3,20.577369945573757
SMR_VSA4,7.04767198267719
SMR_VSA5,12.462662452073971
SMR_VSA6,7.109797541277533
SMR_VSA7,80.18738674084483
SMR_VSA8,0.0
SMR_VSA9,16.876414816677897
fr_Al_OH,0
fr_Ar_NH,0
fr_Ar_OH,0
fr_HOCCN,0
fr_Imine,0
fr_amide,2
fr_azide,0
fr_diazo,0
fr_ester,0
fr_ether,1
fr_furan,0
fr_imide,0
fr_nitro,0
fr_oxime,0
fr_quatN,0
LabuteASA,198.4056058371893
NHOHCount,3
PEOE_VSA1,10.05365155780638
PEOE_VSA2,19.590864576992757
PEOE_VSA3,10.161899533266386
PEOE_VSA4,5.098681808301038
PEOE_VSA5,0.0
PEOE_VSA6,53.53371512277308
PEOE_VSA7,23.259637120317212
PEOE_VSA8,13.4684936056032
PEOE_VSA9,34.47881072376725
RingCount,3
SMR_VSA10,35.016239239168044
fr_Al_COO,0
fr_Ar_COO,0
fr_ketone,0
fr_lactam,0
fr_phenol,0
ExactMolWt,490.08107509999996
NumHDonors,3
PEOE_VSA10,6.041840829147961
PEOE_VSA11,5.749511833283905
PEOE_VSA12,0.0
PEOE_VSA13,17.373626353755018
PEOE_VSA14,0.0
SlogP_VSA1,21.093015050979588
SlogP_VSA2,39.953735597352015
SlogP_VSA3,18.26303078967502
SlogP_VSA4,0.0
SlogP_VSA5,15.921440167465814
SlogP_VSA6,53.455950234916166
SlogP_VSA7,10.045266627482652
SlogP_VSA8,11.126902983393991
SlogP_VSA9,0.0
fr_amidine,0
fr_aniline,0
fr_benzene,2
fr_epoxide,0
fr_guanido,0
fr_halogen,2
fr_hdrzine,0
fr_hdrzone,0
fr_isocyan,0
fr_lactone,0
fr_methoxy,1
fr_nitrile,0
fr_nitroso,0
fr_oxazole,0
fr_sulfide,0
fr_sulfone,0
EState_VSA1,17.85620028785097
EState_VSA2,27.588806637157667
EState_VSA3,22.439866308374892
EState_VSA4,0.0
EState_VSA5,37.16885016763621
EState_VSA6,35.811931940429254
EState_VSA7,0.0
EState_VSA8,10.415470412307368
EState_VSA9,33.14599575904237
SlogP_VSA10,0.0
SlogP_VSA11,5.749511833283905
SlogP_VSA12,23.20187978046503
VSA_EState1,0.0
VSA_EState2,0.0
VSA_EState3,0.0
VSA_EState4,0.0
VSA_EState5,0.0
VSA_EState6,0.0
VSA_EState7,0.0
VSA_EState8,1.1971784019372196
VSA_EState9,74.88794088147803
fr_aldehyde,0
fr_barbitur,0
fr_bicyclic,0
fr_priamide,0
fr_pyridine,0
fr_thiazole,0
fr_thiocyan,0
EState_VSA10,14.383611552215466
EState_VSA11,0.0
FractionCSP3,0.18181818181818182
VSA_EState10,12.137102938806997
fr_C_O_noCOO,2
fr_Nhpyrrole,0
fr_imidazole,0
fr_phos_acid,0
fr_piperdine,0
fr_piperzine,0
fr_sulfonamd,0
fr_tetrazole,0
fr_thiophene,0
HallKierAlpha,-3.3999999999999995
NumHAcceptors,7
fr_morpholine,0
fr_nitro_arom,0
fr_phos_ester,0
HeavyAtomCount,33
HeavyAtomMolWt,471.17100000000016
MaxEStateIndex,12.68790199805046
MinEStateIndex,-1.1212775048290926
NumHeteroatoms,11
fr_aryl_methyl,1
fr_isothiocyan,0
fr_Al_OH_noTert,0
fr_alkyl_halide,0
fr_allylic_oxid,0
fr_prisulfonamd,0
FpDensityMorgan1,1.1515151515151516
FpDensityMorgan2,1.7878787878787878
FpDensityMorgan3,2.3636363636363638
MaxPartialCharge,0.2776298288697838
MinPartialCharge,-0.494204433187294
NumAromaticRings,3
fr_unbrch_alkane,0
MaxAbsEStateIndex,12.68790199805046
MinAbsEStateIndex,0.020877950566595915
NumAliphaticRings,0
NumRotatableBonds,7
NumSaturatedRings,0
fr_Ndealkylation1,0
fr_Ndealkylation2,0
fr_benzodiazepine,0
fr_ketone_Topliss,0
fr_term_acetylene,0
fr_alkyl_carbamate,0
fr_dihydropyridine,0
MaxAbsPartialCharge,0.494204433187294
MinAbsPartialCharge,0.2776298288697838
NumRadicalElectrons,0
NumValenceElectrons,172
fr_para_hydroxylation,0
NumAromaticCarbocycles,2
fr_nitro_arom_nonortho,0
fr_phenol_noOrthoHbond,0
NumAliphaticCarbocycles,0
NumAromaticHeterocycles,1
NumSaturatedCarbocycles,0
NumAliphaticHeterocycles,0
NumSaturatedHeterocycles,0
Mordred Descriptors
MW,490.08107510000053
MZ,0.7987421383647797
Mi,1.1257741046813492
Mm,0.7718160868260698
Mp,0.7100424810755849
Mv,0.6831290492301905
SZ,42.33333333333332
Si,59.66602754811151
Sm,40.9062526017817
Sp,37.632251497005996
Sv,36.2058396092001
nB,0
nC,22
nF,0
nH,20
nI,0
nN,4
nO,5
nP,0
nS,0
nX,2
ABC,25.081555223817183
AMW,9.246812737735858
IC0,1.838190303955565
IC1,4.035645275851672
IC2,5.064500464775838
IC3,5.510754888443823
IC4,5.510754888443823
IC5,5.510754888443823
MID,66.15525624959922
Mpe,1.004661487236404
Mse,1.0323626819112537
NdO,3
NdS,0
NsF,0
NsI,0
NtN,0
SMR,122.8154
SdO,37.40709271713993
SdS,0
Spe,53.24705882352941
SsF,0
SsI,0
Sse,54.715222141296444
StN,0
fMF,0.41509433962264153
nBr,0
nCl,2
AMID,2.00470473483634
BIC0,0.30411489847565876
BIC1,0.6676674611482832
BIC2,0.8378838912167725
BIC3,0.9117133627660814
BIC4,0.9117133627660814
BIC5,0.9117133627660814
CIC0,3.889730150607634
CIC1,1.6922751787115269
CIC2,0.6634199897873607
CIC3,0.21716556611937587
CIC4,0.21716556611937587
CIC5,0.21716556611937587
GGI1,7.0
GGI2,4.666666666666668
GGI3,3.3125
GGI4,2.2800000000000007
GGI5,1.3055555555555554
GGI6,0.9126530612244899
GGI7,0.6232638888888888
GGI8,0.3736457545981355
GGI9,0.2825000000000001
JGI1,0.2
JGI2,0.09523809523809527
JGI3,0.059151785714285705
JGI4,0.04222222222222223
JGI5,0.02664399092970522
JGI6,0.02028117913832199
JGI7,0.015581597222222224
JGI8,0.010379048738837094
JGI9,0.008560606060606062
MIC0,22.266057485765863
MIC1,42.85228201000888
MIC2,50.56585538352059
MIC3,52.881189276540184
MIC4,52.881189276540184
MIC5,52.881189276540184
MPC2,49
MPC3,65
MPC4,81
MPC5,95
MPC6,95
MPC7,100
MPC8,109
MPC9,112
Mare,1.0146415094339625
NaaN,1
NaaO,0
NaaS,0
NdNH,0
NdSe,0
NddC,0
NdsN,0
NsBr,0
NsCl,2
NsLi,0
NsOH,1
NsSH,0
NssO,1
NssS,0
NtCH,0
NtsC,0
RNCG,0.1562957506001888
RPCG,0.08780245497263668
SIC0,0.32091756834562085
SIC1,0.7045567947153734
SIC2,0.8841778626204836
SIC3,0.9620864905785539
SIC4,0.9620864905785539
SIC5,0.9620864905785539
SaaN,3.9383131593977523
SaaO,0
SaaS,0
Sare,53.77600000000001
SdNH,0
SdSe,0
SddC,0
SdsN,0
SsBr,0
SsCl,12.137102938806997
SsLi,0
SsOH,9.123020336176994
SsSH,0
SssO,5.255856027741781
SssS,0
StCH,0
StsC,0
TIC0,97.42408610964495
TIC1,213.8891996201386
TIC2,268.41852463311943
TIC3,292.07000908752264
TIC4,292.07000908752264
TIC5,292.07000908752264
Vabc,408.65802181236177
WPol,56
apol,62.84585999999999
bpol,27.134139999999995
nRot,7
ABCGG,20.195778717928064
ATS0Z,1906.0
ATS0d,188.0
ATS0i,8596.36441035128
ATS0m,7772.161143000002
ATS0p,87.80887809697998
ATS0s,316.17725956409083
ATS0v,13002.199221638562
ATS1Z,1645.0
ATS1d,232.0
ATS1i,8169.30854137605
ATS1m,6377.590369
ATS1p,103.802065856
ATS1s,204.3744855967078
ATS1v,15513.280212765581
ATS2Z,2439.0
ATS2d,352.0
ATS2i,13890.237037362742
ATS2m,9384.616537000002
ATS2p,153.45559951794303
ATS2s,317.06275720164604
ATS2v,22497.90079595227
ATS3Z,3026.0
ATS3d,397.0
ATS3i,17870.771816654575
ATS3m,11520.905962
ATS3p,186.737186542792
ATS3s,449.60082304526753
ATS3v,26848.696486277735
ATS4Z,3405.0
ATS4d,384.0
ATS4i,20199.897614741723
ATS4m,12978.525390999997
ATS4p,188.19562279248998
ATS4s,503.73060509068745
ATS4v,26893.560995511634
ATS5Z,2658.0
ATS5d,382.0
ATS5i,21489.203109270147
ATS5m,9690.164674999998
ATS5p,177.10310247928194
ATS5s,529.9156378600823
ATS5v,25233.735009115175
ATS6Z,2591.0
ATS6d,356.0
ATS6i,20363.569919796813
ATS6m,9446.838085
ATS6p,175.170028167339
ATS6s,489.43621399176953
ATS6v,24574.039765378046
ATS7Z,2579.0
ATS7d,322.0
ATS7i,20178.013607714838
ATS7m,9493.71901
ATS7p,166.245746563829
ATS7s,413.85288065843616
ATS7v,22552.88063087338
ATS8Z,2250.0
ATS8d,298.0
ATS8i,18464.08654915325
ATS8m,8387.470202
ATS8p,143.46528729547
ATS8s,346.04938271604937
ATS8v,19540.291559574234
C1SP1,0
C1SP2,4
C1SP3,0
C2SP1,0
C2SP2,10
C2SP3,2
C3SP2,4
C3SP3,0
C4SP3,0
FCSP3,0.18181818181818182
GGI10,0.28068564432200793
JGI10,0.008771426385062748
JGT10,0.4868299516493585
Kier1,27.58530612244898
Kier2,12.807996668054978
Kier3,6.816568047337278
MAXdO,12.68790199805046
MID_C,45.71131513164393
MID_N,7.993223547102943
MID_O,8.913748052015464
MID_X,3.5369695188368637
MID_h,20.44394111795527
MINdO,12.19771652743334
MPC10,120
MWC01,35.0
MWC02,5.1298987149230735
MWC03,5.983936280687191
MWC04,6.863803391452954
MWC05,7.732369222284388
MWC06,8.61558951327243
MWC07,9.488350824731233
MWC08,10.372584520889065
MWC09,11.24714838346204
MWC10,12.131817739505276
NaaCH,8
NaaNH,0
NaaSe,0
NaaaC,0
NaasC,7
NaasN,1
NdCH2,0
NddsN,0
NdsCH,0
NdssC,2
NdssS,0
NsCH3,2
NsNH2,0
NsNH3,0
NsPH2,0
NsSeH,0
NssBH,0
NssBe,0
NssNH,2
NssPH,0
NssSe,0
NsssB,0
NsssN,0
NsssP,0
SLogP,2.6092000000000004
SRW02,4.2626798770413155
SRW03,0.0
SRW04,5.58724865840025
SRW05,0.0
SRW06,7.113956109566034
SRW07,0.0
SRW08,8.732788324973118
SRW09,0.0
SRW10,10.39821428171237
SaaCH,12.805256967210145
SaaNH,0
SaaSe,0
SaaaC,0
SaasC,2.1850495758347668
SaasN,1.1971784019372196
SdCH2,0
SddsN,0
SdsCH,0
SdssC,-1.4850800483186832
SdssS,0
SsCH3,2.9781967605506567
SsNH2,0
SsNH3,0
SsPH2,0
SsSeH,0
SssBH,0
SssBe,0
SssNH,4.083995720188902
SssPH,0
SssSe,0
SsssB,0
SsssN,0
SsssP,0
VE1_A,4.505471144322416
VE1_D,5.6682673041325575
VE2_A,0.13652942861583078
VE2_D,0.17176567588280478
VE3_A,2.6992149365998612
VE3_D,2.9288059494098477
VR1_A,422.22860918220454
VR1_D,215.31083128297823
VR2_A,12.794806338854682
VR2_D,6.524570644938734
VR3_A,7.239469363746765
VR3_D,6.566005179440699
WPath,3440
Xc-3d,2.2973077591616082
Xc-4d,0.0
Xc-5d,0.6648972951022976
Xc-6d,0.0
Xp-0d,24.120591385700624
Xp-1d,15.760457910671605
Xp-2d,13.997356654751869
Xp-3d,12.051375804211208
Xp-4d,9.62651870752852
Xp-5d,7.182968195537339
Xp-6d,4.772078056080286
Xp-7d,3.081033038542385
ZMIC0,106.91155994633391
ZMIC1,54.009255969010205
ZMIC2,33.81059712167827
ZMIC3,28.350063336036918
ZMIC4,28.350063336036918
ZMIC5,28.350063336036918
nAcid,0
nAtom,53
nBase,0
nRing,3
piPC1,3.871201010907891
piPC2,4.483002552013883
piPC3,5.05783689558055
piPC4,5.583966123213644
piPC5,6.067122656463694
piPC6,6.227524323688738
piPC7,6.521311242835332
piPC8,6.832930703976066
piPC9,7.057897937411856
AATS0Z,35.9622641509434
AATS0d,3.547169811320755
AATS0i,162.1955549122883
AATS0m,146.64454986792458
AATS0p,1.6567712848486789
AATS0s,5.965608671020582
AATS0v,245.32451361582193
AATS1Z,29.90909090909091
AATS1d,4.218181818181818
AATS1i,148.53288257047365
AATS1m,115.95618852727272
AATS1p,1.887310288290909
AATS1s,3.7158997381219603
AATS1v,282.05964023210146
AATS2Z,27.1
AATS2d,3.911111111111111
AATS2i,154.33596708180823
AATS2m,104.2735170777778
AATS2p,1.7050622168660337
AATS2s,3.5229195244627336
AATS2v,249.9766755105808
AATS3Z,26.31304347826087
AATS3d,3.4521739130434783
AATS3i,155.3980157969963
AATS3m,100.18179097391305
AATS3p,1.6238016221112346
AATS3s,3.9095723743066744
AATS3v,233.46692596763248
AATS4Z,26.6015625
AATS4d,3.0
AATS4i,157.8117001151697
AATS4m,101.39472961718748
AATS4p,1.470278303066328
AATS4s,3.9353953522709957
AATS4v,210.10594527743464
AATS5Z,19.984962406015036
AATS5d,2.8721804511278197
AATS5i,161.5729557087981
AATS5m,72.85838101503758
AATS5p,1.3316022742803153
AATS5s,3.9843281042111447
AATS5v,189.72733089560282
AATS6Z,20.401574803149607
AATS6d,2.8031496062992125
AATS6i,160.34307023462057
AATS6m,74.38455185039369
AATS6p,1.379291560372748
AATS6s,3.8538284566281065
AATS6v,193.49637610533895
AATS7Z,20.46825396825397
AATS7d,2.5555555555555554
AATS7i,160.14296514059396
AATS7m,75.34697626984128
AATS7p,1.3194106870145157
AATS7s,3.2845466718923504
AATS7v,178.9911161180427
AATS8Z,19.911504424778762
AATS8d,2.6371681415929205
AATS8i,163.39899601020574
AATS8m,74.22540001769912
AATS8p,1.2696043123492922
AATS8s,3.062383917841145
AATS8v,172.9229341555242
AMID_C,1.3851913676255736
AMID_N,0.24221889536675584
AMID_O,0.2701135773338019
AMID_X,0.10718089451020799
AMID_h,0.6195133672107658
ATS0dv,499.20987654320993
ATS0pe,355.96059999999994
ATS0se,431.9770059999999
ATS1dv,479.2222222222222
ATS1pe,372.5512
ATS1se,441.589904
ATS2dv,655.8888888888889
ATS2pe,600.4923000000001
ATS2se,721.3259559999999
ATS3dv,744.1111111111111
ATS3pe,767.7420000000001
ATS3se,926.7571719999999
ATS4dv,685.8271604938273
ATS4pe,857.7009999999999
ATS4se,1041.771505
ATS5dv,643.6666666666666
ATS5pe,871.2917000000001
ATS5se,1067.485512
ATS6dv,573.3333333333333
ATS6pe,833.7081
ATS6se,1020.328676
ATS7dv,481.77777777777777
ATS7pe,800.2920999999999
ATS7se,990.2758519999999
ATS8dv,427.1111111111111
ATS8pe,710.1467999999999
ATS8se,885.150356
ATSC0Z,688.7169811320757
ATSC0c,1.309340662430867
ATSC0d,35.1698113207547
ATSC0i,79.52807783586671
ATSC0m,3217.439338754717
ATSC0p,13.288083396232828
ATSC0s,117.20527818757493
ATSC0v,2527.2452422020338
ATSC1Z,-0.8006407974368246
ATSC1c,-0.5414107422756687
ATSC1d,13.616233535065858
ATSC1i,4.136025470895748
ATSC1m,-0.683560556781341
ATSC1p,0.5303596364055566
ATSC1s,-5.771148152109113
ATSC1v,72.71272156726044
ATSC2Z,58.688145247419
ATSC2c,-0.32645664075298886
ATSC2d,-1.4959060163759381
ATSC2i,14.436997600773314
ATSC2m,290.1117272278395
ATSC2p,3.7844142502487625
ATSC2s,-1.3472950999218694
ATSC2v,561.5010809243608
ATSC3Z,-35.74439302242793
ATSC3c,0.08449238154148239
ATSC3d,-13.46279814880741
ATSC3i,4.703318383576671
ATSC3m,-163.86354812815904
ATSC3p,0.23975804841963552
ATSC3s,11.816789112054039
ATSC3v,-144.76228577569526
ATSC4Z,124.24955500177997
ATSC4c,0.3313575353293392
ATSC4d,-11.051619793520826
ATSC4i,-33.18634883777149
ATSC4m,538.1599493659673
ATSC4p,-4.937923856768153
ATSC4s,-28.031350962235223
ATSC4v,-929.3686775938713
ATSC5Z,-182.02563189747244
ATSC5c,-0.030929496202538813
ATSC5d,-8.822356710573157
ATSC5i,-10.654402670413907
ATSC5m,-839.7862643467429
ATSC5p,-1.2384488247290655
ATSC5s,-0.09492028393721941
ATSC5v,-229.5377359274973
ATSC6Z,-238.26521893912425
ATSC6c,-0.2592154874572013
ATSC6d,-6.274830900676397
ATSC6i,-7.9105918466763265
ATSC6m,-1106.6287637896053
ATSC6p,-0.9321812638732544
ATSC6s,-23.37923186456927
ATSC6v,-724.2712356770512
ATSC7Z,14.314346742613047
ATSC7c,0.1470824877743445
ATSC7d,4.388750444998221
ATSC7i,-28.983874702355436
ATSC7m,42.69013471520091
ATSC7p,-5.678841173769426
ATSC7s,-21.434378830233495
ATSC7v,-654.262289323328
ATSC8Z,249.37700249199008
ATSC8c,-0.08125017187787066
ATSC8d,4.0341758632965465
ATSC8i,5.627738600995706
ATSC8m,1185.8043124663573
ATSC8p,4.605895914292076
ATSC8s,-19.80254336321474
ATSC8v,1198.5763536272116
AXp-0d,0.7309270116878978
AXp-1d,0.45029879744776014
AXp-2d,0.2856603398928953
AXp-3d,0.18540578160324936
AXp-4d,0.1188459099694879
AXp-5d,0.07561019153197199
AXp-6d,0.0502324005903188
AXp-7d,0.03081033038542385
GATS1Z,0.55940645842569
GATS1c,1.383861883330428
GATS1d,0.7527116660163874
GATS1i,1.1499529698245656
GATS1m,0.5622830062375068
GATS1p,0.8477003527223481
GATS1s,0.6183783886606651
GATS1v,0.8305932201488082
GATS2Z,0.642611972555537
GATS2c,1.191733599794467
GATS2d,1.2074749642346216
GATS2i,1.018750516251867
GATS2m,0.6428027480596226
GATS2p,0.7414530380154182
GATS2s,0.640182974243771
GATS2v,0.7757036101447543
GATS3Z,0.8817403691995434
GATS3c,1.002011296149912
GATS3d,1.2921160664303049
GATS3i,1.0384665713612988
GATS3m,0.8818719427661939
GATS3p,0.9501797262385552
GATS3s,0.8341921208102887
GATS3v,0.957475892787278
GATS4Z,0.8806683537888332
GATS4c,0.9273181544598256
GATS4d,1.12045667918455
GATS4i,1.173181423976016
GATS4m,0.8849213972793897
GATS4p,1.1300827953709423
GATS4s,1.247006897908004
GATS4v,1.0960858405578435
GATS5Z,0.9304431974682197
GATS5c,1.0767397153828289
GATS5d,1.0894510955500345
GATS5i,1.046807298515183
GATS5m,0.9312830764398642
GATS5p,0.9634559308266898
GATS5s,1.1085265355889884
GATS5v,0.9961900174428783
GATS6Z,0.9634027172278767
GATS6c,1.1016243049006749
GATS6d,0.9837535061336223
GATS6i,1.0423996060644747
GATS6m,0.9644094881501271
GATS6p,0.95969436801163
GATS6s,1.1536935603648621
GATS6v,1.0705224804466418
GATS7Z,1.0231815956159824
GATS7c,0.647327798613348
GATS7d,0.8507476667347916
GATS7i,1.0780364880049362
GATS7m,1.0275148283702926
GATS7p,1.199558233172823
GATS7s,1.0327998970278125
GATS7v,1.1536908458365558
GATS8Z,0.8702856868553206
GATS8c,0.8293588450770831
GATS8d,0.9224524288807024
GATS8i,0.8536604602682939
GATS8m,0.8691761442600897
GATS8p,0.8575831012983167
GATS8s,1.0288934598718256
GATS8v,0.8506140299714303
MATS1Z,-0.0011202374963264975
MATS1c,-0.39846244288448246
MATS1d,0.37307842372220074
MATS1i,0.05011594210672427
MATS1m,-0.0002047292085130548
MATS1p,0.03846106441431907
MATS1s,-0.04744912776372476
MATS1v,0.02772529607776656
MATS2Z,0.05018142080494825
MATS2c,-0.14682709699591065
MATS2d,-0.025047687172150765
MATS2i,0.10690296694404318
MATS2m,0.053099236601912875
MATS2p,0.1677141417968583
MATS2s,-0.0067693804124475355
MATS2v,0.13083880508855777
MATS3Z,-0.0239191181900694
MATS3c,0.029740134300045806
MATS3d,-0.17641817503265553
MATS3i,0.027255987539288436
MATS3m,-0.023471995655412418
MATS3p,0.008315509787051279
MATS3s,0.04646547104834469
MATS3v,-0.026398914751616712
MATS4Z,0.07469988801983449
MATS4c,0.10478764878315143
MATS4d,-0.13011333154506446
MATS4i,-0.1727845427623619
MATS4m,0.0692575152389947
MATS4p,-0.15386787063081722
MATS4s,-0.09902908330822055
MATS4v,-0.1522672638334516
MATS5Z,-0.1053212451434322
MATS5c,-0.009413354609737386
MATS5d,-0.09996289005776247
MATS5i,-0.05338667204779039
MATS5m,-0.10401180380310816
MATS5p,-0.037139833196094735
MATS5s,-0.0003227275843778437
MATS5v,-0.03619352934802205
MATS6Z,-0.14437500350536284
MATS6c,-0.082619096094413
MATS6d,-0.07445676050150388
MATS6i,-0.04151075573576896
MATS6m,-0.1435369571828058
MATS6p,-0.029275894487045172
MATS6s,-0.08324443629531628
MATS6v,-0.11959857321235216
MATS7Z,0.008742508564436136
MATS7c,0.047251286351167376
MATS7d,0.05248995163158258
MATS7i,-0.15329969196890872
MATS7m,0.005581134416903318
MATS7p,-0.1797639911790457
MATS7s,-0.07692527484713474
MATS7v,-0.1088954730424769
MATS8Z,0.16982946261157708
MATS8c,-0.02910509754136854
MATS8d,0.053799992403813314
MATS8i,0.03319027549369447
MATS8m,0.17286221914984212
MATS8p,0.16257329216024705
MATS8s,-0.07924488309923286
MATS8v,0.22244146356469024
MAXaaN,3.9383131593977523
MAXsCl,6.0685514694034985
MAXsOH,9.123020336176994
MAXssO,5.255856027741781
MINaaN,3.9383131593977523
MINsCl,6.0685514694034985
MINsOH,9.123020336176994
MINssO,5.255856027741781
NddssS,0
NdssSe,0
NdsssP,0
NsAsH2,0
NsGeH3,0
NsPbH3,0
NsSiH3,0
NsSnH3,0
NssAsH,0
NssCH2,1
NssNH2,0
NsssAs,0
NsssCH,1
NsssNH,0
NssssB,0
NssssC,0
NssssN,0
Radius,8
SM1_Dt,0.0
SddssS,0
SdssSe,0
SdsssP,0
SpAD_A,41.63205853655201
SpAD_D,429.4389174250249
SsAsH2,0
SsGeH3,0
SsPbH3,0
SsSiH3,0
SsSnH3,0
SssAsH,0
SssCH2,0.047594324766943696
SssNH2,0
SsssAs,0
SsssCH,-1.1212775048290926
SsssNH,0
SssssB,0
SssssC,0
SssssN,0
TMPC10,894
TMWC10,145.56549859120764
TSRW10,69.09488725169308
VE1_Dt,5.658594878426489
VE2_Dt,0.17147257207352995
VE3_Dt,2.9270980751722617
VR1_Dt,216.1441836651387
VR2_Dt,6.549823747428446
VR3_Dt,6.569868170434477
Xc-3dv,1.07009908446555
Xc-4dv,0.0
Xc-5dv,0.18281082699476336
Xc-6dv,0.0
Xch-3d,0.0
Xch-4d,0.0
Xch-5d,0.0
Xch-6d,0.20693027063286606
Xch-7d,0.46487439721723106
Xp-0dv,19.145679990303872
Xp-1dv,10.404475596910135
Xp-2dv,7.830912023660206
Xp-3dv,5.556498780985001
Xp-4dv,3.7883551473807224
Xp-5dv,2.3025744008365594
Xp-6dv,1.3499517833292747
Xp-7dv,0.7153661613465643
Xpc-4d,5.791335840851886
Xpc-5d,9.337127321850636
Xpc-6d,13.900929599086583
n3Ring,0
n4Ring,0
n5Ring,0
n6Ring,3
n7Ring,0
n8Ring,0
n9Ring,0
nARing,0
nBonds,55
nFRing,0
nHBAcc,7
nHBDon,3
nHRing,1
nSpiro,0
naRing,3
piPC10,7.341180014893612
AATS0dv,9.419054274400187
AATS0pe,6.716237735849056
AATS0se,8.15050954716981
AATS1dv,8.713131313131312
AATS1pe,6.773658181818182
AATS1se,8.028907345454545
AATS2dv,7.287654320987655
AATS2pe,6.672136666666668
AATS2se,8.014732844444444
AATS3dv,6.470531400966183
AATS3pe,6.676017391304349
AATS3se,8.058758017391304
AATS4dv,5.358024691358025
AATS4pe,6.700789062499999
AATS4se,8.1388398828125
AATS5dv,4.839598997493734
AATS5pe,6.551065413533835
AATS5se,8.026206857142856
AATS6dv,4.514435695538057
AATS6pe,6.564630708661417
AATS6se,8.034084062992125
AATS7dv,3.82363315696649
AATS7pe,6.351524603174602
AATS7se,7.859332158730158
AATS8dv,3.7797443461160274
AATS8pe,6.2844849557522116
AATS8se,7.833188991150442
AATSC0Z,12.99466002135992
AATSC0c,0.024704540800582396
AATSC0d,0.6635813456746169
AATSC0i,1.5005297704880511
AATSC0m,60.70640261801353
AATSC0p,0.2507185546459024
AATSC0s,2.2114203431617914
AATSC0v,47.683872494377994
AATSC1Z,-0.014557105407942266
AATSC1c,-0.00984383167773943
AATSC1d,0.24756788245574288
AATSC1i,0.07520046310719543
AATSC1m,-0.012428373759660745
AATSC1p,0.009642902480101028
AATSC1s,-0.10492996640198388
AATSC1v,1.322049483041099
AATSC2Z,0.6520905027491
AATSC2c,-0.003627296008366543
AATSC2d,-0.016621177959732645
AATSC2i,0.1604110844530368
AATSC2m,3.223463635864883
AATSC2p,0.04204904722498625
AATSC2s,-0.014969945554687437
AATSC2v,6.238900899159565
AATSC3Z,-0.31082080889067765
AATSC3c,0.0007347163612302816
AATSC3d,-0.11706780998962965
AATSC3i,0.04089842072675366
AATSC3m,-1.4249004185057308
AATSC3p,0.0020848525949533525
AATSC3s,0.10275468793090468
AATSC3v,-1.2588024850060457
AATSC4Z,0.970699648451406
AATSC4c,0.0025887307447604625
AATSC4d,-0.08634077963688146
AATSC4i,-0.25926835029508977
AATSC4m,4.20437460442162
AATSC4p,-0.038577530131001195
AATSC4s,-0.21899492939246268
AATSC4v,-7.26069279370212
AATSC5Z,-1.3686137736652062
AATSC5c,-0.00023255260302660762
AATSC5d,-0.06633350910205381
AATSC5i,-0.08010829075499178
AATSC5m,-6.314182438697315
AATSC5p,-0.009311645298714777
AATSC5s,-0.0007136863453926271
AATSC5v,-1.7258476385526111
AATSC6Z,-1.8761040861348366
AATSC6c,-0.0020410668303716636
AATSC6d,-0.049408117328160604
AATSC6i,-0.06228812477697895
AATSC6m,-8.713612313303978
AATSC6p,-0.007340009951757908
AATSC6s,-0.18408843987849818
AATSC6v,-5.702923115567333
AATSC7Z,0.11360592652867497
AATSC7c,0.0011673213315424166
AATSC7d,0.03483135273808112
AATSC7i,-0.23003075160599554
AATSC7m,0.33881059297778504
AATSC7p,-0.045070168045789095
AATSC7s,-0.17011411770026583
AATSC7v,-5.192557851772444
AATSC8Z,2.2068761282477
AATSC8c,-0.0007190280697156696
AATSC8d,0.03570067135660661
AATSC8i,0.04980299646898855
AATSC8m,10.493843473153603
AATSC8p,0.040760140834443154
AATSC8s,-0.17524374657712158
AATSC8v,10.606870386081518
ATS0are,349.2673999999999
ATS1are,363.82790000000006
ATS2are,588.064
ATS3are,750.8348999999998
ATS4are,839.0031
ATS5are,858.5340000000001
ATS6are,820.4900000000001
ATS7are,782.3462000000001
ATS8are,696.3280000000002
ATSC0dv,229.52061495457716
ATSC0pe,8.107611320754714
ATSC0se,6.0437700754716985
ATSC1dv,58.54802244988549
ATSC1pe,-0.039947597009608676
ATSC1se,-0.0946069462442149
ATSC2dv,3.764667361083615
ATSC2pe,-0.16816073335706389
ATSC2se,-0.2439953734425054
ATSC3dv,-22.418711460956647
ATSC3pe,0.3723150587397686
ATSC3se,0.1857257230331065
ATSC4dv,-74.45556390613946
ATSC4pe,0.93306699893201
ATSC4se,1.24200534603061
ATSC5dv,-81.89997319023071
ATSC5pe,-2.898513314346742
ATSC5se,-2.2364947554289785
ATSC6dv,-115.09121035120798
ATSC6pe,-4.747176183695261
ATSC6se,-3.0126450110359566
ATSC7dv,11.33487159878522
ATSC7pe,0.6445749733000993
ATSC7se,0.49123702812389847
ATSC8dv,15.838297535698759
ATSC8pe,0.6660890708437056
ATSC8se,-0.036939481666062354
AXp-0dv,0.5801721209182992
AXp-1dv,0.2972707313402896
AXp-2dv,0.15981453109510624
AXp-3dv,0.08548459663053846
AXp-4dv,0.04676981663432991
AXp-5dv,0.024237625271963784
AXp-6dv,0.014210018771887102
AXp-7dv,0.007153661613465642
BertzCT,1224.2738594942698
ECIndex,830
ETA_eta,27.748037326866342
GATS1dv,0.5144240815186243
GATS1pe,0.6609986330105837
GATS1se,0.6927587405164104
GATS2dv,0.8755781582022892
GATS2pe,0.7912364719995751
GATS2se,0.8015331169408498
GATS3dv,0.9629920014600245
GATS3pe,0.8338429797815445
GATS3se,0.8597094291899589
GATS4dv,1.0906656335123595
GATS4pe,0.9435819022202292
GATS4se,0.9387114217043091
GATS5dv,1.156044820311548
GATS5pe,1.1558258154503012
GATS5se,1.1458656724484395
GATS6dv,1.1987682412236866
GATS6pe,1.2430155091888528
GATS6se,1.2031346399773073
GATS7dv,0.9057816077977812
GATS7pe,0.8775733724814881
GATS7se,0.8606391451291514
GATS8dv,0.9599866236182416
GATS8pe,0.9439444258610472
GATS8se,0.9522315005238586
LogEE_A,4.4061353009912105
LogEE_D,214.71945871251245
MATS1dv,0.2458123574776642
MATS1pe,-0.004748002290120489
MATS1se,-0.015084407996179583
MATS2dv,0.009659135758866545
MATS2pe,-0.012214200151391056
MATS2se,-0.023774260530480592
MATS3dv,-0.04501600784657183
MATS3pe,0.021163900495085892
MATS3se,0.014162572724488192
MATS4dv,-0.13432020882301607
MATS4pe,0.04765251304737205
MATS4se,0.08509056965583892
MATS5dv,-0.14219564298453025
MATS5pe,-0.14246448348402838
MATS5se,-0.14746337816199423
MATS6dv,-0.20926307711432557
MATS6pe,-0.24435125749931755
MATS6se,-0.20802339269806433
MATS7dv,0.020773048278498244
MATS7pe,0.03344150724681071
MATS7se,0.03418916433906585
MATS8dv,0.03236564189011144
MATS8pe,0.038533354109685926
MATS8se,-0.0028666870809499743
MAXaaCH,1.6953634066795442
MAXaasC,0.6553263836398762
MAXaasN,1.1971784019372196
MAXdssC,-0.6658900304841853
MAXsCH3,1.5334039358308837
MAXssNH,2.5338100732206974
MDEC-11,0.16666666666666669
MDEC-12,2.445088635768556
MDEC-13,3.2539891262782143
MDEC-22,7.768862029644634
MDEC-23,22.940823222570216
MDEC-33,12.940312779984463
MDEN-22,0.43412681107162016
MDEN-23,0.6694329500821695
MDEO-11,0.8682536221432403
MDEO-12,0.47956629346778284
MINaaCH,1.4460672908261083
MINaasC,0.020877950566595915
MINaasN,1.1971784019372196
MINdssC,-0.819190017834498
MINsCH3,1.4447928247197728
MINssNH,1.5501856469682047
NddssSe,0
NssGeH2,0
NssPbH2,0
NssSiH2,0
NssSnH2,0
NsssGeH,0
NsssPbH,0
NsssSiH,0
NsssSnH,0
NsssdAs,0
NssssBe,0
NssssGe,0
NssssPb,0
NssssSi,0
NssssSn,0
NsssssP,0
SM1_DzZ,3.115546218487395
SM1_Dzi,2.029991096412976
SM1_Dzm,3.138698143977931
SM1_Dzp,-7.016308686166152
SM1_Dzv,-3.1056936437886247
SddssSe,0
SpAD_Dt,633.6469504619745
SpAbs_A,41.63205853655201
SpAbs_D,429.4389174250249
SpMAD_A,1.261577531410667
SpMAD_D,13.013300528031058
SpMax_A,2.426993788927516
SpMax_D,214.71945871251245
SssGeH2,0
SssPbH2,0
SssSiH2,0
SssSnH2,0
SsssGeH,0
SsssPbH,0
SsssSiH,0
SsssSnH,0
SsssdAs,0
SssssBe,0
SssssGe,0
SssssPb,0
SssssSi,0
SssssSn,0
SsssssP,0
TopoPSA,122.55
TpiPC10,8.671409940489447
VAdjMat,6.129283016944966
VE1_DzZ,5.6791615913370554
VE1_Dzi,5.675849185189523
VE1_Dzm,5.679200136634447
VE1_Dzp,5.639837844972192
VE1_Dzv,5.65914127605962
VE2_DzZ,0.17209580579809258
VE2_Dzi,0.17199542985422797
VE2_Dzm,0.17209697383740746
VE2_Dzp,0.17090417712036945
VE2_Dzv,0.17148912957756424
VE3_DzZ,2.9307260831515167
VE3_Dzi,2.930142656802272
VE3_Dzm,2.9307328702742224
VE3_Dzp,2.923777782677632
VE3_Dzv,2.9271946311665165
VR1_DzZ,212.87054893813945
VR1_Dzi,213.7083674094734
VR1_Dzm,212.85516543602188
VR1_Dzp,219.16566745613147
VR1_Dzv,216.57904923232743
VR2_DzZ,6.450622695095134
VR2_Dzi,6.476011133620406
VR2_Dzm,6.4501565283643
VR2_Dzp,6.6413838623070145
VR2_Dzv,6.56300149188871
VR3_DzZ,6.554606697961944
VR3_Dzi,6.5585347849653655
VR3_Dzm,6.554534428415591
VR3_Dzp,6.58375038471033
VR3_Dzv,6.571878072748578
Xch-3dv,0.0
Xch-4dv,0.0
Xch-5dv,0.0
Xch-6dv,0.06626779572375283
Xch-7dv,0.1335490952033506
Xpc-4dv,2.1350958009071896
Xpc-5dv,2.882580802326167
Xpc-6dv,3.4073991434132163
Zagreb1,168.0
Zagreb2,198.0
fragCpx,169.11
n10Ring,0
n11Ring,0
n12Ring,0
n3ARing,0
n3HRing,0
n3aRing,0
n4ARing,0
n4FRing,0
n4HRing,0
n4aRing,0
n5ARing,0
n5FRing,0
n5HRing,0
n5aRing,0
n6ARing,0
n6FRing,0
n6HRing,1
n6aRing,3
n7ARing,0
n7FRing,0
n7HRing,0
n7aRing,0
n8ARing,0
n8FRing,0
n8HRing,0
n8aRing,0
n9ARing,0
n9FRing,0
n9HRing,0
n9aRing,0
nAHRing,0
nBondsA,18
nBondsD,3
nBondsM,21
nBondsO,35
nBondsS,34
nBondsT,0
nFARing,0
nFHRing,0
nFaRing,0
nHetero,11
naHRing,1
AATS0are,6.589950943396224
AATS1are,6.615052727272729
AATS2are,6.534044444444444
AATS3are,6.528999130434781
AATS4are,6.55471171875
AATS5are,6.4551428571428575
AATS6are,6.460551181102363
AATS7are,6.209096825396826
AATS8are,6.162194690265489
AATSC0dv,4.3305776406523995
AATSC0pe,0.1529737985048059
AATSC0se,0.1140333976504094
AATSC1dv,1.064509499088827
AATSC1pe,-0.0007263199456292486
AATSC1se,-0.0017201262953493617
AATSC2dv,0.041829637345373503
AATSC2pe,-0.0018684525928562654
AATSC2se,-0.0027110597049167266
AATSC3dv,-0.19494531705179693
AATSC3pe,0.0032375222499110316
AATSC3se,0.0016150062872444043
AATSC4dv,-0.5816840930167145
AATSC4pe,0.007289585929156328
AATSC4se,0.00970316676586414
AATSC5dv,-0.6157892721069979
AATSC5pe,-0.021793333190577007
AATSC5se,-0.016815750040819387
AATSC6dv,-0.9062300027654171
AATSC6pe,-0.03737934002909655
AATSC6se,-0.023721614260125642
AATSC7dv,0.0899592984030573
AATSC7pe,0.005115674391270629
AATSC7se,0.0038987065724118927
AATSC8dv,0.14016192509467928
AATSC8pe,0.00589459354728943
AATSC8se,-0.0003268980678412598
AETA_eta,0.8408496159656468
ATSC0are,8.246388679245282
ATSC1are,0.03632306870772794
ATSC2are,-0.13804115343538348
ATSC3are,0.861192488430049
ATSC4are,0.21236507653969863
ATSC5are,-2.7741187611249525
ATSC6are,-4.746655891776427
ATSC7are,-0.013237237451058675
ATSC8are,-0.232968316126745
BCUTZ-1h,17.002127536846306
BCUTZ-1l,5.681904910071296
BCUTc-1h,0.4753698217541969
BCUTc-1l,-0.5258004388229687
BCUTd-1h,3.2767425789253775
BCUTd-1l,0.9771165141149202
BCUTi-1h,14.69270107495353
BCUTi-1l,10.942699764660079
BCUTm-1h,35.451528610962995
BCUTm-1l,11.693465096600738
BCUTp-1h,2.212704562083345
BCUTp-1l,0.7477634758084392
BCUTs-1h,7.010455737224576
BCUTs-1l,1.2543614790343323
BCUTv-1h,22.457066019208206
BCUTv-1l,14.696381130338452
BalabanJ,1.564249608593884
Diameter,15
ETA_beta,43.5
GATS1are,0.6928286753975115
GATS2are,0.8189049960602789
GATS3are,0.8157636766208981
GATS4are,0.9924476875068923
GATS5are,1.185611898934672
GATS6are,1.277081477219954
GATS7are,0.8789421278359829
GATS8are,0.9708183114012585
HybRatio,0.18181818181818182
Lipinski,True
LogEE_Dt,316.82347523098724
MATS1are,0.004244552519543887
MATS2are,-0.009857757696056528
MATS3are,0.048129844850772235
MATS4are,0.010663142124992177
MATS5are,-0.13405575947113482
MATS6are,-0.24021277299592417
MATS7are,-0.0006752100272287018
MATS8are,-0.013250445681513394
MAXssCH2,0.047594324766943696
MAXsssCH,-1.1212775048290926
MINssCH2,0.047594324766943696
MINsssCH,-1.1212775048290926
NsssssAs,0
RotRatio,0.2
SM1_Dzpe,2.3244174426351427
SM1_Dzse,2.2230943188667722
SMR_VSA1,19.533190346720982
SMR_VSA2,0.0
SMR_VSA3,20.577369945573757
SMR_VSA4,7.04767198267719
SMR_VSA5,12.462662452073971
SMR_VSA6,7.109797541277533
SMR_VSA7,80.18738674084483
SMR_VSA8,0.0
SMR_VSA9,16.876414816677897
SpAD_DzZ,336.57558003565066
SpAD_Dzi,335.6003195324379
SpAD_Dzm,336.5040134769525
SpAD_Dzp,434.60055013651277
SpAD_Dzv,398.3014408925161
SpAbs_Dt,633.6469504619746
SpDiam_A,4.853987577855032
SpDiam_D,324.50855936216055
SpMAD_Dt,19.201422741271955
SpMax_Dt,316.82347523098724
SsssssAs,0
VE1_Dzpe,5.676934476085276
VE1_Dzse,5.676685689993239
VE2_Dzpe,0.17202831745712957
VE2_Dzse,0.17202077848464362
VE3_Dzpe,2.93033385059781
VE3_Dzse,2.930290025617154
VMcGowan,334.71000000000095
VR1_Dzpe,213.4399889669718
VR1_Dzse,213.4858251026491
VR2_Dzpe,6.4678784535446
VR2_Dzse,6.469267427353003
VR3_Dzpe,6.557278179508218
VR3_Dzse,6.557492905975173
mZagreb1,12.583333333333332
mZagreb2,7.4722222222222205
n10ARing,0
n10FRing,0
n10HRing,0
n10aRing,0
n11ARing,0
n11FRing,0
n11HRing,0
n11aRing,0
n12ARing,0
n12FRing,0
n12HRing,0
n12aRing,0
n3AHRing,0
n3aHRing,0
n4AHRing,0
n4FARing,0
n4FHRing,0
n4FaRing,0
n4aHRing,0
n5AHRing,0
n5FARing,0
n5FHRing,0
n5FaRing,0
n5aHRing,0
n6AHRing,0
n6FARing,0
n6FHRing,0
n6FaRing,0
n6aHRing,1
n7AHRing,0
n7FARing,0
n7FHRing,0
n7FaRing,0
n7aHRing,0
n8AHRing,0
n8FARing,0
n8FHRing,0
n8FaRing,0
n8aHRing,0
n9AHRing,0
n9FARing,0
n9FHRing,0
n9FaRing,0
n9aHRing,0
nBondsKD,11
nBondsKS,44
nFAHRing,0
nFaHRing,0
nG12Ring,0
AATSC0are,0.15559223923104307
AATSC1are,0.0006604194310495989
AATSC2are,-0.001533790593726483
AATSC3are,0.00748863033417434
AATSC4are,0.0016591021604663956
AATSC5are,-0.020858035797931974
AATSC6are,-0.03737524324233407
AATSC7are,-0.00010505744008776726
AATSC8are,-0.0020616665143959735
AETA_beta,1.3181818181818181
BCUTdv-1h,6.024839749517201
BCUTdv-1l,0.7730833712270164
BCUTpe-1h,3.4957569917206364
BCUTpe-1l,2.2305630572153197
BCUTse-1h,3.7080763593769523
BCUTse-1l,2.426467249317115
ETA_alpha,15.695238095238096
ETA_dBeta,1.5
ETA_eta_B,0.6537556517014949
ETA_eta_F,39.56366715169898
ETA_eta_L,6.711444684815328
ETA_eta_R,67.31170447856532
ETA_psi_1,0.5248407643312105
LabuteASA,198.4056058371893
LogEE_DzZ,168.38220050929462
LogEE_Dzi,167.86167464792842
LogEE_Dzm,168.34711880344528
LogEE_Dzp,216.23719799459482
LogEE_Dzv,198.68016080325978
PEOE_VSA1,10.05365155780638
PEOE_VSA2,19.590864576992757
PEOE_VSA3,10.161899533266386
PEOE_VSA4,5.098681808301038
PEOE_VSA5,0.0
PEOE_VSA6,53.53371512277308
PEOE_VSA7,23.259637120317212
PEOE_VSA8,13.4684936056032
PEOE_VSA9,34.47881072376725
SM1_Dzare,2.4044579860465958
SpAD_Dzpe,338.7282316013383
SpAD_Dzse,340.6517433107937
SpAbs_DzZ,333.67273298010434
SpAbs_Dzi,333.8081731444502
SpAbs_Dzm,333.57920362810137
SpAbs_Dzp,439.4907046753559
SpAbs_Dzv,400.46601525030815
SpDiam_Dt,454.52642469342567
SpMAD_DzZ,10.199260001080322
SpMAD_Dzi,10.169706652498117
SpMAD_Dzm,10.197091317483409
SpMAD_Dzp,13.169713640500387
SpMAD_Dzv,12.069740633106548
SpMax_DzZ,168.38220050929462
SpMax_Dzi,167.86167464792842
SpMax_Dzm,168.34711880344528
SpMax_Dzp,216.23719799459482
SpMax_Dzv,198.68016080325978
VE1_Dzare,5.676958375800019
VE2_Dzare,0.17202904169090966
VE3_Dzare,2.930338060557346
VR1_Dzare,213.4236110267987
VR2_Dzare,6.467382152327233
VR3_Dzare,6.5572014433321595
n10AHRing,0
n10FARing,0
n10FHRing,0
n10FaRing,0
n10aHRing,0
n11AHRing,0
n11FARing,0
n11FHRing,0
n11FaRing,0
n11aHRing,0
n12AHRing,0
n12FARing,0
n12FHRing,0
n12FaRing,0
n12aHRing,0
n4FAHRing,0
n4FaHRing,0
n5FAHRing,0
n5FaHRing,0
n6FAHRing,0
n6FaHRing,0
n7FAHRing,0
n7FaHRing,0
n8FAHRing,0
n8FaHRing,0
n9FAHRing,0
n9FaHRing,0
nAromAtom,18
nAromBond,18
nG12ARing,0
nG12FRing,0
nG12HRing,0
nG12aRing,0
AETA_alpha,0.47561327561327565
AETA_dBeta,0.045454545454545456
AETA_eta_B,0.019810777324287723
AETA_eta_F,1.1988990045969388
AETA_eta_L,0.20337711166107056
AETA_eta_R,2.039748620562585
BCUTare-1h,3.549826319152391
BCUTare-1l,2.180885622011363
ETA_beta_s,21.0
ETA_dPsi_A,0.18915923566878945
ETA_dPsi_B,0.0
ETA_eta_BR,0.9117556517014949
ETA_eta_FL,9.049013225856273
ETA_eta_RL,15.760457910671601
LogEE_Dzpe,169.4345526928702
LogEE_Dzse,170.39323814990797
PEOE_VSA10,6.041840829147961
PEOE_VSA11,5.749511833283905
PEOE_VSA12,0.0
PEOE_VSA13,17.373626353755018
SlogP_VSA1,21.093015050979588
SlogP_VSA2,39.953735597352015
SlogP_VSA3,18.26303078967502
SlogP_VSA4,0.0
SlogP_VSA5,15.921440167465814
SlogP_VSA6,53.455950234916166
SlogP_VSA7,10.045266627482652
SlogP_VSA8,11.126902983393991
SlogP_VSA9,0.0
SpAD_Dzare,336.6607072266153
SpAbs_Dzpe,336.5834570279387
SpAbs_Dzse,338.5853319228193
SpDiam_DzZ,259.34557948767576
SpDiam_Dzi,257.5324545421958
SpDiam_Dzm,259.3132420854355
SpDiam_Dzp,321.16858333818664
SpDiam_Dzv,299.1934556320304
SpMAD_Dzpe,10.264491866707221
SpMAD_Dzse,10.322780100327082
SpMax_Dzpe,169.4345526928702
SpMax_Dzse,170.39323814990797
n10FAHRing,0
n10FaHRing,0
n11FAHRing,0
n11FaHRing,0
n12FAHRing,0
n12FaHRing,0
nG12AHRing,0
nG12FARing,0
nG12FHRing,0
nG12FaRing,0
nG12aHRing,0
nHeavyAtom,33
AETA_beta_s,0.6363636363636364
AETA_eta_BR,0.02762895914246954
AETA_eta_FL,0.2742125219956446
AETA_eta_RL,0.4775896336567152
DetourIndex,5052
EState_VSA1,17.85620028785097
EState_VSA2,27.588806637157667
EState_VSA3,22.439866308374892
EState_VSA4,0.0
EState_VSA5,37.16885016763621
EState_VSA6,35.811931940429254
EState_VSA7,0.0
EState_VSA8,10.415470412307368
EState_VSA9,33.14599575904237
ETA_beta_ns,22.5
ETA_shape_p,0.23968446601941748
ETA_shape_x,0.0
ETA_shape_y,0.3759101941747573
GhoseFilter,False
LogEE_Dzare,168.40321597652115
SlogP_VSA10,0.0
SlogP_VSA11,5.749511833283905
SpAbs_Dzare,334.465460336669
SpDiam_Dzpe,260.19917415346293
SpDiam_Dzse,261.5444442768994
SpMAD_Dzare,10.201839612927735
SpMax_Dzare,168.40321597652115
TopoPSA(NO),122.55
VSA_EState1,0.0
VSA_EState2,0.0
VSA_EState3,0.0
VSA_EState4,0.0
VSA_EState5,0.0
VSA_EState6,0.0
VSA_EState7,0.0
VSA_EState8,1.1971784019372196
VSA_EState9,74.88794088147803
nBridgehead,0
nG12FAHRing,0
nG12FaHRing,0
AETA_beta_ns,0.6818181818181818
EState_VSA10,14.383611552215466
ETA_dAlpha_A,0.0
ETA_dAlpha_B,0.024386724386724352
FilterItLogS,-6.0155012395475875
SpDiam_Dzare,258.7269529099077
ETA_beta_ns_d,2.0
ETA_epsilon_1,0.6774483378256954
ETA_epsilon_2,0.9062049062049058
ETA_epsilon_3,0.43894736842105175
ETA_epsilon_4,0.5985785358919674
ETA_epsilon_5,0.8556878306878304
AETA_beta_ns_d,0.06060606060606061
ETA_dEpsilon_A,0.2385009694046436
ETA_dEpsilon_B,0.07886980193372795
ETA_dEpsilon_C,-0.15963116747091566
ETA_dEpsilon_D,0.050517075517075405
PetitjeanIndex,0.4666666666666667
TopoShapeIndex,0.875
CDK Descriptors
FMFDescriptor,0.6666666666666666
MDEDescriptor,"0.16666666666666669,2.445088635768556,3.2539891262782143,0.0,7.768862029644634,22.940823222570216,0.0,12.940312779984463,0.0,0.0,0.8682536221432403,0.47956629346778284,0.0,0.0,0.0,0.0,0.43412681107162016,0.6694329500821695,0.0"
APolDescriptor,64.82585999999998
BCUTDescriptor,"11.84999999999999,34.9698555091247,-0.346379792131195,0.2563510996977226,4.2752751522162615,11.106972245160563"
BPolDescriptor,29.474139999999995
TPSADescriptor,122.55
ALOGPDescriptor,"3.4045999999999994,11.591301159999995,118.48899999999998"
XLogPDescriptor,3.897000000000001
VAdjMaDescriptor,6.129283016944966
WeightDescriptor,490.08107526
ChiPathDescriptor,"24.120591385700624,15.760457910671603,13.997356654751869,12.051375804211204,9.626518707528518,7.182968195537336,4.772078056080282,3.0810330385423823,19.145679990303872,10.404475596910135,7.830912023660205,5.556498780985003,3.788355147380722,2.3025744008365594,1.349951783329274,0.7153661613465638"
ChiChainDescriptor,"0.0,0.0,0.0,0.20693027063286604,0.464874397217231,0.0,0.0,0.0,0.06626779572375283,0.1335490952033506"
AtomCountDescriptor,53
BondCountDescriptor,35
SmallRingDescriptor,"3,3,3,3,0,0,0,3,0,0,0"
ChiClusterDescriptor,"2.2973077591616087,0.0,0.6648972951022977,0.0,1.0700990844655502,0.0,0.18281082699476336,0.0"
RuleOfFiveDescriptor,0
CarbonTypesDescriptor,"0,0,4,10,4,0,2,0,0"
ZagrebIndexDescriptor,168.0
LargestChainDescriptor,16
MannholdLogPDescriptor,2.67
WeightedPathDescriptor,"66.15525624959926,2.0047047348363414,29.887882235910556,12.827496104030928,11.986447094205896"
FractionalPSADescriptor,0.2500606658500009
WienerNumbersDescriptor,"3440.0,56.0"
AminoAcidCountDescriptor,"1,0,0,0,0,2,0,0,1,0,0,0,0,0,0,0,0,0,0,0"
ChiPathClusterDescriptor,"5.791335840851887,9.33712732185063,12.61157092973199,2.1350958009071896,2.882580802326164,3.0803360460322144"
FractionalCSP3Descriptor,0.18181818181818182
KierHallSmartsDescriptor,"0,0,0,0,0,0,2,0,1,0,0,8,1,0,0,2,7,0,0,0,0,0,0,2,0,0,0,0,1,0,0,1,0,1,3,1,0,0,0,0,0,0,0,0,0,0,0,0,0,0,0,0,0,2,0,0,0,0,0,0,0,0,0,0,0,0,0,0,0,0,0,0,0,0,0,0,0,0,0"
BasicGroupCountDescriptor,0
HBondDonorCountDescriptor,3
LargestPiSystemDescriptor,14
PetitjeanNumberDescriptor,0.4666666666666667
AcidicGroupCountDescriptor,0
KappaShapeIndicesDescriptor,"27.58530612244898,12.807996668054978,6.816568047337278"
AromaticAtomsCountDescriptor,18
AromaticBondsCountDescriptor,18
FragmentComplexityDescriptor,1969.11
HBondAcceptorCountDescriptor,5
HybridizationRatioDescriptor,0.18181818181818182
AutocorrelationDescriptorMass,"53.73816619850821,42.474534661964775,61.95565661037162,74.98965126823458,83.89346962926662"
PetitjeanShapeIndexDescriptor,"0.875,NaN"
RotatableBondsCountDescriptor,9
AutocorrelationDescriptorCharge,"0.790334845253054,-0.30415011960363886,-0.10915040762253482,-0.04543344302912096,0.1326982694910237"
EccentricConnectivityIndexDescriptor,830
AutocorrelationDescriptorPolarizability,"2321.4727733676937,2712.274818207133,3748.93688325212,4019.438627681786,3622.972990505669"
