DLiP-ID,C001QC
DLiP-Mol-ID,32761
Vendor-ID,
Standard Inchi(RDKit),"InChI=1S/C16H12N4OS2/c1-9-11(10-4-2-3-5-12(10)19-9)8-13-14(21)20(15(17)23-13)16-18-6-7-22-16/h2-8,17,19H,1H3/b13-8-,17-15?"
Standard Inchi Key(RDKit),RXQBEHGNWZBHIF-BPBFFJPSSA-N
Canonical SMILES(RDKit),Cc1[nH]c2ccccc2c1/C=C1\SC(=N)N(c2nccs2)C1=O
SMILES(SDF),
MW(SDF),
MW(RDKit),340.433
MW Monoisotopic(RDKit),340.045253004
MolLogP(RDKit),3.98849
XLogP(SDF),
XLogP(CDK),2.464
ALogP(SDF),
Num H Acceptors(SDF),
nHAcceptors(SDF),
HBA(RDKit),5
HBA Lipinski(RDKit),5
Num H Donors(SDF),
nHDonors(SDF),
HBD(RDKit),2
HBD Lipinski(RDKit),2
PSA(SDF),
PSA(RDKit),72.84
RO3 Pass,
Num RO5 Violations,0
Num Lipinski RO5 Violations,0
nBonds(SDF),
nRigidBonds(SDF),
nRotatableBonds(SDF),
nRotatableBonds(RDKit),2
nRings(SDF),
nRings(RDKit),4
Aromatic Rings(RDKit),3
nAtoms(SDF),
Heavy Atoms(RDKit),23
QED Weighted(RDKit),0.69290396495698
Molecular Formula(SDF),
PPI Type(SDF),
PDB ID(SDF),
Receptor Chain(SDF),
Protein Name Receptor(SDF),
Peptide Chain(SDF),
Protein Name Peptide(SDF),
ELM ID(SDF),
Motif Sequence(SDF),
Physical Form Apperance(SDF),
Quantity of Sample mg(SDF),
Box Num(SDF),
Box Position(SDF),
fCsp3(SDF),
nCarbons(SDF),
nHetAtoms(SDF),
nHalide(SDF),
Year(SDF),
No(SDF),
Target Pref Name,Menin/Histone-lysine N-methyltransferase MLL
Common Target Pref Name,MENIN/MLL
RDKit Descriptors
Ipc,353305.0650831089
qed,0.6929039649569805
Chi0,15.97432701575866
Chi1,11.147867045540844
TPSA,72.84
Chi0n,12.16062394671889
Chi0v,13.79361710857434
Chi1n,6.942858793782905
Chi1v,8.639008185965528
Chi2n,5.080303374938294
Chi2v,6.983968415906194
Chi3n,3.653012100279241
Chi3v,5.297921050140016
Chi4n,2.602580983305734
Chi4v,4.129466746279671
MolMR,95.93040000000002
MolWt,340.43300000000005
fr_SH,0
Kappa1,14.227443855972458
Kappa2,5.361305142150236
Kappa3,2.2859925503947203
fr_ArN,0
fr_COO,0
fr_C_O,1
fr_C_S,0
fr_NH0,2
fr_NH1,2
fr_NH2,0
fr_N_O,0
fr_azo,0
BertzCT,955.7891482098858
MolLogP,3.9884900000000014
NOCount,5
fr_Ar_N,2
fr_COO2,0
fr_urea,0
BalabanJ,1.7846142244137906
SMR_VSA1,4.794537184071822
SMR_VSA2,5.409283605791522
SMR_VSA3,9.967957041894417
SMR_VSA4,0.0
SMR_VSA5,6.923737199690624
SMR_VSA6,4.899909730850478
SMR_VSA7,52.00489061636094
SMR_VSA8,0.0
SMR_VSA9,0.0
fr_Al_OH,0
fr_Ar_NH,1
fr_Ar_OH,0
fr_HOCCN,0
fr_Imine,0
fr_amide,1
fr_azide,0
fr_diazo,0
fr_ester,0
fr_ether,0
fr_furan,0
fr_imide,0
fr_nitro,0
fr_oxime,0
fr_quatN,0
LabuteASA,140.0984267108152
NHOHCount,2
PEOE_VSA1,4.9839785209472085
PEOE_VSA2,10.203820789863343
PEOE_VSA3,9.883888251797686
PEOE_VSA4,0.0
PEOE_VSA5,11.336785877934737
PEOE_VSA6,18.19910120538483
PEOE_VSA7,30.828009324377227
PEOE_VSA8,33.7372107607055
PEOE_VSA9,4.905136513890047
RingCount,4
SMR_VSA10,56.28400584500968
fr_Al_COO,0
fr_Ar_COO,0
fr_ketone,0
fr_lactam,0
fr_phenol,0
ExactMolWt,340.045253004
NumHDonors,2
PEOE_VSA10,0.0
PEOE_VSA11,10.299210249417381
PEOE_VSA12,0.0
PEOE_VSA13,5.907179729351506
PEOE_VSA14,0.0
SlogP_VSA1,4.899909730850478
SlogP_VSA2,21.04278854082397
SlogP_VSA3,4.794537184071822
SlogP_VSA4,12.333020805482146
SlogP_VSA5,11.257379486545457
SlogP_VSA6,40.74751112981548
SlogP_VSA7,0.0
SlogP_VSA8,16.978945038914937
SlogP_VSA9,0.0
fr_amidine,1
fr_aniline,1
fr_benzene,1
fr_epoxide,0
fr_guanido,0
fr_halogen,0
fr_hdrzine,0
fr_hdrzone,0
fr_isocyan,0
fr_lactone,0
fr_methoxy,0
fr_nitrile,0
fr_nitroso,0
fr_oxazole,0
fr_sulfide,1
fr_sulfone,0
EState_VSA1,0.0
EState_VSA2,11.074831498929555
EState_VSA3,10.03669499372938
EState_VSA4,22.160304418626513
EState_VSA5,27.99858055817633
EState_VSA6,11.576906342078992
EState_VSA7,37.265225580370945
EState_VSA8,9.967957041894417
EState_VSA9,5.409283605791522
SlogP_VSA10,5.131558479839333
SlogP_VSA11,0.0
SlogP_VSA12,23.098670827325854
VSA_EState1,0.0
VSA_EState2,0.0
VSA_EState3,0.0
VSA_EState4,0.0
VSA_EState5,0.0
VSA_EState6,0.0
VSA_EState7,0.0
VSA_EState8,0.0
VSA_EState9,49.9811200775969
fr_aldehyde,0
fr_barbitur,0
fr_bicyclic,1
fr_priamide,0
fr_pyridine,0
fr_thiazole,1
fr_thiocyan,0
EState_VSA10,4.794537184071822
EState_VSA11,0.0
FractionCSP3,0.0625
VSA_EState10,2.5188799224030998
fr_C_O_noCOO,1
fr_Nhpyrrole,1
fr_imidazole,0
fr_phos_acid,0
fr_piperdine,0
fr_piperzine,0
fr_sulfonamd,0
fr_tetrazole,0
fr_thiophene,0
HallKierAlpha,-2.3799999999999994
NumHAcceptors,5
fr_morpholine,0
fr_nitro_arom,0
fr_phos_ester,0
HeavyAtomCount,23
HeavyAtomMolWt,328.33700000000005
MaxEStateIndex,12.640379188712522
MinEStateIndex,-0.194785997732426
NumHeteroatoms,7
fr_aryl_methyl,1
fr_isothiocyan,0
fr_Al_OH_noTert,0
fr_alkyl_halide,0
fr_allylic_oxid,0
fr_prisulfonamd,0
FpDensityMorgan1,1.3478260869565217
FpDensityMorgan2,2.1739130434782608
FpDensityMorgan3,2.9565217391304346
MaxPartialCharge,0.2726869224915993
MinPartialCharge,-0.35810901205684836
NumAromaticRings,3
fr_unbrch_alkane,0
MaxAbsEStateIndex,12.640379188712522
MinAbsEStateIndex,0.18860586209792563
NumAliphaticRings,1
NumRotatableBonds,2
NumSaturatedRings,1
fr_Ndealkylation1,0
fr_Ndealkylation2,0
fr_benzodiazepine,0
fr_ketone_Topliss,0
fr_term_acetylene,0
fr_alkyl_carbamate,0
fr_dihydropyridine,0
MaxAbsPartialCharge,0.35810901205684836
MinAbsPartialCharge,0.2726869224915993
NumRadicalElectrons,0
NumValenceElectrons,114
fr_para_hydroxylation,1
NumAromaticCarbocycles,1
fr_nitro_arom_nonortho,0
fr_phenol_noOrthoHbond,0
NumAliphaticCarbocycles,0
NumAromaticHeterocycles,2
NumSaturatedCarbocycles,0
NumAliphaticHeterocycles,1
NumSaturatedHeterocycles,1
Mordred Descriptors
MW,340.04525300400036
MZ,0.8380952380952381
Mi,1.1058334807116277
Mm,0.8097791310346468
Mp,0.7822671685201028
Mv,0.7249065627635137
SZ,29.333333333333336
Si,38.70417182490697
Sm,28.342269586212637
Sp,27.379350898203597
Sv,25.37172969672298
nB,0
nC,16
nF,0
nH,12
nI,0
nN,4
nO,1
nP,0
nS,2
nX,0
ABC,18.42986490843461
AMW,9.715578657257153
IC0,1.7858673024119986
IC1,3.9288255189162937
IC2,4.604582217613529
IC3,4.936286231168866
IC4,4.993429088311724
IC5,4.993429088311724
MID,47.53659288674704
Mpe,0.9855462184873947
Mse,1.0132556445739258
NdO,1
NdS,0
NsF,0
NsI,0
NtN,0
SMR,95.93040000000002
SdO,12.640379188712522
SdS,0
Spe,34.494117647058815
SsF,0
SsI,0
Sse,35.463947560087405
StN,0
fMF,0.5714285714285714
nBr,0
nCl,0
AMID,2.066808386380306
BIC0,0.321512059686041
BIC1,0.7073116703731692
BIC2,0.8289690453367794
BIC3,0.8886861589544963
BIC4,0.8989736633348788
BIC5,0.8989736633348788
CIC0,3.3434157145329677
CIC1,1.2004574980286726
CIC2,0.5247007993314377
CIC3,0.19299678577610013
CIC4,0.1358539286332423
CIC5,0.1358539286332423
GGI1,4.0
GGI2,2.88888888888889
GGI3,2.7083333333333335
GGI4,1.0622222222222224
GGI5,0.7925000000000001
GGI6,0.4679365079365079
GGI7,0.34725765306122447
GGI8,0.18368134290753335
GGI9,0.0693827160493827
JGI1,0.15384615384615385
JGI2,0.07602339181286552
JGI3,0.07523148148148147
JGI4,0.03124183006535948
JGI5,0.02556451612903226
JGI6,0.018717460317460313
JGI7,0.015784438775510203
JGI8,0.009667439100396491
JGI9,0.004955908289241622
MIC0,21.65484282568293
MIC1,41.99869116105559
MIC2,48.733136031634636
MIC3,49.69623653444128
MIC4,49.753836534441284
MIC5,49.753836534441284
MPC2,38
MPC3,54
MPC4,75
MPC5,84
MPC6,90
MPC7,105
MPC8,117
MPC9,117
Mare,0.9949714285714287
NaaN,1
NaaO,0
NaaS,1
NdNH,1
NdSe,0
NddC,0
NdsN,0
NsBr,0
NsCl,0
NsLi,0
NsOH,0
NsSH,0
NssO,0
NssS,1
NtCH,0
NtsC,0
RNCG,0.2012707264376659
RPCG,0.1532603010036036
SIC0,0.3481709425103379
SIC1,0.765959980359268
SIC2,0.897704845375455
SIC3,0.9623735354164469
SIC4,0.9735140509532348
SIC5,0.9735140509532348
SaaN,4.134096746340614
SaaO,0
SaaS,1.3498145879359802
Sare,34.824000000000005
SdNH,8.07446877362056
SdSe,0
SddC,0
SdsN,0
SsBr,0
SsCl,0
SsLi,0
SsOH,0
SsSH,0
SssO,0
SssS,1.1690653344671198
StCH,0
StsC,0
TIC0,62.50535558441995
TIC1,137.50889316207028
TIC2,161.1603776164735
TIC3,172.77001809091033
TIC4,174.77001809091036
TIC5,174.77001809091036
Vabc,269.23357449981376
WPol,36
apol,45.72351599999999
bpol,21.246484
nRot,2
ABCGG,15.865883669770486
ATS0Z,1360.0
ATS0d,140.0
ATS0i,5492.792673173688
ATS0m,5416.858101000001
ATS0p,72.26095885818798
ATS0s,160.31241426611797
ATS0v,9532.477304544818
ATS1Z,1310.0
ATS1d,176.0
ATS1i,5504.071587778601
ATS1m,5103.10181
ATS1p,84.26542769999999
ATS1s,125.14814814814815
ATS1v,11708.781791656058
ATS2Z,2080.0
ATS2d,274.0
ATS2i,9020.12508775868
ATS2m,8066.516054999999
ATS2p,125.56424829454699
ATS2s,186.98765432098767
ATS2v,17252.84900118137
ATS3Z,1950.0
ATS3d,264.0
ATS3i,10587.216952796487
ATS3m,7372.796330999999
ATS3p,128.69893502939598
ATS3s,222.5802469135803
ATS3v,17473.594435136747
ATS4Z,2187.0
ATS4d,264.0
ATS4i,11528.524186117244
ATS4m,8314.555122999998
ATS4p,134.12625989509402
ATS4s,260.82750342935526
ATS4v,17462.714864688536
ATS5Z,1857.0
ATS5d,231.0
ATS5i,10790.46024922077
ATS5m,7007.0769759999985
ATS5p,125.01154419479198
ATS5s,224.60802469135803
ATS5v,16186.8632025207
ATS6Z,1498.0
ATS6d,210.0
ATS6i,10940.923013131933
ATS6m,5381.971305999999
ATS6p,109.07087434049
ATS6s,218.85802469135805
ATS6v,13720.973507597015
ATS7Z,1257.0
ATS7d,177.0
ATS7i,9195.380222648952
ATS7m,4630.266599
ATS7p,85.22461731364099
ATS7s,200.53086419753086
ATS7v,11316.567341869522
ATS8Z,1169.0
ATS8d,141.0
ATS8i,7187.443750808327
ATS8m,4348.866931
ATS8p,75.04895591169799
ATS8s,161.60802469135805
ATS8v,9875.693234035572
C1SP1,0
C1SP2,3
C1SP3,1
C2SP1,0
C2SP2,8
C2SP3,0
C3SP2,2
C3SP3,0
C4SP3,0
FCSP3,0.0625
GGI10,0.01510458116518723
JGI10,0.0025174301941978715
JGT10,0.4135500500116991
Kier1,16.467455621301774
Kier2,6.718836565096953
Kier3,3.017832647462277
MAXdO,12.640379188712522
MID_C,33.63594314474603
MID_N,8.059921269606736
MID_O,1.7923493233253687
MID_X,0.0
MID_h,13.900649742000995
MINdO,12.640379188712522
MPC10,122
MWC01,26.0
MWC02,4.859812404361672
MWC03,5.746203190540153
MWC04,6.655440350367647
MWC05,7.557472901614746
MWC06,8.470730317005897
MWC07,9.377971213360134
MWC08,10.292247232072588
MWC09,11.202056645543111
MWC10,12.116700301832573
NaaCH,6
NaaNH,1
NaaSe,0
NaaaC,2
NaasC,3
NaasN,0
NdCH2,0
NddsN,0
NdsCH,1
NdssC,3
NdssS,0
NsCH3,1
NsNH2,0
NsNH3,0
NsPH2,0
NsSeH,0
NssBH,0
NssBe,0
NssNH,0
NssPH,0
NssSe,0
NsssB,0
NsssN,1
NsssP,0
SLogP,3.9884900000000014
SRW02,3.970291913552122
SRW03,0.0
SRW04,5.3230099791384085
SRW05,3.4339872044851463
SRW06,6.859614903654202
SRW07,5.820082930352362
SRW08,8.482394685873542
SRW09,7.9211727215870145
SRW10,10.153195134975888
SaaCH,11.426216138008614
SaaNH,3.3231030591248842
SaaSe,0
SaaaC,2.115075244604015
SaasC,2.5306635277567824
SaasN,0
SdCH2,0
SddsN,0
SdsCH,1.8643981481481482
SdssC,0.5336838099437311
SdssS,0
SsCH3,1.9865108759553203
SsNH2,0
SsNH3,0
SsPH2,0
SsSeH,0
SssBH,0
SssBe,0
SssNH,0
SssPH,0
SssSe,0
SsssB,0
SsssN,1.3525245653817082
SsssP,0
VE1_A,4.400568537265171
VE1_D,4.7317610269194565
VE2_A,0.19132906683761614
VE2_D,0.20572874030084592
VE3_A,2.3146428685268488
VE3_D,2.38720656627969
VR1_A,147.63042010913776
VR1_D,133.3083426194959
VR2_A,6.418713917788598
VR2_D,5.7960148964998215
VR3_A,5.827621112166531
VR3_D,5.725573933453932
WPath,1165
Xc-3d,1.547131248607927
Xc-4d,0.0
Xc-5d,0.5143200326267606
Xc-6d,0.0
Xp-0d,15.97432701575866
Xp-1d,11.147867045540844
Xp-2d,10.275003863109832
Xp-3d,9.124619370342899
Xp-4d,8.152544604077123
Xp-5d,5.896226502713596
Xp-6d,3.969364449514073
Xp-7d,2.9521052906257834
ZMIC0,74.64996981375917
ZMIC1,41.1313982530734
ZMIC2,28.61010573564424
ZMIC3,26.44352607461095
ZMIC4,26.264709902214097
ZMIC5,26.264709902214097
nAcid,0
nAtom,35
nBase,2
nRing,4
piPC1,3.624340932976365
piPC2,4.269697449699962
piPC3,4.908971640319756
piPC4,5.556345319715748
piPC5,5.9640612326326705
piPC6,6.315442762848618
piPC7,6.758811073995116
piPC8,7.146689129744263
piPC9,7.30789634365634
AATS0Z,38.857142857142854
AATS0d,4.0
AATS0i,156.9369335192482
AATS0m,154.76737431428575
AATS0p,2.0645988245196563
AATS0s,4.580354693317656
AATS0v,272.35649441556626
AATS1Z,34.473684210526315
AATS1d,4.631578947368421
AATS1i,144.84398915206845
AATS1m,134.29215289473686
AATS1p,2.2175112552631577
AATS1s,3.293372319688109
AATS1v,308.12583662252786
AATS2Z,34.09836065573771
AATS2d,4.491803278688525
AATS2i,147.87090307801117
AATS2m,132.2379681147541
AATS2p,2.058430299910606
AATS2s,3.065371382311273
AATS2v,282.83359018330117
AATS3Z,27.857142857142858
AATS3d,3.7714285714285714
AATS3i,151.24595646852126
AATS3m,105.32566187142855
AATS3p,1.8385562147056569
AATS3s,3.1797178130511474
AATS3v,249.62277764481067
AATS4Z,29.16
AATS4d,3.52
AATS4i,153.71365581489658
AATS4m,110.86073497333331
AATS4p,1.788350131934587
AATS4s,3.477700045724737
AATS4v,232.83619819584715
AATS5Z,26.154929577464788
AATS5d,3.2535211267605635
AATS5i,151.97831336930662
AATS5m,98.69122501408448
AATS5p,1.760725974574535
AATS5s,3.163493305512085
AATS5v,227.9839887678972
AATS6Z,21.4
AATS6d,3.0
AATS6i,156.29890018759903
AATS6m,76.88530437142855
AATS6p,1.5581553477212857
AATS6s,3.1265432098765435
AATS6v,196.01390725138592
AATS7Z,22.05263157894737
AATS7d,3.1052631578947367
AATS7i,161.32246004647283
AATS7m,81.23274735087719
AATS7p,1.495168724800719
AATS7s,3.518085336798787
AATS7v,198.53626915560565
AATS8Z,25.977777777777778
AATS8d,3.1333333333333333
AATS8i,159.72097224018506
AATS8m,96.64148735555554
AATS8p,1.6677545758155108
AATS8s,3.5912894375857345
AATS8v,219.45984964523495
AMID_C,1.4624323106411317
AMID_N,0.35043135954811894
AMID_O,0.07792823144892908
AMID_X,0.0
AMID_h,0.6043760757391737
ATS0dv,310.8888888888889
ATS0pe,224.23280000000003
ATS0se,272.915782
ATS1dv,329.0
ATS1pe,251.1125
ATS1se,298.44008799999995
ATS2dv,471.33333333333337
ATS2pe,399.75109999999995
ATS2se,479.43777
ATS3dv,438.66666666666663
ATS3pe,451.64770000000004
ATS3se,547.0638019999999
ATS4dv,396.44444444444446
ATS4pe,479.5048
ATS4se,584.706725
ATS5dv,352.0
ATS5pe,444.69970000000006
ATS5se,545.6175339999999
ATS6dv,324.6666666666667
ATS6pe,437.4692
ATS6se,542.0019339999999
ATS7dv,269.33333333333337
ATS7pe,365.29060000000004
ATS7se,449.311282
ATS8dv,209.0
ATS8pe,294.5493000000001
ATS8se,358.251708
ATSC0Z,474.97142857142853
ATSC0c,0.6620535101887537
ATSC0d,22.97142857142857
ATSC0i,65.94743941987663
ATSC0m,2105.855370685714
ATSC0p,12.528389846694973
ATSC0s,50.024103468547914
ATSC0v,1743.097964893773
ATSC1Z,18.088163265306132
ATSC1c,-0.47941119433087953
ATSC1d,10.488163265306122
ATSC1i,-1.693080811322511
ATSC1m,90.71187331265324
ATSC1p,1.191231753556545
ATSC1s,-5.568272164833013
ATSC1v,120.01590558813697
ATSC2Z,92.42122448979592
ATSC2c,0.3728877989641711
ATSC2d,2.535510204081635
ATSC2i,-5.959281914584137
ATSC2m,419.0876994906124
ATSC2p,-1.0912778103619496
ATSC2s,-2.7777427843565405
ATSC2v,97.76035590741341
ATSC3Z,-76.5142857142857
ATSC3c,-0.413986954383731
ATSC3d,-12.11428571428571
ATSC3i,-16.09296929196008
ATSC3m,-338.80281231428546
ATSC3p,-3.1273203946791988
ATSC3s,-4.20933764452283
ATSC3v,-269.2251478747324
ATSC4Z,201.43265306122447
ATSC4c,0.2549695484811328
ATSC4d,-8.195918367346936
ATSC4i,6.9533230306086296
ATSC4m,832.1093769020408
ATSC4p,1.9457045163837468
ATSC4s,14.882457098065563
ATSC4v,-135.3467797932512
ATSC5Z,66.9722448979592
ATSC5c,-0.1498314516846593
ATSC5d,-1.5420408163265305
ATSC5i,-14.136065993287469
ATSC5m,304.30717709469377
ATSC5p,0.30046379636288645
ATSC5s,-3.17244058117074
ATSC5v,-67.3408132866187
ATSC6Z,-251.94285714285715
ATSC6c,0.10458175711731865
ATSC6d,1.5428571428571423
ATSC6i,-19.35959411041734
ATSC6m,-1095.2490908
ATSC6p,-6.006832351447942
ATSC6s,2.2261414854007455
ATSC6v,-511.0141163016798
ATSC7Z,-32.182040816326534
ATSC7c,0.020897014915774795
ATSC7d,-3.6106122448979585
ATSC7i,7.070219632497694
ATSC7m,-124.18410983102056
ATSC7p,2.531835516121875
ATSC7s,-8.44634808655973
ATSC7v,292.18214772110906
ATSC8Z,-71.62040816326528
ATSC8c,0.043104102751458
ATSC8d,-4.763265306122449
ATSC8i,5.3614329368641735
ATSC8m,-333.0170069673468
ATSC8p,0.2206893363814938
ATSC8s,-16.248019372357998
ATSC8v,-234.1046496877155
AXp-0d,0.6945359572068983
AXp-1d,0.4287641171361863
AXp-2d,0.2703948385028903
AXp-3d,0.16897443278412774
AXp-4d,0.1087005947210283
AXp-5d,0.07019317265135233
AXp-6d,0.04410404943904526
AXp-7d,0.02811528848215032
GATS1Z,0.6913435236310218
GATS1c,1.6633675352862198
GATS1d,0.5842498036135113
GATS1i,1.024091107119574
GATS1m,0.6807082342414604
GATS1p,0.7085899408781748
GATS1s,0.695776600984663
GATS1v,0.7043567469293661
GATS2Z,0.7897627763139211
GATS2c,0.6259985125308756
GATS2d,1.019084903352092
GATS2i,1.0674490782793928
GATS2m,0.7762651120307499
GATS2p,0.9694367817314318
GATS2s,0.6521073260494568
GATS2v,0.8071902049311336
GATS3Z,0.9730209335899905
GATS3c,1.3875149536668663
GATS3d,1.3215174129353233
GATS3i,1.1045900733336866
GATS3m,0.9694485336274984
GATS3p,1.0372657946862565
GATS3s,0.9329595178495178
GATS3v,0.9650833388532246
GATS4Z,0.7167869746551172
GATS4c,0.8133507694963377
GATS4d,1.2038142620232173
GATS4i,0.917855959539896
GATS4m,0.7306193614073652
GATS4p,0.855763189982235
GATS4s,0.8954566679594002
GATS4v,0.9680909149424238
GATS5Z,0.8877331602705745
GATS5c,1.0051187258957106
GATS5d,1.011053885502067
GATS5i,1.0175718136963365
GATS5m,0.8861640491567553
GATS5p,0.9622145936596483
GATS5s,1.1025011306591788
GATS5v,1.0023498293747442
GATS6Z,1.4705245428296443
GATS6c,0.9063519288005688
GATS6d,0.9514925373134329
GATS6i,1.1112971535143643
GATS6m,1.4552943846019881
GATS6p,1.391823646013237
GATS6s,1.2352209203480193
GATS6v,1.196393208840344
GATS7Z,0.9676297637742095
GATS7c,1.1270237168710002
GATS7d,1.1814829361962118
GATS7i,0.9098428845029931
GATS7m,0.9717675954883784
GATS7p,0.8031732325075865
GATS7s,1.7169668062970216
GATS7v,0.8716069399679044
GATS8Z,1.0554552988985135
GATS8c,1.2699015255324075
GATS8d,1.1511885019347705
GATS8i,1.0212820605003359
GATS8m,1.0603876381994781
GATS8p,0.9073308292779999
GATS8s,1.6553041471505237
GATS8v,0.9879500108988462
MATS1Z,0.0350761106326934
MATS1c,-0.6669595966963028
MATS1d,0.4205289342759885
MATS1i,-0.0236463545887789
MATS1m,0.0396752838742527
MATS1p,0.08757606961944125
MATS1s,-0.10252401092988789
MATS1v,0.06341638158014865
MATS2Z,0.11164581328200193
MATS2c,0.32316423447119275
MATS2d,0.06333088655085235
MATS2i,-0.05184826196443278
MATS2m,0.1141864530645018
MATS2p,-0.04997793121121302
MATS2s,-0.03186037795730485
MATS2v,0.03217949227040632
MATS3Z,-0.08054619826756497
MATS3c,-0.31265369642531005
MATS3d,-0.2636815920398009
MATS3i,-0.12201360229848168
MATS3m,-0.08044303921117897
MATS3p,-0.12480935032142997
MATS3s,-0.042073094295127185
MATS3v,-0.0772260519193307
MATS4Z,0.19791065126724414
MATS4c,0.17972231467705993
MATS4d,-0.16650082918739628
MATS4i,0.04920409510202578
MATS4m,0.18439904023157458
MATS4p,0.07247503087706149
MATS4s,0.13883600433000487
MATS4v,-0.036235387707559547
MATS5Z,0.0695083639469154
MATS5c,-0.11156284746994231
MATS5d,-0.033091584331861816
MATS5i,-0.1056672298034261
MATS5m,0.07123498714401302
MATS5p,0.011822425528417686
MATS5s,-0.0312625124949081
MATS5v,-0.019044354495502576
MATS6Z,-0.2652189605389798
MATS6c,0.07898285826435845
MATS6d,0.03358208955223879
MATS6i,-0.1467804836754764
MATS6m,-0.26004850714020356
MATS6p,-0.23972882489095607
MATS6s,0.022250688478609185
MATS6v,-0.14658215619361983
MATS7Z,-0.04160440200597742
MATS7c,0.019381364480978217
MATS7d,-0.09651304879113204
MATS7i,0.0658306519620068
MATS7m,-0.03621017940496258
MATS7p,0.12408903795748724
MATS7s,-0.10367710220932379
MATS7v,0.1029259940171393
MATS8Z,-0.11728023740776383
MATS8c,0.050638525036406486
MATS8d,-0.1612769485903814
MATS8i,0.06323222602759551
MATS8m,-0.12299668403007617
MATS8p,0.013700664150016995
MATS8s,-0.2526251851503641
MATS8v,-0.10445849738150133
MAXaaN,4.134096746340614
MAXaaS,1.3498145879359802
MAXdNH,8.07446877362056
MAXssS,1.1690653344671198
MINaaN,4.134096746340614
MINaaS,1.3498145879359802
MINdNH,8.07446877362056
MINssS,1.1690653344671198
NddssS,0
NdssSe,0
NdsssP,0
NsAsH2,0
NsGeH3,0
NsPbH3,0
NsSiH3,0
NsSnH3,0
NssAsH,0
NssCH2,0
NssNH2,0
NsssAs,0
NsssCH,0
NsssNH,0
NssssB,0
NssssC,0
NssssN,0
Radius,6
SM1_Dt,0.0
SddssS,0
SdssSe,0
SdsssP,0
SpAD_A,30.216866649624524
SpAD_D,208.78299299691477
SsAsH2,0
SsGeH3,0
SsPbH3,0
SsSiH3,0
SsSnH3,0
SssAsH,0
SssCH2,0
SssNH2,0
SsssAs,0
SsssCH,0
SsssNH,0
SssssB,0
SssssC,0
SssssN,0
TMPC10,851
TMWC10,125.2786345566985
TSRW10,74.96374947361869
VE1_Dt,4.74088909319584
VE2_Dt,0.2061256127476452
VE3_Dt,2.389133813456771
VR1_Dt,131.89578886974857
VR2_Dt,5.734599516076025
VR3_Dt,5.714921255459915
Xc-3dv,0.8792334186544557
Xc-4dv,0.0
Xc-5dv,0.186288087952967
Xc-6dv,0.0
Xch-3d,0.0
Xch-4d,0.0
Xch-5d,0.3014724075610836
Xch-6d,0.6699520704470562
Xch-7d,1.0071237977356973
Xp-0dv,13.79361710857434
Xp-1dv,8.639008185965526
Xp-2dv,6.983968415906194
Xp-3dv,5.297921050140015
Xp-4dv,4.12946674627967
Xp-5dv,2.6007547846775316
Xp-6dv,1.5783981608366462
Xp-7dv,1.0372791401424744
Xpc-4d,4.124324540417622
Xpc-5d,7.353967078697294
Xpc-6d,10.906209087749332
n3Ring,0
n4Ring,0
n5Ring,3
n6Ring,1
n7Ring,0
n8Ring,0
n9Ring,0
nARing,1
nBonds,38
nFRing,1
nHBAcc,5
nHBDon,2
nHRing,3
nSpiro,0
naRing,3
piPC10,7.656069199475373
AATS0dv,8.882539682539683
AATS0pe,6.406651428571429
AATS0se,7.797593771428571
AATS1dv,8.657894736842104
AATS1pe,6.608223684210526
AATS1se,7.853686526315788
AATS2dv,7.726775956284154
AATS2pe,6.553296721311475
AATS2se,7.8596355737704915
AATS3dv,6.266666666666666
AATS3pe,6.45211
AATS3se,7.8151971714285695
AATS4dv,5.285925925925926
AATS4pe,6.393397333333334
AATS4se,7.796089666666667
AATS5dv,4.957746478873239
AATS5pe,6.263376056338029
AATS5se,7.684753999999998
AATS6dv,4.6380952380952385
AATS6pe,6.24956
AATS6se,7.74288477142857
AATS7dv,4.72514619883041
AATS7pe,6.4086070175438605
AATS7se,7.882654070175438
AATS8dv,4.644444444444445
AATS8pe,6.545540000000002
AATS8se,7.961149066666667
AATSC0Z,13.570612244897958
AATSC0c,0.018915814576821535
AATSC0d,0.6563265306122449
AATSC0i,1.884212554853618
AATSC0m,60.16729630530612
AATSC0p,0.35795399561985636
AATSC0s,1.4292600991013689
AATSC0v,49.802798996964945
AATSC1Z,0.4760042964554245
AATSC1c,-0.012616084061338935
AATSC1d,0.2760042964554243
AATSC1i,-0.04455475819269766
AATSC1m,2.3871545608592957
AATSC1p,0.03134820404096171
AATSC1s,-0.1465334780219214
AATSC1v,3.158313304950973
AATSC2Z,1.5151020408163265
AATSC2c,0.006112914737117559
AATSC2d,0.041565741050518606
AATSC2i,-0.09769314614072357
AATSC2m,6.87029015558381
AATSC2p,-0.017889800169868027
AATSC2s,-0.0455367669566646
AATSC2v,1.602628785367433
AATSC3Z,-1.0930612244897957
AATSC3c,-0.005914099348339015
AATSC3d,-0.17306122448979586
AATSC3i,-0.22989956131371544
AATSC3m,-4.8400401759183636
AATSC3p,-0.044676005638274265
AATSC3s,-0.06013339492175472
AATSC3v,-3.8460735410676055
AATSC4Z,2.685768707482993
AATSC4c,0.003399593979748437
AATSC4d,-0.10927891156462581
AATSC4i,0.09271097374144839
AATSC4m,11.094791692027211
AATSC4p,0.02594272688511662
AATSC4s,0.19843276130754084
AATSC4v,-1.8046237305766826
AATSC5Z,0.9432710549008338
AATSC5c,-0.0021103021364036524
AATSC5d,-0.021718884736993387
AATSC5i,-0.19909952103221787
AATSC5m,4.286016578798503
AATSC5p,0.004231884455815302
AATSC5s,-0.04468226170663014
AATSC5v,-0.9484621589664606
AATSC6Z,-3.599183673469388
AATSC6c,0.0014940251016759807
AATSC6d,0.022040816326530602
AATSC6i,-0.27656563014881913
AATSC6m,-15.646415582857143
AATSC6p,-0.0858118907349706
AATSC6s,0.03180202122001065
AATSC6v,-7.300201661452569
AATSC7Z,-0.5645972073039743
AATSC7c,0.00036661429676797887
AATSC7d,-0.06334407447189401
AATSC7i,0.12403894092101217
AATSC7m,-2.1786685935266767
AATSC7p,0.04441816694950658
AATSC7s,-0.14818154537824088
AATSC7v,5.126002591598405
AATSC8Z,-1.5915646258503395
AATSC8c,0.0009578689500323999
AATSC8d,-0.10585034013605442
AATSC8i,0.11914295415253719
AATSC8m,-7.400377932607706
AATSC8p,0.0049042074751443065
AATSC8s,-0.36106709716351104
AATSC8v,-5.2023255486158995
ATS0are,219.9368
ATS1are,244.30800000000002
ATS2are,389.55
ATS3are,441.35299999999995
ATS4are,469.57910000000004
ATS5are,434.61580000000004
ATS6are,428.9509
ATS7are,360.1909
ATS8are,289.74570000000006
ATSC0dv,131.06666666666666
ATSC0pe,3.1767542857142845
ATSC0se,1.9545403999999988
ATSC1dv,33.12444444444444
ATSC1pe,-0.22835322448979517
ATSC1se,-0.24721311999999987
ATSC2dv,15.582222222222228
ATSC2pe,1.271476816326532
ATSC2se,0.9940733599999995
ATSC3dv,-16.177777777777777
ATSC3pe,-0.49183142857142803
ATSC3se,-0.39009239999999984
ATSC4dv,-44.044444444444444
ATSC4pe,0.5392636734693894
ATSC4se,0.8868625999999996
ATSC5dv,2.026666666666665
ATSC5pe,0.0069698775510198055
ATSC5se,-0.13798344000000004
ATSC6dv,39.82222222222222
ATSC6pe,0.5090514285714276
ATSC6se,0.004326000000000163
ATSC7dv,-36.968888888888884
ATSC7pe,-1.077519836734693
ATSC7se,-0.8871592799999996
ATSC8dv,-61.48888888888889
ATSC8pe,-1.3948126530612226
ATSC8se,-0.7196279999999997
AXp-0dv,0.599722482981493
AXp-1dv,0.3322695456140587
AXp-2dv,0.18378864252384722
AXp-3dv,0.09810964907666696
AXp-4dv,0.055059556617062265
AXp-5dv,0.03096136648425633
AXp-6dv,0.0175377573426294
AXp-7dv,0.009878848953737852
BertzCT,955.7891482098858
ECIndex,444
ETA_eta,18.075681163408188
GATS1dv,0.5521943210008745
GATS1pe,0.7537973453398504
GATS1se,0.8171596113767774
GATS2dv,0.8226461873711012
GATS2pe,0.5524021513186598
GATS2se,0.5020487462817599
GATS3dv,0.9972872160054255
GATS3pe,0.9938189382874166
GATS3se,1.0458563046330485
GATS4dv,1.130451000339098
GATS4pe,0.9046890027317488
GATS4se,0.8058949647020174
GATS5dv,0.934525429961935
GATS5pe,0.9174516023998477
GATS5se,0.9818219979302453
GATS6dv,0.8978467277043064
GATS6pe,1.0138483663469633
GATS6se,1.1374021739330642
GATS7dv,1.325620341120689
GATS7pe,1.570440474797435
GATS7se,1.7453129744968416
GATS8dv,1.372631023699182
GATS8pe,1.534524306330031
GATS8se,1.5104754834208372
LogEE_A,4.0989028896271
LogEE_D,104.39149649845739
MATS1dv,0.2327773910870768
MATS1pe,-0.06620761929611213
MATS1se,-0.1164960799668516
MATS2dv,0.06821428769963703
MATS2pe,0.22964819202442885
MATS2se,0.2918179438274787
MATS3dv,-0.06171583587656833
MATS3pe,-0.07741099630890103
MATS3se,-0.09979133713480674
MATS4dv,-0.15682152141969027
MATS4pe,0.07921808182775379
MATS4se,0.21174758696895363
MATS5dv,0.007622540942501391
MATS5pe,0.0010815615001246053
MATS5se,-0.034801023112033334
MATS6dv,0.1519159036961682
MATS6pe,0.08012130980047907
MATS6se,0.0011066540246495202
MATS7dv,-0.17319579042553823
MATS7pe,-0.20827389466160878
MATS7se,-0.27870845049597825
MATS8dv,-0.36488828604800116
MATS8pe,-0.3414977011576952
MATS8se,-0.2863643374507208
MAXaaCH,2.02702013521458
MAXaaNH,3.3231030591248842
MAXaaaC,1.0741937253296383
MAXaasC,1.005860391996305
MAXdsCH,1.8643981481481482
MAXdssC,0.5398639455782315
MAXsCH3,1.9865108759553203
MAXsssN,1.3525245653817082
MDEC-12,1.3569826279851491
MDEC-13,2.402403838500518
MDEC-22,5.044753972987085
MDEC-23,14.35390211490239
MDEC-33,9.853089616704176
MDEN-12,0.37796447300922725
MDEN-13,0.4999999999999999
MDEN-22,0.12499999999999997
MDEN-23,0.5773502691896258
MINaaCH,1.6356610082304526
MINaaNH,3.3231030591248842
MINaaaC,1.0408815192743766
MINaasC,0.5338413065843624
MINdsCH,1.8643981481481482
MINdssC,-0.194785997732426
MINsCH3,1.9865108759553203
MINsssN,1.3525245653817082
NddssSe,0
NssGeH2,0
NssPbH2,0
NssSiH2,0
NssSnH2,0
NsssGeH,0
NsssPbH,0
NsssSiH,0
NsssSnH,0
NsssdAs,0
NssssBe,0
NssssGe,0
NssssPb,0
NssssSi,0
NssssSn,0
NsssssP,0
SM1_DzZ,2.0714285714285716
SM1_Dzi,0.900331537169308
SM1_Dzm,2.0699836978933206
SM1_Dzp,-2.3067456749974586
SM1_Dzv,-1.3611352406888049
SddssSe,0
SpAD_Dt,433.0439958277964
SpAbs_A,30.216866649624524
SpAbs_D,208.7829929969147
SpMAD_A,1.3137768108532402
SpMAD_D,9.07752143464847
SpMax_A,2.495540569035977
SpMax_D,104.39149649845739
SssGeH2,0
SssPbH2,0
SssSiH2,0
SssSnH2,0
SsssGeH,0
SsssPbH,0
SsssSiH,0
SsssSnH,0
SsssdAs,0
SssssBe,0
SssssGe,0
SssssPb,0
SssssSi,0
SssssSn,0
SsssssP,0
TopoPSA,126.38
TpiPC10,8.881362559992198
VAdjMat,5.700439718141092
VE1_DzZ,4.732495741038139
VE1_Dzi,4.741268468367014
VE1_Dzm,4.73248463014608
VE1_Dzp,4.725458425740205
VE1_Dzv,4.730964997297327
VE2_DzZ,0.20576068439296258
VE2_Dzi,0.20614210732030497
VE2_Dzm,0.2057602013106991
VE2_Dzp,0.2054547141626176
VE2_Dzv,0.20569413031727507
VE3_DzZ,2.3873618270969255
VE3_Dzi,2.389213832201221
VE3_Dzm,2.387359479307152
VE3_Dzp,2.3858737004952246
VE3_Dzv,2.3870383209723713
VR1_DzZ,132.53256117669193
VR1_Dzi,132.00112369416644
VR1_Dzm,132.53407764790524
VR1_Dzp,133.47974234865424
VR1_Dzv,132.9096833711499
VR2_DzZ,5.762285268551823
VR2_Dzi,5.739179291050715
VR2_Dzm,5.7623512020828365
VR2_Dzp,5.803467058637141
VR2_Dzv,5.778681885702169
VR3_DzZ,5.719737482900841
VR3_Dzi,5.715719558319835
VR3_Dzm,5.719748925089267
VR3_Dzp,5.7268588465546095
VR3_Dzv,5.722578948085393
Xch-3dv,0.0
Xch-4dv,0.0
Xch-5dv,0.19100241260567347
Xch-6dv,0.2899238347196894
Xch-7dv,0.3615665276987671
Xpc-4dv,1.9377742047324857
Xpc-5dv,3.0150288870656707
Xpc-6dv,3.921902314892646
Zagreb1,128.0
Zagreb2,156.0
fragCpx,170.07
n10Ring,0
n11Ring,0
n12Ring,0
n3ARing,0
n3HRing,0
n3aRing,0
n4ARing,0
n4FRing,0
n4HRing,0
n4aRing,0
n5ARing,1
n5FRing,0
n5HRing,3
n5aRing,2
n6ARing,0
n6FRing,0
n6HRing,0
n6aRing,1
n7ARing,0
n7FRing,0
n7HRing,0
n7aRing,0
n8ARing,0
n8FRing,0
n8HRing,0
n8aRing,0
n9ARing,0
n9FRing,1
n9HRing,0
n9aRing,0
nAHRing,1
nBondsA,15
nBondsD,3
nBondsM,18
nBondsO,26
nBondsS,20
nBondsT,0
nFARing,0
nFHRing,1
nFaRing,1
nHetero,7
naHRing,2
AATS0are,6.283908571428571
AATS1are,6.429157894736843
AATS2are,6.386065573770492
AATS3are,6.3050428571428565
AATS4are,6.261054666666667
AATS5are,6.121349295774649
AATS6are,6.12787
AATS7are,6.319138596491228
AATS8are,6.438793333333335
AATSC0dv,3.7447619047619045
AATSC0pe,0.09076440816326527
AATSC0se,0.05584401142857139
AATSC1dv,0.8716959064327485
AATSC1pe,-0.0060092953813103995
AATSC1se,-0.006505608421052628
AATSC2dv,0.2554462659380693
AATSC2pe,0.02084388223486118
AATSC2se,0.016296284590163926
AATSC3dv,-0.2311111111111111
AATSC3pe,-0.007026163265306115
AATSC3se,-0.005572748571428569
AATSC4dv,-0.5872592592592593
AATSC4pe,0.0071901823129251925
AATSC4se,0.011824834666666662
AATSC5dv,0.028544600938967112
AATSC5pe,9.816728945098317e-05
AATSC5se,-0.0019434287323943668
AATSC6dv,0.5688888888888889
AATSC6pe,0.007272163265306109
AATSC6se,6.180000000000233e-05
AATSC7dv,-0.6485769980506821
AATSC7pe,-0.018903856784819175
AATSC7se,-0.015564197894736835
AATSC8dv,-1.3664197530864197
AATSC8pe,-0.030995836734693836
AATSC8se,-0.015991733333333327
AETA_eta,0.7858991810177473
ATSC0are,3.3812685714285693
ATSC1are,-0.30004016326530625
ATSC2are,1.2453433469387742
ATSC3are,-0.6381828571428569
ATSC4are,0.5673359183673465
ATSC5are,-0.14336195918367342
ATSC6are,0.7898199999999996
ATSC7are,-1.149320244897959
ATSC8are,-1.4220281632653051
BCUTZ-1h,16.004888208769575
BCUTZ-1l,5.672821234446698
BCUTc-1h,0.4224021324861475
BCUTc-1l,-0.36325265344063223
BCUTd-1h,3.2697175920749646
BCUTd-1l,0.9773099982802568
BCUTi-1h,14.556311687373857
BCUTi-1l,10.311887752034398
BCUTm-1h,32.06282323858136
BCUTm-1l,11.684105122032525
BCUTp-1h,2.9363521295437502
BCUTp-1l,0.7518151060421304
BCUTs-1h,7.008270201891776
BCUTs-1l,0.6102150102281023
BCUTv-1h,24.44090345760588
BCUTv-1l,14.702708946552633
BalabanJ,1.4197970079305475
Diameter,11
ETA_beta,31.25
GATS1are,0.7974724172571082
GATS2are,0.5907298847304292
GATS3are,1.0282434149820354
GATS4are,0.9166433449040823
GATS5are,0.9305562385572097
GATS6are,0.9740448217237149
GATS7are,1.6070730553471737
GATS8are,1.5663963257520708
HybRatio,0.0625
Lipinski,True
LogEE_Dt,216.5219979138982
MATS1are,-0.08173050324663493
MATS2are,0.21132342774389892
MATS3are,-0.09437032931004766
MATS4are,0.0783010152289983
MATS5are,-0.020900850327935216
MATS6are,0.11679344354274478
MATS7are,-0.2087154399259444
MATS8are,-0.32710264842837233
NsssssAs,0
RotRatio,0.07692307692307693
SM1_Dzpe,0.9267135862913101
SM1_Dzse,0.9522589809865211
SMR_VSA1,4.794537184071822
SMR_VSA2,5.409283605791522
SMR_VSA3,9.967957041894417
SMR_VSA4,0.0
SMR_VSA5,6.923737199690624
SMR_VSA6,4.899909730850478
SMR_VSA7,52.00489061636094
SMR_VSA8,0.0
SMR_VSA9,0.0
SpAD_DzZ,142.42021479559568
SpAD_Dzi,154.58872699875857
SpAD_Dzm,142.4257072125049
SpAD_Dzp,183.06419090865742
SpAD_Dzv,178.87443506835226
SpAbs_Dt,433.0439958277965
SpDiam_A,4.788340590264836
SpDiam_D,156.3266972592603
SpMAD_Dt,18.827999818599842
SpMax_Dt,216.5219979138982
SsssssAs,0
VE1_Dzpe,4.740253577270496
VE1_Dzse,4.739764491935272
VE2_Dzpe,0.20609798162045637
VE2_Dzse,0.20607671704066402
VE3_Dzpe,2.3889997545256096
VE3_Dzse,2.3888965721620132
VMcGowan,232.64999999999986
VR1_Dzpe,132.02268358419767
VR1_Dzse,132.04805173706794
VR2_Dzpe,5.740116677573812
VR2_Dzse,5.741219640742084
VR3_Dzpe,5.7158828760925875
VR3_Dzse,5.716075007590366
mZagreb1,6.75
mZagreb2,4.944444444444443
n10ARing,0
n10FRing,0
n10HRing,0
n10aRing,0
n11ARing,0
n11FRing,0
n11HRing,0
n11aRing,0
n12ARing,0
n12FRing,0
n12HRing,0
n12aRing,0
n3AHRing,0
n3aHRing,0
n4AHRing,0
n4FARing,0
n4FHRing,0
n4FaRing,0
n4aHRing,0
n5AHRing,1
n5FARing,0
n5FHRing,0
n5FaRing,0
n5aHRing,2
n6AHRing,0
n6FARing,0
n6FHRing,0
n6FaRing,0
n6aHRing,0
n7AHRing,0
n7FARing,0
n7FHRing,0
n7FaRing,0
n7aHRing,0
n8AHRing,0
n8FARing,0
n8FHRing,0
n8FaRing,0
n8aHRing,0
n9AHRing,0
n9FARing,0
n9FHRing,1
n9FaRing,1
n9aHRing,0
nBondsKD,9
nBondsKS,29
nFAHRing,0
nFaHRing,1
nG12Ring,0
AATSC0are,0.0966076734693877
AATSC1are,-0.007895793770139638
AATSC2are,0.02041546470391433
AATSC3are,-0.00911689795918367
AATSC4are,0.00756447891156462
AATSC5are,-0.00201918252371371
AATSC6are,0.011283142857142853
AATSC7are,-0.020163513068385243
AATSC8are,-0.03160062585034011
AETA_beta,1.358695652173913
BCUTdv-1h,6.022019720983956
BCUTdv-1l,0.6502653366612023
BCUTpe-1h,3.4890948996428337
BCUTpe-1l,2.221741636907314
BCUTse-1h,3.702007062958024
BCUTse-1l,2.4179193914519117
ETA_alpha,11.600000000000001
ETA_dBeta,0.75
ETA_eta_B,0.26634651683225385
ETA_eta_F,20.51535789166827
ETA_eta_L,5.179748426417642
ETA_eta_R,38.59103905507646
ETA_psi_1,0.610526315789474
LabuteASA,140.0984267108152
LogEE_DzZ,71.04064438554647
LogEE_Dzi,77.33350834882143
LogEE_Dzm,71.04224469879247
LogEE_Dzp,91.09740395829027
LogEE_Dzv,89.25967815495585
PEOE_VSA1,4.9839785209472085
PEOE_VSA2,10.203820789863343
PEOE_VSA3,9.883888251797686
PEOE_VSA4,0.0
PEOE_VSA5,11.336785877934737
PEOE_VSA6,18.19910120538483
PEOE_VSA7,30.828009324377227
PEOE_VSA8,33.7372107607055
PEOE_VSA9,4.905136513890047
SM1_Dzare,0.9792049676174203
SpAD_Dzpe,155.71259125931152
SpAD_Dzse,155.6270163088143
SpAbs_DzZ,140.88915889497457
SpAbs_Dzi,153.7666851604736
SpAbs_Dzm,140.89571926188808
SpAbs_Dzp,184.55800197835487
SpAbs_Dzv,179.88049155060048
SpDiam_Dt,308.4046395881588
SpMAD_DzZ,6.192183251982421
SpMAD_Dzi,6.721248999946025
SpMAD_Dzm,6.192422052717604
SpMAD_Dzp,7.959312648202497
SpMAD_Dzv,7.777149350797925
SpMax_DzZ,71.04064438554647
SpMax_Dzi,77.33350834882143
SpMax_Dzm,71.04224469879247
SpMax_Dzp,91.09740395829027
SpMax_Dzv,89.25967815495585
VE1_Dzare,4.7405544961886115
VE2_Dzare,0.20611106505167875
VE3_Dzare,2.389063234118464
VR1_Dzare,131.99487568696549
VR2_Dzare,5.738907638563717
VR3_Dzare,5.715672224214646
n10AHRing,0
n10FARing,0
n10FHRing,0
n10FaRing,0
n10aHRing,0
n11AHRing,0
n11FARing,0
n11FHRing,0
n11FaRing,0
n11aHRing,0
n12AHRing,0
n12FARing,0
n12FHRing,0
n12FaRing,0
n12aHRing,0
n4FAHRing,0
n4FaHRing,0
n5FAHRing,0
n5FaHRing,0
n6FAHRing,0
n6FaHRing,0
n7FAHRing,0
n7FaHRing,0
n8FAHRing,0
n8FaHRing,0
n9FAHRing,0
n9FaHRing,1
nAromAtom,14
nAromBond,15
nG12ARing,0
nG12FRing,0
nG12HRing,0
nG12aRing,0
AETA_alpha,0.5043478260869566
AETA_dBeta,0.03260869565217391
AETA_eta_B,0.011580283340532776
AETA_eta_F,0.8919720822464465
AETA_eta_L,0.22520645332250616
AETA_eta_R,1.677871263264194
BCUTare-1h,3.5438431284481524
BCUTare-1l,2.171544302804996
ETA_beta_s,15.25
ETA_dPsi_A,0.10347368421052594
ETA_dPsi_B,0.0
ETA_eta_BR,0.6103465168322538
ETA_eta_FL,5.9681186191232
ETA_eta_RL,11.147867045540842
LogEE_Dzpe,77.89658752471192
LogEE_Dzse,77.85491071879785
PEOE_VSA10,0.0
PEOE_VSA11,10.299210249417381
PEOE_VSA12,0.0
PEOE_VSA13,5.907179729351506
SlogP_VSA1,4.899909730850478
SlogP_VSA2,21.04278854082397
SlogP_VSA3,4.794537184071822
SlogP_VSA4,12.333020805482146
SlogP_VSA5,11.257379486545457
SlogP_VSA6,40.74751112981548
SlogP_VSA7,0.0
SlogP_VSA8,16.978945038914937
SlogP_VSA9,0.0
SpAD_Dzare,155.1448170954942
SpAbs_Dzpe,154.8664614631325
SpAbs_Dzse,154.75756245660926
SpDiam_DzZ,108.33949173338004
SpDiam_Dzi,118.27288455933494
SpDiam_Dzm,108.33843596506813
SpDiam_Dzp,138.18849348486657
SpDiam_Dzv,135.05276353398042
SpMAD_Dzpe,6.7701126634483275
SpMAD_Dzse,6.766392013426708
SpMax_Dzpe,77.89658752471192
SpMax_Dzse,77.85491071879785
n10FAHRing,0
n10FaHRing,0
n11FAHRing,0
n11FaHRing,0
n12FAHRing,0
n12FaHRing,0
nG12AHRing,0
nG12FARing,0
nG12FHRing,0
nG12FaRing,0
nG12aHRing,0
nHeavyAtom,23
AETA_beta_s,0.6630434782608695
AETA_eta_BR,0.02653680507966321
AETA_eta_FL,0.25948341822274784
AETA_eta_RL,0.484689871545254
DetourIndex,2426
EState_VSA1,0.0
EState_VSA2,11.074831498929555
EState_VSA3,10.03669499372938
EState_VSA4,22.160304418626513
EState_VSA5,27.99858055817633
EState_VSA6,11.576906342078992
EState_VSA7,37.265225580370945
EState_VSA8,9.967957041894417
EState_VSA9,5.409283605791522
ETA_beta_ns,16.0
ETA_shape_p,0.10632183908045977
ETA_shape_x,0.0
ETA_shape_y,0.3793103448275862
GhoseFilter,True
LogEE_Dzare,77.61498267677396
SlogP_VSA10,5.131558479839333
SlogP_VSA11,0.0
SpAbs_Dzare,154.25076038593056
SpDiam_Dzpe,118.96495314482036
SpDiam_Dzse,118.8676672199491
SpMAD_Dzare,6.745426830238879
SpMax_Dzare,77.61498267677396
TopoPSA(NO),72.84
VSA_EState1,0.0
VSA_EState2,0.0
VSA_EState3,0.0
VSA_EState4,0.0
VSA_EState5,0.0
VSA_EState6,0.0
VSA_EState7,0.0
VSA_EState8,0.0
VSA_EState9,49.9811200775969
nBridgehead,0
nG12FAHRing,0
nG12FaHRing,0
AETA_beta_ns,0.6956521739130435
EState_VSA10,4.794537184071822
ETA_dAlpha_A,0.004347826086956583
ETA_dAlpha_B,0.0
FilterItLogS,-4.3725562039068375
SpDiam_Dzare,118.61866251254534
ETA_beta_ns_d,0.0
ETA_epsilon_1,0.6457142857142858
ETA_epsilon_2,0.8260869565217388
ETA_epsilon_3,0.4460317460317464
ETA_epsilon_4,0.5574468085106385
ETA_epsilon_5,0.7839999999999998
AETA_beta_ns_d,0.0
ETA_dEpsilon_A,0.1996825396825394
ETA_dEpsilon_B,0.08826747720364725
ETA_dEpsilon_C,-0.11141506247889216
ETA_dEpsilon_D,0.042086956521738994
PetitjeanIndex,0.45454545454545453
TopoShapeIndex,0.8333333333333334
CDK Descriptors
FMFDescriptor,0.8695652173913043
MDEDescriptor,"0.0,1.3569826279851491,2.402403838500518,0.0,5.044753972987085,14.35390211490239,0.0,9.853089616704176,0.0,0.0,0.0,0.0,0.0,0.0,0.37796447300922725,0.4999999999999999,0.12499999999999997,0.5773502691896258,0.0"
APolDescriptor,47.163515999999994
BCUTDescriptor,"11.988464892427078,31.97307317742008,-0.34681317468136824,0.32618664125747404,6.346769971751804,12.508683574450654"
BPolDescriptor,22.596484
TPSADescriptor,126.38
ALOGPDescriptor,"3.7488000000000006,14.053501440000005,95.014"
XLogPDescriptor,2.464
VAdjMaDescriptor,5.700439718141093
WeightDescriptor,340.0452531
ChiPathDescriptor,"15.97432701575866,11.147867045540842,10.275003863109838,9.124619370342897,8.152544604077127,5.896226502713598,3.9693644495140745,2.952105290625782,13.79361710857434,8.639008185965524,6.983968415906194,5.297921050140018,4.129466746279667,2.600754784677531,1.5783981608366462,1.0372791401424746"
ChiChainDescriptor,"0.0,0.0,0.3014724075610837,0.6699520704470563,1.0071237977356975,0.0,0.0,0.19100241260567347,0.2899238347196894,0.36156652769876724"
AtomCountDescriptor,35
BondCountDescriptor,26
SmallRingDescriptor,"4,3,3,2,0,0,3,1,0,0,0"
ChiClusterDescriptor,"1.5471312486079267,0.0,0.5143200326267606,0.0,0.8792334186544557,0.0,0.186288087952967,0.0"
RuleOfFiveDescriptor,0
CarbonTypesDescriptor,"0,0,3,8,2,1,0,0,0"
ZagrebIndexDescriptor,128.0
LargestChainDescriptor,12
MannholdLogPDescriptor,2.4499999999999997
WeightedPathDescriptor,"47.536592886747066,2.0668083863803073,20.801299484001994,2.584698646650738,12.11984253921347"
FractionalPSADescriptor,0.37165641586778553
WienerNumbersDescriptor,"1165.0,36.0"
AminoAcidCountDescriptor,"0,0,0,0,0,0,0,0,0,0,0,0,0,0,0,0,0,0,0,0"
ChiPathClusterDescriptor,"4.124324540417621,7.353967078697291,9.864771749529536,1.9377742047324864,3.01502888706567,3.5677380429163947"
FractionalCSP3Descriptor,0.0625
KierHallSmartsDescriptor,"0,0,0,0,0,0,1,0,0,0,1,6,0,0,0,3,3,2,0,0,0,0,1,0,1,0,0,0,1,1,0,0,0,0,1,0,0,0,0,0,0,0,0,0,0,0,0,0,0,1,1,0,0,0,0,0,0,0,0,0,0,0,0,0,0,0,0,0,0,0,0,0,0,0,0,0,0,0,0"
BasicGroupCountDescriptor,2
HBondDonorCountDescriptor,2
LargestPiSystemDescriptor,21
PetitjeanNumberDescriptor,0.45454545454545453
AcidicGroupCountDescriptor,0
KappaShapeIndicesDescriptor,"16.467455621301774,6.718836565096953,3.017832647462277"
AromaticAtomsCountDescriptor,14
AromaticBondsCountDescriptor,15
FragmentComplexityDescriptor,938.07
HBondAcceptorCountDescriptor,4
HybridizationRatioDescriptor,0.0625
AutocorrelationDescriptorMass,"37.46989631754688,34.340688260788056,54.06578247358233,48.05981746624674,54.55032378425"
PetitjeanShapeIndexDescriptor,"0.8333333333333334,NaN"
RotatableBondsCountDescriptor,2
AutocorrelationDescriptorCharge,"0.34664795053905223,-0.24043832454999475,0.20191220088684586,-0.2768160955147479,0.21247941262644707"
EccentricConnectivityIndexDescriptor,444
AutocorrelationDescriptorPolarizability,"2099.190765964122,2541.7817938028315,3709.9044684966725,3356.2791301149937,3042.2727353542714"
